deposit_id,player_id,deposit_ts,amount,currency,status,is_currency_valid,is_confirmed,amount_brl,_ingested_at
D0001137,P00195,2024-01-01T04:17:00.000Z,216.54,EUR,confirmed,true,true,1145.22,2026-07-31T13:00:01.297Z
D0000420,P00111,2023-11-30T04:39:00.000Z,1291.94,BRL,confirmed,true,true,1291.94,2026-07-31T13:00:01.297Z
D0000719,P00164,2024-02-15T21:30:00.000Z,35.98,EUR,failed,true,false,189.24,2026-07-31T13:00:01.297Z
D0000986,P00218,2023-10-06T00:12:00.000Z,241.90,BRL,confirmed,true,true,241.9,2026-07-31T13:00:01.297Z
D0000696,P00157,2024-02-10T01:54:00.000Z,1545.84,BRL,confirmed,true,true,1545.84,2026-07-31T13:00:01.297Z
D0000278,P00071,2024-02-02T13:12:00.000Z,252.04,EUR,pending,true,false,1321.6,2026-07-31T13:00:01.297Z
D0000046,P00011,2024-02-13T10:58:00.000Z,172.94,EUR,confirmed,true,true,905.65,2026-07-31T13:00:01.297Z
D0000446,P00115,2023-10-21T19:42:00.000Z,242.57,BRL,confirmed,true,true,242.57,2026-07-31T13:00:01.297Z
D0000568,P00139,2023-10-03T05:52:00.000Z,1949.09,BRL,confirmed,true,true,1949.09,2026-07-31T13:00:01.297Z
D0000514,P00134,2023-09-10T18:45:00.000Z,1398.85,BRL,failed,true,false,1398.85,2026-07-31T13:00:01.297Z
D0000661,P00151,2024-01-26T12:00:00.000Z,1203.95,BRL,confirmed,true,true,1203.95,2026-07-31T13:00:01.297Z
D0000416,P00111,2023-12-24T03:45:00.000Z,309.94,EUR,confirmed,true,true,1650.65,2026-07-31T13:00:01.297Z
D0000978,P00217,2024-02-29T16:33:00.000Z,1061.84,BRL,confirmed,true,true,1061.84,2026-07-31T13:00:01.297Z
D0000608,P00143,2024-02-08T00:00:00.000Z,1986.77,BRL,confirmed,true,true,1986.77,2026-07-31T13:00:01.297Z
D0001040,P00227,2024-01-31T06:13:00.000Z,496.57,BRL,confirmed,true,true,496.57,2026-07-31T13:00:01.297Z
D0000187,P00048,2023-10-04T23:40:00.000Z,1977.15,BRL,confirmed,true,true,1977.15,2026-07-31T13:00:01.297Z
D0000274,P00071,2023-10-29T13:56:00.000Z,53.65,EUR,confirmed,true,true,284.8,2026-07-31T13:00:01.297Z
D0000087,P00026,2024-03-05T23:58:00.000Z,1984.08,BRL,confirmed,true,true,1984.08,2026-07-31T13:00:01.297Z
D0000504,P00129,2024-02-15T23:55:00.000Z,32.49,EUR,pending,true,false,170.88,2026-07-31T13:00:01.297Z
D0000220,P00054,2023-09-28T03:14:00.000Z,1804.20,BRL,confirmed,true,true,1804.2,2026-07-31T13:00:01.297Z
D0000234,P00060,2024-02-10T23:13:00.000Z,16.50,EUR,confirmed,true,true,86.97,2026-07-31T13:00:01.297Z
D0000716,P00162,2024-03-20T06:09:00.000Z,133.26,EUR,confirmed,true,true,707.2,2026-07-31T13:00:01.297Z
D0000148,P00037,2023-11-26T21:49:00.000Z,671.81,BRL,confirmed,true,true,671.81,2026-07-31T13:00:01.297Z
D0000841,P00194,2023-12-11T01:56:00.000Z,71.95,EUR,confirmed,true,true,379.66,2026-07-31T13:00:01.297Z
D0001150,P00111,2024-02-13T22:08:00.000Z,173.08,EUR,confirmed,true,true,906.39,2026-07-31T13:00:01.297Z
D0000421,P00111,2024-01-08T11:11:00.000Z,16.59,EUR,confirmed,true,true,87.64,2026-07-31T13:00:01.297Z
D0000480,P00120,2024-01-27T09:21:00.000Z,283.46,EUR,confirmed,true,true,1488.48,2026-07-31T13:00:01.297Z
D0000509,P00131,2024-02-09T08:56:00.000Z,1927.06,BRL,confirmed,true,true,1927.06,2026-07-31T13:00:01.297Z
D0000709,P00158,2024-03-12T13:23:00.000Z,202.29,USD,pending,true,false,978.25,2026-07-31T13:00:01.297Z
D0000294,P00075,2024-02-20T18:20:00.000Z,204.71,EUR,confirmed,true,true,1075.53,2026-07-31T13:00:01.297Z
D0000746,P00173,2023-10-16T20:34:00.000Z,98.97,EUR,confirmed,true,true,529.65,2026-07-31T13:00:01.297Z
D0000404,P00106,2023-11-24T16:42:00.000Z,72.52,EUR,confirmed,true,true,379.38,2026-07-31T13:00:01.297Z
D0000972,P00217,2024-02-07T20:56:00.000Z,1955.35,BRL,pending,true,false,1955.35,2026-07-31T13:00:01.297Z
D0000585,P00140,2023-10-08T19:24:00.000Z,936.07,BRL,confirmed,true,true,936.07,2026-07-31T13:00:01.297Z
D0000184,P00046,2023-10-13T21:45:00.000Z,978.71,BRL,confirmed,true,true,978.71,2026-07-31T13:00:01.297Z
D0000567,P00139,2023-08-20T07:39:00.000Z,1088.85,BRL,confirmed,true,true,1088.85,2026-07-31T13:00:01.297Z
D0000754,P00178,2024-03-14T00:15:00.000Z,1984.29,BRL,confirmed,true,true,1984.29,2026-07-31T13:00:01.297Z
D0001083,P00241,2023-12-17T23:55:00.000Z,219.83,BRL,failed,true,false,219.83,2026-07-31T13:00:01.297Z
D0000226,P00057,2024-01-23T00:28:00.000Z,1973.95,BRL,confirmed,true,true,1973.95,2026-07-31T13:00:01.297Z
D0000901,P00210,2024-01-20T17:32:00.000Z,1454.07,BRL,confirmed,true,true,1454.07,2026-07-31T13:00:01.297Z
D0000279,P00071,2023-11-07T15:45:00.000Z,108.80,EUR,confirmed,true,true,578.63,2026-07-31T13:00:01.297Z
D0000281,P00072,2024-02-29T15:57:00.000Z,1888.21,BRL,confirmed,true,true,1888.21,2026-07-31T13:00:01.297Z
D0000447,P00115,2023-10-30T06:38:00.000Z,1417.56,BRL,confirmed,true,true,1417.56,2026-07-31T13:00:01.297Z
D0000037,P00008,2023-12-14T12:12:00.000Z,530.85,BRL,confirmed,true,true,530.85,2026-07-31T13:00:01.297Z
D0000540,P00135,2023-12-24T21:34:00.000Z,988.92,BRL,confirmed,true,true,988.92,2026-07-31T13:00:01.297Z
D0000383,P00100,2024-01-12T23:57:00.000Z,1260.30,BRL,confirmed,true,true,1260.3,2026-07-31T13:00:01.297Z
D0000786,P00188,2024-01-18T21:25:00.000Z,301.60,EUR,confirmed,true,true,1583.1,2026-07-31T13:00:01.297Z
D0000188,P00048,2023-10-09T21:04:00.000Z,552.88,BRL,failed,true,false,552.88,2026-07-31T13:00:01.297Z
D0000831,P00193,2024-03-03T16:58:00.000Z,632.17,BRL,failed,true,false,632.17,2026-07-31T13:00:01.297Z
D0001080,P00241,2023-12-24T22:30:00.000Z,729.25,BRL,pending,true,false,729.25,2026-07-31T13:00:01.297Z
D0000312,P00078,2024-02-29T22:09:00.000Z,1605.09,BRL,confirmed,true,true,1605.09,2026-07-31T13:00:01.297Z
D0000763,P00182,2024-01-05T08:22:00.000Z,1154.54,BRL,confirmed,true,true,1154.54,2026-07-31T13:00:01.297Z
D0000271,P00071,2024-03-05T14:32:00.000Z,272.53,EUR,confirmed,true,true,1439.07,2026-07-31T13:00:01.297Z
D0000166,P00041,2024-01-14T14:56:00.000Z,40.17,EUR,confirmed,true,true,210.71,2026-07-31T13:00:01.297Z
D0000303,P00077,2023-11-13T15:53:00.000Z,224.03,EUR,confirmed,true,true,1179.72,2026-07-31T13:00:01.297Z
D0001077,P00239,2023-12-22T10:42:00.000Z,1388.06,BRL,failed,true,false,1388.06,2026-07-31T13:00:01.297Z
D0001014,P00222,2023-11-16T17:20:00.000Z,199.24,BRL,confirmed,true,true,199.24,2026-07-31T13:00:01.297Z
D0000640,P00145,2023-09-22T00:31:00.000Z,218.23,EUR,confirmed,true,true,1171.2,2026-07-31T13:00:01.297Z
D0000996,P00219,2024-02-20T17:44:00.000Z,880.15,BRL,confirmed,true,true,880.15,2026-07-31T13:00:01.297Z
D0000717,P00162,2024-02-06T05:58:00.000Z,155.48,USD,confirmed,true,true,757.53,2026-07-31T13:00:01.297Z
D0000729,P00167,2024-03-08T17:00:00.000Z,1930.31,BRL,confirmed,true,true,1930.31,2026-07-31T13:00:01.297Z
D0000157,P00038,2024-03-26T12:58:00.000Z,681.00,BRL,confirmed,true,true,681.0,2026-07-31T13:00:01.297Z
D0000802,P00189,2023-11-28T18:17:00.000Z,79.07,EUR,pending,true,false,414.37,2026-07-31T13:00:01.297Z
D0000583,P00139,2023-09-07T23:05:00.000Z,999.07,BRL,confirmed,true,true,999.07,2026-07-31T13:00:01.297Z
D0000280,P00072,2024-03-03T17:35:00.000Z,1291.91,BRL,confirmed,true,true,1291.91,2026-07-31T13:00:01.297Z
D0000471,P00118,2023-11-14T18:09:00.000Z,225.66,BRL,confirmed,true,true,225.66,2026-07-31T13:00:01.297Z
D0001039,P00227,2024-02-02T23:41:00.000Z,1532.96,BRL,confirmed,true,true,1532.96,2026-07-31T13:00:01.297Z
D0000772,P00184,2023-10-11T23:27:00.000Z,131.11,USD,confirmed,true,true,665.52,2026-07-31T13:00:01.297Z
D0000937,P00216,2023-12-18T12:47:00.000Z,1225.80,BRL,confirmed,true,true,1225.8,2026-07-31T13:00:01.297Z
D0000895,P00208,2023-10-04T11:58:00.000Z,113.58,BRL,confirmed,true,true,113.58,2026-07-31T13:00:01.297Z
D0000386,P00101,2024-01-26T09:07:00.000Z,1727.78,BRL,confirmed,true,true,1727.78,2026-07-31T13:00:01.297Z
D0000644,P00146,2024-02-11T18:22:00.000Z,333.10,EUR,confirmed,true,true,1755.84,2026-07-31T13:00:01.297Z
D0000292,P00073,2023-12-24T12:16:00.000Z,227.07,USD,confirmed,true,true,1140.86,2026-07-31T13:00:01.297Z
D0000482,P00120,2024-01-27T14:24:00.000Z,1984.99,BRL,confirmed,true,true,1984.99,2026-07-31T13:00:01.297Z
D0000938,P00216,2023-10-15T16:17:00.000Z,300.86,EUR,failed,true,false,1608.1,2026-07-31T13:00:01.297Z
D0000143,P00036,2023-10-10T13:39:00.000Z,919.72,BRL,confirmed,true,true,919.72,2026-07-31T13:00:01.297Z
D0000070,P00022,2023-12-20T11:23:00.000Z,1166.79,BRL,confirmed,true,true,1166.79,2026-07-31T13:00:01.297Z
D0000779,P00186,2023-11-15T03:27:00.000Z,810.40,BRL,confirmed,true,true,810.4,2026-07-31T13:00:01.297Z
D0000259,P00068,2023-12-07T05:17:00.000Z,303.06,USD,confirmed,true,true,1508.45,2026-07-31T13:00:01.297Z
D0000612,P00143,2024-01-26T18:11:00.000Z,1539.52,BRL,confirmed,true,true,1539.52,2026-07-31T13:00:01.297Z
D0000163,P00040,2024-03-23T23:02:00.000Z,813.62,BRL,pending,true,false,813.62,2026-07-31T13:00:01.297Z
D0000991,P00218,2023-11-05T03:46:00.000Z,1905.40,BRL,failed,true,false,1905.4,2026-07-31T13:00:01.297Z
D0000526,P00135,2024-01-29T17:23:00.000Z,1146.25,BRL,pending,true,false,1146.25,2026-07-31T13:00:01.297Z
D0000079,P00023,2024-02-28T19:48:00.000Z,536.87,BRL,confirmed,true,true,536.87,2026-07-31T13:00:01.297Z
D0000379,P00100,2023-12-21T10:12:00.000Z,1382.06,BRL,failed,true,false,1382.06,2026-07-31T13:00:01.297Z
D0000933,P00216,2023-11-11T18:40:00.000Z,1432.94,BRL,confirmed,true,true,1432.94,2026-07-31T13:00:01.297Z
D0000155,P00038,2024-03-06T02:33:00.000Z,226.00,BRL,confirmed,true,true,226.0,2026-07-31T13:00:01.297Z
D0000230,P00058,2023-10-01T15:22:00.000Z,1272.04,BRL,confirmed,true,true,1272.04,2026-07-31T13:00:01.297Z
D0000522,P00135,2024-01-29T19:13:00.000Z,104.56,EUR,confirmed,true,true,550.02,2026-07-31T13:00:01.297Z
D0000305,P00077,2023-11-14T00:45:00.000Z,190.63,BRL,confirmed,true,true,190.63,2026-07-31T13:00:01.297Z
D0000803,P00189,2023-11-15T02:13:00.000Z,139.90,EUR,confirmed,true,true,730.82,2026-07-31T13:00:01.297Z
D0000476,P00120,2024-01-27T12:01:00.000Z,729.20,BRL,confirmed,true,true,729.2,2026-07-31T13:00:01.297Z
D0000023,P00006,2024-01-29T16:25:00.000Z,1194.72,BRL,confirmed,true,true,1194.72,2026-07-31T13:00:01.297Z
D0000158,P00038,2024-03-05T22:23:00.000Z,1700.64,BRL,failed,true,false,1700.64,2026-07-31T13:00:01.297Z
D0000284,P00072,2024-01-31T17:02:00.000Z,1396.66,BRL,confirmed,true,true,1396.66,2026-07-31T13:00:01.297Z
D0000150,P00037,2023-11-23T18:47:00.000Z,520.25,BRL,confirmed,true,true,520.25,2026-07-31T13:00:01.297Z
D0000032,P00007,2024-02-13T11:26:00.000Z,415.41,BRL,confirmed,true,true,415.41,2026-07-31T13:00:01.297Z
D0000662,P00152,2024-01-04T08:25:00.000Z,296.06,USD,confirmed,true,true,1460.23,2026-07-31T13:00:01.297Z
D0000406,P00108,2024-03-19T07:48:00.000Z,1119.45,BRL,confirmed,true,true,1119.45,2026-07-31T13:00:01.297Z
D0000592,P00141,2024-03-18T00:29:00.000Z,1811.99,BRL,confirmed,true,true,1811.99,2026-07-31T13:00:01.297Z
D0000250,P00066,2023-12-29T15:03:00.000Z,320.79,USD,confirmed,true,true,1598.32,2026-07-31T13:00:01.297Z
D0000643,P00145,2023-10-27T13:02:00.000Z,853.46,BRL,pending,true,false,853.46,2026-07-31T13:00:01.297Z
D0000300,P00075,2024-03-02T10:49:00.000Z,256.15,EUR,confirmed,true,true,1352.27,2026-07-31T13:00:01.297Z
D0000570,P00139,2023-09-15T12:31:00.000Z,201.89,BRL,pending,true,false,201.89,2026-07-31T13:00:01.297Z
D0000267,P00070,2024-03-10T10:44:00.000Z,1930.65,BRL,confirmed,true,true,1930.65,2026-07-31T13:00:01.297Z
D0000600,P00142,2023-12-24T07:42:00.000Z,1517.88,BRL,confirmed,true,true,1517.88,2026-07-31T13:00:01.297Z
D0000130,P00032,2024-02-11T01:18:00.000Z,34.29,USD,confirmed,true,true,168.34,2026-07-31T13:00:01.297Z
D0000805,P00190,2024-03-07T12:41:00.000Z,929.40,BRL,confirmed,true,true,929.4,2026-07-31T13:00:01.297Z
D0000258,P00068,2023-11-29T09:31:00.000Z,327.69,EUR,confirmed,true,true,1726.8,2026-07-31T13:00:01.297Z
D0000466,P00118,2023-11-12T05:56:00.000Z,1571.24,BRL,pending,true,false,1571.24,2026-07-31T13:00:01.297Z
D0001085,P00241,2023-12-18T01:27:00.000Z,1518.84,BRL,confirmed,true,true,1518.84,2026-07-31T13:00:01.297Z
D0000944,P00216,2023-11-18T03:44:00.000Z,284.61,EUR,pending,true,false,1488.45,2026-07-31T13:00:01.297Z
D0000620,P00143,2024-02-18T07:09:00.000Z,10.29,EUR,confirmed,true,true,54.08,2026-07-31T13:00:01.297Z
D0000372,P00099,2023-11-20T20:52:00.000Z,283.00,EUR,pending,true,false,1475.17,2026-07-31T13:00:01.297Z
D0000479,P00120,2024-01-27T02:53:00.000Z,523.94,BRL,confirmed,true,true,523.94,2026-07-31T13:00:01.297Z
D0000326,P00085,2023-11-17T07:37:00.000Z,110.83,BRL,confirmed,true,true,110.83,2026-07-31T13:00:01.297Z
D0000707,P00158,2024-03-12T14:40:00.000Z,350.35,BRL,confirmed,true,true,350.35,2026-07-31T13:00:01.297Z
D0000349,P00094,2023-12-16T21:34:00.000Z,231.72,BRL,confirmed,true,true,231.72,2026-07-31T13:00:01.297Z
D0000577,P00139,2023-08-04T19:03:00.000Z,1045.33,BRL,failed,true,false,1045.33,2026-07-31T13:00:01.297Z
D0000660,P00151,2024-01-12T05:37:00.000Z,1485.55,BRL,confirmed,true,true,1485.55,2026-07-31T13:00:01.297Z
D0000266,P00070,2024-03-10T03:21:00.000Z,272.35,BRL,confirmed,true,true,272.35,2026-07-31T13:00:01.297Z
D0000697,P00157,2024-03-10T07:31:00.000Z,1917.37,BRL,pending,true,false,1917.37,2026-07-31T13:00:01.297Z
D0000359,P00095,2023-12-13T15:47:00.000Z,647.97,BRL,confirmed,true,true,647.97,2026-07-31T13:00:01.297Z
D0000521,P00135,2024-01-06T08:38:00.000Z,1335.97,BRL,confirmed,true,true,1335.97,2026-07-31T13:00:01.297Z
D0000200,P00050,2023-09-26T19:56:00.000Z,1038.25,BRL,confirmed,true,true,1038.25,2026-07-31T13:00:01.297Z
D0000201,P00050,2023-10-12T00:02:00.000Z,1756.60,BRL,confirmed,true,true,1756.6,2026-07-31T13:00:01.297Z
D0000444,P00115,2023-11-01T05:06:00.000Z,602.10,BRL,confirmed,true,true,602.1,2026-07-31T13:00:01.297Z
D0000956,P00216,2023-12-19T16:28:00.000Z,97.14,EUR,confirmed,true,true,514.61,2026-07-31T13:00:01.297Z
D0000610,P00143,2024-02-05T00:38:00.000Z,116.38,BRL,confirmed,true,true,116.38,2026-07-31T13:00:01.297Z
D0001112,P00247,2024-02-07T01:29:00.000Z,1982.77,BRL,confirmed,true,true,1982.77,2026-07-31T13:00:01.297Z
D0000362,P00095,2023-10-19T01:09:00.000Z,1930.91,BRL,confirmed,true,true,1930.91,2026-07-31T13:00:01.297Z
D0001093,P00244,2023-09-12T08:49:00.000Z,420.22,BRL,confirmed,true,true,420.22,2026-07-31T13:00:01.297Z
D0001015,P00222,2023-11-26T09:04:00.000Z,542.89,BRL,confirmed,true,true,542.89,2026-07-31T13:00:01.297Z
D0000377,P00099,2023-10-09T07:47:00.000Z,99.54,EUR,confirmed,true,true,528.54,2026-07-31T13:00:01.297Z
D0000091,P00026,2024-03-07T03:43:00.000Z,979.77,BRL,confirmed,true,true,979.77,2026-07-31T13:00:01.297Z
D0000192,P00048,2023-09-27T20:16:00.000Z,1741.58,BRL,failed,true,false,1741.58,2026-07-31T13:00:01.297Z
D0000014,P00005,2023-09-19T21:06:00.000Z,239.17,EUR,failed,true,false,1276.69,2026-07-31T13:00:01.297Z
D0000024,P00006,2024-02-01T19:43:00.000Z,1149.72,BRL,confirmed,true,true,1149.72,2026-07-31T13:00:01.297Z
D0000040,P00008,2023-10-17T09:11:00.000Z,1226.26,BRL,confirmed,true,true,1226.26,2026-07-31T13:00:01.297Z
D0000766,P00182,2023-12-16T02:31:00.000Z,1274.30,BRL,confirmed,true,true,1274.3,2026-07-31T13:00:01.297Z
D0000293,P00075,2024-03-12T05:03:00.000Z,62.63,EUR,confirmed,true,true,331.76,2026-07-31T13:00:01.297Z
D0000926,P00215,2024-02-23T03:20:00.000Z,1517.75,BRL,confirmed,true,true,1517.75,2026-07-31T13:00:01.297Z
D0001010,P00222,2023-11-25T03:57:00.000Z,1629.47,BRL,confirmed,true,true,1629.47,2026-07-31T13:00:01.297Z
D0000483,P00120,2024-01-27T15:17:00.000Z,167.21,BRL,confirmed,true,true,167.21,2026-07-31T13:00:01.297Z
D0000648,P00148,2024-03-13T14:18:00.000Z,1356.78,BRL,confirmed,true,true,1356.78,2026-07-31T13:00:01.297Z
D0000952,P00216,2023-10-13T17:14:00.000Z,793.84,BRL,confirmed,true,true,793.84,2026-07-31T13:00:01.297Z
D0001021,P00222,2023-11-21T00:43:00.000Z,748.27,BRL,confirmed,true,true,748.27,2026-07-31T13:00:01.297Z
D0000890,P00206,2023-12-01T19:05:00.000Z,241.08,BRL,confirmed,true,true,241.08,2026-07-31T13:00:01.297Z
D0000949,P00216,2023-10-19T00:02:00.000Z,1178.92,BRL,confirmed,true,true,1178.92,2026-07-31T13:00:01.297Z
D0000268,P00070,2024-03-06T16:26:00.000Z,1010.22,BRL,failed,true,false,1010.22,2026-07-31T13:00:01.297Z
D0000078,P00023,2024-02-29T20:08:00.000Z,368.32,USD,pending,true,false,1813.6,2026-07-31T13:00:01.297Z
D0000027,P00006,2024-02-01T07:49:00.000Z,1549.56,BRL,pending,true,false,1549.56,2026-07-31T13:00:01.297Z
D0000164,P00040,2024-02-19T03:36:00.000Z,1846.02,BRL,pending,true,false,1846.02,2026-07-31T13:00:01.297Z
D0000288,P00073,2024-01-15T18:55:00.000Z,95.46,EUR,confirmed,true,true,501.72,2026-07-31T13:00:01.297Z
D0001099,P00244,2023-09-12T02:46:00.000Z,699.63,BRL,failed,true,false,699.63,2026-07-31T13:00:01.297Z
D0000232,P00059,2023-12-15T08:43:00.000Z,212.91,USD,confirmed,true,true,1082.67,2026-07-31T13:00:01.297Z
D0000511,P00131,2024-01-10T14:05:00.000Z,1812.17,BRL,confirmed,true,true,1812.17,2026-07-31T13:00:01.297Z
D0000666,P00153,2024-03-10T09:49:00.000Z,301.44,USD,confirmed,true,true,1449.34,2026-07-31T13:00:01.297Z
D0000950,P00216,2023-11-24T01:58:00.000Z,1703.00,BRL,confirmed,true,true,1703.0,2026-07-31T13:00:01.297Z
D0000337,P00089,2024-03-15T10:08:00.000Z,990.11,BRL,confirmed,true,true,990.11,2026-07-31T13:00:01.297Z
D0000745,P00173,2023-10-22T02:42:00.000Z,270.97,EUR,confirmed,true,true,1442.97,2026-07-31T13:00:01.297Z
D0000980,P00217,2024-01-30T03:13:00.000Z,1795.03,BRL,confirmed,true,true,1795.03,2026-07-31T13:00:01.297Z
D0000100,P00028,2023-09-15T10:32:00.000Z,1333.89,BRL,confirmed,true,true,1333.89,2026-07-31T13:00:01.297Z
D0000221,P00055,2023-12-13T04:54:00.000Z,139.21,USD,confirmed,true,true,703.89,2026-07-31T13:00:01.297Z
D0000768,P00184,2023-11-21T09:15:00.000Z,33.35,USD,confirmed,true,true,165.45,2026-07-31T13:00:01.297Z
D0000812,P00193,2023-12-22T01:02:00.000Z,1084.33,BRL,confirmed,true,true,1084.33,2026-07-31T13:00:01.297Z
D0000002,P00001,2024-01-22T11:49:00.000Z,448.80,BRL,failed,true,false,448.8,2026-07-31T13:00:01.297Z
D0000838,P00193,2024-03-27T11:58:00.000Z,884.08,BRL,confirmed,true,true,884.08,2026-07-31T13:00:01.297Z
D0000465,P00118,2023-11-12T00:51:00.000Z,235.96,BRL,confirmed,true,true,235.96,2026-07-31T13:00:01.297Z
D0000782,P00187,2023-11-06T22:23:00.000Z,337.53,EUR,failed,true,false,1785.06,2026-07-31T13:00:01.297Z
D0000730,P00169,2024-01-07T02:43:00.000Z,975.70,BRL,confirmed,true,true,975.7,2026-07-31T13:00:01.297Z
D0001123,P00249,2023-11-24T21:18:00.000Z,25.70,EUR,pending,true,false,134.45,2026-07-31T13:00:01.297Z
D0001068,P00232,2024-03-07T17:51:00.000Z,92.90,USD,confirmed,true,true,449.28,2026-07-31T13:00:01.297Z
D0001134,P00072,2024-01-01T23:14:00.000Z,157.67,USD,confirmed,true,true,779.1,2026-07-31T13:00:01.297Z
D0000273,P00071,2024-02-11T02:37:00.000Z,182.83,EUR,pending,true,false,963.73,2026-07-31T13:00:01.297Z
D0000245,P00066,2024-01-05T18:20:00.000Z,25.38,USD,confirmed,true,true,126.04,2026-07-31T13:00:01.297Z
D0000127,P00031,2023-12-26T23:09:00.000Z,173.73,USD,pending,true,false,875.07,2026-07-31T13:00:01.297Z
D0000718,P00163,2024-01-13T18:35:00.000Z,181.15,EUR,failed,true,false,950.22,2026-07-31T13:00:01.297Z
D0001062,P00231,2024-02-12T12:46:00.000Z,1089.74,BRL,failed,true,false,1089.74,2026-07-31T13:00:01.297Z
D0000172,P00043,2023-12-01T01:38:00.000Z,1116.74,BRL,failed,true,false,1116.74,2026-07-31T13:00:01.297Z
D0000393,P00103,2024-03-16T13:34:00.000Z,55.72,EUR,failed,true,false,296.44,2026-07-31T13:00:01.297Z
D0001046,P00229,2024-01-04T14:17:00.000Z,606.44,BRL,confirmed,true,true,606.44,2026-07-31T13:00:01.297Z
D0000313,P00078,2024-02-15T16:23:00.000Z,1832.63,BRL,confirmed,true,true,1832.63,2026-07-31T13:00:01.297Z
D0000862,P00198,2023-12-12T11:01:00.000Z,177.87,EUR,confirmed,true,true,943.58,2026-07-31T13:00:01.297Z
D0000422,P00112,2023-10-28T03:09:00.000Z,1444.63,BRL,confirmed,true,true,1444.63,2026-07-31T13:00:01.297Z
D0000031,P00007,2024-02-28T05:23:00.000Z,46.23,EUR,confirmed,true,true,243.54,2026-07-31T13:00:01.297Z
D0000162,P00039,2024-01-08T04:11:00.000Z,138.65,EUR,confirmed,true,true,732.4,2026-07-31T13:00:01.297Z
D0000975,P00217,2024-02-09T03:40:00.000Z,623.66,BRL,confirmed,true,true,623.66,2026-07-31T13:00:01.297Z
D0000389,P00102,2024-01-24T08:26:00.000Z,126.65,EUR,confirmed,true,true,661.67,2026-07-31T13:00:01.297Z
D0000967,P00217,2024-02-19T13:58:00.000Z,327.68,BRL,confirmed,true,true,327.68,2026-07-31T13:00:01.297Z
D0001071,P00235,2024-02-21T03:00:00.000Z,1533.04,BRL,confirmed,true,true,1533.04,2026-07-31T13:00:01.297Z
D0000171,P00043,2023-12-18T02:24:00.000Z,381.15,USD,confirmed,true,true,1926.68,2026-07-31T13:00:01.297Z
D0000686,P00155,2024-03-17T16:57:00.000Z,71.98,EUR,confirmed,true,true,382.94,2026-07-31T13:00:01.297Z
D0000811,P00193,2024-01-02T20:08:00.000Z,1032.31,BRL,pending,true,false,1032.31,2026-07-31T13:00:01.297Z
D0000656,P00148,2024-03-11T04:07:00.000Z,112.58,BRL,confirmed,true,true,112.58,2026-07-31T13:00:01.297Z
D0000206,P00052,2024-03-17T03:13:00.000Z,82.87,EUR,confirmed,true,true,440.88,2026-07-31T13:00:01.297Z
D0000145,P00036,2023-11-03T18:15:00.000Z,867.51,BRL,confirmed,true,true,867.51,2026-07-31T13:00:01.297Z
D0000951,P00216,2023-12-02T15:35:00.000Z,222.90,EUR,confirmed,true,true,1178.12,2026-07-31T13:00:01.297Z
D0000674,P00153,2024-03-09T21:32:00.000Z,306.75,USD,confirmed,true,true,1474.87,2026-07-31T13:00:01.297Z
D0000741,P00172,2024-02-25T09:17:00.000Z,215.08,EUR,confirmed,true,true,1127.32,2026-07-31T13:00:01.297Z
D0000843,P00195,2024-01-07T02:47:00.000Z,306.26,EUR,confirmed,true,true,1616.04,2026-07-31T13:00:01.297Z
D0000251,P00067,2024-02-19T15:11:00.000Z,210.86,EUR,failed,true,false,1102.73,2026-07-31T13:00:01.297Z
D0000304,P00077,2023-10-10T16:27:00.000Z,1666.06,BRL,failed,true,false,1666.06,2026-07-31T13:00:01.297Z
D0000702,P00158,2024-03-14T04:55:00.000Z,213.30,EUR,confirmed,true,true,1138.34,2026-07-31T13:00:01.297Z
D0000429,P00113,2024-01-13T11:07:00.000Z,257.60,EUR,confirmed,true,true,1351.24,2026-07-31T13:00:01.297Z
D0000824,P00193,2024-01-27T02:05:00.000Z,1904.88,BRL,failed,true,false,1904.88,2026-07-31T13:00:01.297Z
D0000364,P00097,2023-12-18T12:49:00.000Z,213.19,USD,confirmed,true,true,1077.66,2026-07-31T13:00:01.297Z
D0000992,P00218,2023-09-27T17:46:00.000Z,1055.86,BRL,confirmed,true,true,1055.86,2026-07-31T13:00:01.297Z
D0000506,P00130,2023-12-29T12:34:00.000Z,818.59,BRL,pending,true,false,818.59,2026-07-31T13:00:01.297Z
D0000815,P00193,2024-01-20T10:09:00.000Z,371.72,BRL,confirmed,true,true,371.72,2026-07-31T13:00:01.297Z
D0000720,P00164,2024-02-14T20:38:00.000Z,133.27,EUR,failed,true,false,699.0,2026-07-31T13:00:01.297Z
D0000852,P00196,2023-11-27T00:40:00.000Z,1675.99,BRL,confirmed,true,true,1675.99,2026-07-31T13:00:01.297Z
D0000735,P00169,2023-12-02T02:04:00.000Z,616.65,BRL,failed,true,false,616.65,2026-07-31T13:00:01.297Z
D0000518,P00135,2024-02-05T08:40:00.000Z,130.71,USD,confirmed,true,true,633.56,2026-07-31T13:00:01.297Z
D0000146,P00036,2024-02-01T07:45:00.000Z,1110.13,BRL,confirmed,true,true,1110.13,2026-07-31T13:00:01.297Z
D0000618,P00143,2024-01-27T01:28:00.000Z,890.94,BRL,confirmed,true,true,890.94,2026-07-31T13:00:01.297Z
D0000174,P00043,2024-01-05T02:44:00.000Z,247.45,BRL,confirmed,true,true,247.45,2026-07-31T13:00:01.297Z
D0000536,P00135,2024-01-17T00:12:00.000Z,228.56,USD,confirmed,true,true,1114.73,2026-07-31T13:00:01.297Z
D0000659,P00151,2024-02-14T19:17:00.000Z,1991.55,BRL,confirmed,true,true,1991.55,2026-07-31T13:00:01.297Z
D0001069,P00232,2024-03-27T08:58:00.000Z,393.35,USD,failed,true,false,1949.13,2026-07-31T13:00:01.297Z
D0000296,P00075,2024-03-22T02:21:00.000Z,41.26,EUR,confirmed,true,true,219.69,2026-07-31T13:00:01.297Z
D0001144,P00118,2024-02-12T23:51:00.000Z,963.90,BRL,confirmed,true,true,963.9,2026-07-31T13:00:01.297Z
D0000558,P00138,2024-01-31T01:03:00.000Z,967.93,BRL,confirmed,true,true,967.93,2026-07-31T13:00:01.297Z
D0000602,P00142,2024-01-21T07:19:00.000Z,276.19,BRL,confirmed,true,true,276.19,2026-07-31T13:00:01.297Z
D0000061,P00019,2024-01-08T13:52:00.000Z,128.29,EUR,failed,true,false,677.68,2026-07-31T13:00:01.297Z
D0000948,P00216,2023-11-18T13:28:00.000Z,511.65,BRL,confirmed,true,true,511.65,2026-07-31T13:00:01.297Z
D0000527,P00135,2023-12-24T19:48:00.000Z,135.90,USD,failed,true,false,682.79,2026-07-31T13:00:01.297Z
D0000435,P00114,2024-01-13T01:14:00.000Z,1417.59,BRL,confirmed,true,true,1417.59,2026-07-31T13:00:01.297Z
D0000069,P00021,2023-09-30T09:47:00.000Z,1098.34,BRL,confirmed,true,true,1098.34,2026-07-31T13:00:01.297Z
D0000160,P00038,2024-03-06T09:20:00.000Z,901.89,BRL,confirmed,true,true,901.89,2026-07-31T13:00:01.297Z
D0000548,P00136,2023-09-05T00:30:00.000Z,1831.04,BRL,confirmed,true,true,1831.04,2026-07-31T13:00:01.297Z
D0000835,P00193,2023-12-22T14:45:00.000Z,389.58,USD,confirmed,true,true,1957.35,2026-07-31T13:00:01.297Z
D0000595,P00142,2023-11-28T00:31:00.000Z,618.92,BRL,confirmed,true,true,618.92,2026-07-31T13:00:01.297Z
D0000440,P00115,2023-11-01T19:34:00.000Z,1085.72,BRL,confirmed,true,true,1085.72,2026-07-31T13:00:01.297Z
D0000178,P00043,2023-12-02T01:50:00.000Z,1955.26,BRL,confirmed,true,true,1955.26,2026-07-31T13:00:01.297Z
D0000733,P00169,2023-12-20T05:07:00.000Z,1136.41,BRL,confirmed,true,true,1136.41,2026-07-31T13:00:01.297Z
D0000003,P00001,2024-01-15T03:32:00.000Z,1090.62,BRL,confirmed,true,true,1090.62,2026-07-31T13:00:01.297Z
D0000974,P00217,2024-02-17T00:39:00.000Z,1955.11,BRL,confirmed,true,true,1955.11,2026-07-31T13:00:01.297Z
D0000491,P00124,2024-03-12T01:24:00.000Z,315.04,EUR,confirmed,true,true,1668.83,2026-07-31T13:00:01.297Z
D0001139,P00219,2024-01-01T23:34:00.000Z,1125.76,BRL,confirmed,true,true,1125.76,2026-07-31T13:00:01.297Z
D0000181,P00044,2023-09-10T17:42:00.000Z,573.70,BRL,confirmed,true,true,573.7,2026-07-31T13:00:01.297Z
D0000671,P00153,2024-03-10T13:23:00.000Z,53.28,USD,confirmed,true,true,256.17,2026-07-31T13:00:01.297Z
D0000874,P00202,2024-03-10T22:28:00.000Z,1056.50,BRL,confirmed,true,true,1056.5,2026-07-31T13:00:01.297Z
D0000098,P00028,2023-12-07T04:05:00.000Z,663.28,BRL,confirmed,true,true,663.28,2026-07-31T13:00:01.297Z
D0000633,P00144,2024-01-05T01:11:00.000Z,25.57,EUR,confirmed,true,true,134.93,2026-07-31T13:00:01.297Z
D0000737,P00170,2024-03-08T07:37:00.000Z,215.76,BRL,confirmed,true,true,215.76,2026-07-31T13:00:01.297Z
D0000321,P00082,2024-03-04T02:20:00.000Z,1625.01,BRL,pending,true,false,1625.01,2026-07-31T13:00:01.297Z
D0000129,P00031,2023-12-17T01:52:00.000Z,43.11,USD,confirmed,true,true,219.22,2026-07-31T13:00:01.297Z
D0000880,P00202,2024-03-12T14:56:00.000Z,336.38,BRL,confirmed,true,true,336.38,2026-07-31T13:00:01.297Z
D0001084,P00241,2023-12-22T14:15:00.000Z,920.26,BRL,confirmed,true,true,920.26,2026-07-31T13:00:01.297Z
D0000692,P00157,2024-02-19T14:51:00.000Z,1520.62,BRL,pending,true,false,1520.62,2026-07-31T13:00:01.297Z
D0001012,P00222,2023-11-14T13:18:00.000Z,1747.55,BRL,confirmed,true,true,1747.55,2026-07-31T13:00:01.297Z
D0000034,P00007,2024-02-28T21:57:00.000Z,161.24,USD,confirmed,true,true,794.21,2026-07-31T13:00:01.297Z
D0000854,P00196,2023-11-26T13:43:00.000Z,199.58,USD,confirmed,true,true,989.56,2026-07-31T13:00:01.297Z
D0000604,P00143,2024-02-14T11:02:00.000Z,158.98,USD,confirmed,true,true,777.99,2026-07-31T13:00:01.297Z
D0000497,P00125,2023-12-28T17:56:00.000Z,1765.29,BRL,confirmed,true,true,1765.29,2026-07-31T13:00:01.297Z
D0000493,P00125,2024-01-05T11:13:00.000Z,1823.98,BRL,confirmed,true,true,1823.98,2026-07-31T13:00:01.297Z
D0000882,P00203,2023-12-11T20:33:00.000Z,162.10,USD,confirmed,true,true,812.84,2026-07-31T13:00:01.297Z
D0001065,P00231,2024-02-18T10:06:00.000Z,62.52,BRL,confirmed,true,true,62.52,2026-07-31T13:00:01.297Z
D0001132,P00250,2023-09-19T07:21:00.000Z,1086.37,BRL,confirmed,true,true,1086.37,2026-07-31T13:00:01.297Z
D0000228,P00057,2024-01-10T23:24:00.000Z,257.06,USD,confirmed,true,true,1269.52,2026-07-31T13:00:01.297Z
D0000517,P00135,2024-01-12T20:11:00.000Z,1336.08,BRL,confirmed,true,true,1336.08,2026-07-31T13:00:01.297Z
D0000257,P00068,2023-11-21T19:57:00.000Z,260.15,USD,confirmed,true,true,1290.58,2026-07-31T13:00:01.297Z
D0000790,P00188,2023-12-18T21:06:00.000Z,123.13,EUR,confirmed,true,true,654.03,2026-07-31T13:00:01.297Z
D0000358,P00095,2023-11-08T06:35:00.000Z,1578.39,BRL,confirmed,true,true,1578.39,2026-07-31T13:00:01.297Z
D0000183,P00046,2023-09-19T20:30:00.000Z,866.33,BRL,confirmed,true,true,866.33,2026-07-31T13:00:01.297Z
D0000025,P00006,2024-03-25T18:44:00.000Z,798.50,BRL,confirmed,true,true,798.5,2026-07-31T13:00:01.297Z
D0001001,P00219,2024-02-05T13:01:00.000Z,396.39,BRL,failed,true,false,396.39,2026-07-31T13:00:01.297Z
D0000749,P00176,2024-02-08T17:36:00.000Z,659.30,BRL,confirmed,true,true,659.3,2026-07-31T13:00:01.297Z
D0001008,P00221,2023-08-29T09:36:00.000Z,1825.09,BRL,failed,true,false,1825.09,2026-07-31T13:00:01.297Z
D0000478,P00120,2024-01-27T15:09:00.000Z,1852.22,BRL,confirmed,true,true,1852.22,2026-07-31T13:00:01.297Z
D0000006,P00001,2024-01-11T08:09:00.000Z,1872.78,BRL,confirmed,true,true,1872.78,2026-07-31T13:00:01.297Z
D0000189,P00048,2023-09-24T04:29:00.000Z,824.84,BRL,confirmed,true,true,824.84,2026-07-31T13:00:01.297Z
D0001067,P00232,2024-03-02T10:07:00.000Z,62.39,USD,confirmed,true,true,306.53,2026-07-31T13:00:01.297Z
D0000689,P00156,2023-12-31T04:58:00.000Z,1102.74,BRL,confirmed,true,true,1102.74,2026-07-31T13:00:01.297Z
D0000227,P00057,2024-01-16T02:50:00.000Z,1558.41,BRL,confirmed,true,true,1558.41,2026-07-31T13:00:01.297Z
D0001056,P00231,2024-02-25T00:24:00.000Z,1288.21,BRL,confirmed,true,true,1288.21,2026-07-31T13:00:01.297Z
D0000498,P00126,2024-02-24T14:47:00.000Z,300.79,USD,failed,true,false,1469.58,2026-07-31T13:00:01.297Z
D0000351,P00094,2023-11-16T09:49:00.000Z,886.46,BRL,pending,true,false,886.46,2026-07-31T13:00:01.297Z
D0001082,P00241,2023-12-26T16:02:00.000Z,307.92,EUR,confirmed,true,true,1642.17,2026-07-31T13:00:01.297Z
D0001107,P00246,2024-01-20T12:43:00.000Z,67.81,BRL,confirmed,true,true,67.81,2026-07-31T13:00:01.297Z
D0000955,P00216,2023-10-31T18:12:00.000Z,1210.59,BRL,confirmed,true,true,1210.59,2026-07-31T13:00:01.297Z
D0001119,P00249,2023-12-12T17:13:00.000Z,288.40,EUR,confirmed,true,true,1529.93,2026-07-31T13:00:01.297Z
D0001037,P00227,2024-02-13T00:59:00.000Z,345.76,BRL,confirmed,true,true,345.76,2026-07-31T13:00:01.297Z
D0000117,P00030,2024-01-25T06:58:00.000Z,14.18,EUR,confirmed,true,true,74.37,2026-07-31T13:00:01.297Z
D0000851,P00196,2024-01-04T12:12:00.000Z,969.40,BRL,failed,true,false,969.4,2026-07-31T13:00:01.297Z
D0000507,P00130,2024-01-17T01:29:00.000Z,1423.02,BRL,confirmed,true,true,1423.02,2026-07-31T13:00:01.297Z
D0000983,P00217,2024-02-26T08:23:00.000Z,705.93,BRL,confirmed,true,true,705.93,2026-07-31T13:00:01.297Z
D0001133,P00250,2023-09-18T20:14:00.000Z,123.40,EUR,confirmed,true,true,658.25,2026-07-31T13:00:01.297Z
D0000154,P00037,2023-11-24T20:31:00.000Z,417.06,BRL,pending,true,false,417.06,2026-07-31T13:00:01.297Z
D0000488,P00120,2024-01-27T07:10:00.000Z,1082.36,BRL,confirmed,true,true,1082.36,2026-07-31T13:00:01.297Z
D0000653,P00148,2024-03-11T03:30:00.000Z,1746.28,BRL,confirmed,true,true,1746.28,2026-07-31T13:00:01.297Z
D0000062,P00019,2024-01-26T01:08:00.000Z,111.13,EUR,confirmed,true,true,583.55,2026-07-31T13:00:01.297Z
D0001057,P00231,2024-02-20T18:40:00.000Z,522.59,BRL,confirmed,true,true,522.59,2026-07-31T13:00:01.297Z
D0000873,P00202,2024-03-12T07:26:00.000Z,494.95,BRL,failed,true,false,494.95,2026-07-31T13:00:01.297Z
D0000407,P00108,2024-02-21T20:19:00.000Z,62.79,EUR,confirmed,true,true,331.15,2026-07-31T13:00:01.297Z
D0001024,P00222,2023-11-25T03:05:00.000Z,1861.20,BRL,confirmed,true,true,1861.2,2026-07-31T13:00:01.297Z
D0000354,P00094,2023-12-02T00:47:00.000Z,1110.28,BRL,confirmed,true,true,1110.28,2026-07-31T13:00:01.297Z
D0000532,P00135,2024-01-11T22:39:00.000Z,1171.53,BRL,confirmed,true,true,1171.53,2026-07-31T13:00:01.297Z
D0001142,P00145,2024-02-12T00:46:00.000Z,1296.43,BRL,confirmed,true,true,1296.43,2026-07-31T13:00:01.297Z
D0000238,P00061,2023-11-25T00:26:00.000Z,450.72,BRL,confirmed,true,true,450.72,2026-07-31T13:00:01.297Z
D0000328,P00085,2023-10-23T17:46:00.000Z,763.35,BRL,confirmed,true,true,763.35,2026-07-31T13:00:01.297Z
D0000911,P00212,2024-02-05T02:49:00.000Z,1106.47,BRL,confirmed,true,true,1106.47,2026-07-31T13:00:01.297Z
D0000177,P00043,2024-01-04T01:13:00.000Z,222.53,EUR,confirmed,true,true,1169.02,2026-07-31T13:00:01.297Z
D0000460,P00118,2023-11-30T19:58:00.000Z,1554.47,BRL,pending,true,false,1554.47,2026-07-31T13:00:01.297Z
D0000045,P00011,2024-02-14T16:50:00.000Z,104.39,USD,confirmed,true,true,510.85,2026-07-31T13:00:01.297Z
D0000724,P00166,2024-03-24T12:30:00.000Z,113.95,BRL,confirmed,true,true,113.95,2026-07-31T13:00:01.297Z
D0000639,P00145,2023-10-01T21:02:00.000Z,1129.15,BRL,confirmed,true,true,1129.15,2026-07-31T13:00:01.297Z
D0000344,P00092,2024-03-16T19:38:00.000Z,1741.24,BRL,confirmed,true,true,1741.24,2026-07-31T13:00:01.297Z
D0001108,P00246,2024-01-17T02:03:00.000Z,1966.27,BRL,confirmed,true,true,1966.27,2026-07-31T13:00:01.297Z
D0000427,P00113,2024-01-17T16:06:00.000Z,348.14,EUR,confirmed,true,true,1816.98,2026-07-31T13:00:01.297Z
D0000726,P00166,2024-03-04T02:22:00.000Z,450.53,BRL,failed,true,false,450.53,2026-07-31T13:00:01.297Z
D0000760,P00182,2024-01-17T01:54:00.000Z,1289.12,BRL,pending,true,false,1289.12,2026-07-31T13:00:01.297Z
D0000042,P00008,2023-11-14T06:59:00.000Z,596.59,BRL,confirmed,true,true,596.59,2026-07-31T13:00:01.297Z
D0001055,P00231,2024-02-05T17:22:00.000Z,1916.34,BRL,confirmed,true,true,1916.34,2026-07-31T13:00:01.297Z
D0001027,P00222,2023-11-18T12:12:00.000Z,46.61,EUR,confirmed,true,true,243.76,2026-07-31T13:00:01.297Z
D0000636,P00144,2023-11-08T15:20:00.000Z,1632.47,BRL,pending,true,false,1632.47,2026-07-31T13:00:01.297Z
D0000902,P00210,2024-02-10T16:05:00.000Z,1351.08,BRL,confirmed,true,true,1351.08,2026-07-31T13:00:01.297Z
D0000756,P00181,2023-09-11T08:32:00.000Z,24.58,USD,confirmed,true,true,124.04,2026-07-31T13:00:01.297Z
D0000769,P00184,2023-09-29T07:55:00.000Z,308.56,USD,failed,true,false,1577.36,2026-07-31T13:00:01.297Z
D0000647,P00147,2024-03-21T02:54:00.000Z,153.48,BRL,confirmed,true,true,153.48,2026-07-31T13:00:01.297Z
D0000985,P00218,2023-10-16T11:05:00.000Z,624.31,BRL,confirmed,true,true,624.31,2026-07-31T13:00:01.297Z
D0001146,P00220,2024-02-13T14:05:00.000Z,1897.54,BRL,confirmed,true,true,1897.54,2026-07-31T13:00:01.297Z
D0000678,P00153,2024-03-09T21:18:00.000Z,188.57,USD,confirmed,true,true,906.66,2026-07-31T13:00:01.297Z
D0000438,P00115,2023-10-29T12:34:00.000Z,1108.33,BRL,confirmed,true,true,1108.33,2026-07-31T13:00:01.297Z
D0001052,P00230,2023-11-25T07:26:00.000Z,258.33,EUR,confirmed,true,true,1351.43,2026-07-31T13:00:01.297Z
D0000138,P00034,2023-11-29T18:14:00.000Z,286.83,BRL,confirmed,true,true,286.83,2026-07-31T13:00:01.297Z
D0000356,P00095,2023-12-04T03:54:00.000Z,351.82,BRL,confirmed,true,true,351.82,2026-07-31T13:00:01.297Z
D0000981,P00217,2024-02-16T19:16:00.000Z,785.31,BRL,confirmed,true,true,785.31,2026-07-31T13:00:01.297Z
D0000615,P00143,2024-02-07T00:24:00.000Z,1572.43,BRL,confirmed,true,true,1572.43,2026-07-31T13:00:01.297Z
D0001106,P00246,2024-02-05T02:47:00.000Z,617.61,BRL,confirmed,true,true,617.61,2026-07-31T13:00:01.297Z
D0000628,P00144,2023-11-07T03:24:00.000Z,99.46,BRL,pending,true,false,99.46,2026-07-31T13:00:01.297Z
D0000853,P00196,2024-01-01T12:35:00.000Z,1704.80,BRL,confirmed,true,true,1704.8,2026-07-31T13:00:01.297Z
D0000396,P00104,2024-03-02T11:51:00.000Z,111.31,USD,confirmed,true,true,546.88,2026-07-31T13:00:01.297Z
D0000818,P00193,2023-12-25T06:45:00.000Z,1858.05,BRL,confirmed,true,true,1858.05,2026-07-31T13:00:01.297Z
D0000622,P00143,2024-02-17T18:34:00.000Z,1695.90,BRL,confirmed,true,true,1695.9,2026-07-31T13:00:01.297Z
D0000807,P00191,2024-02-02T00:35:00.000Z,875.42,BRL,confirmed,true,true,875.42,2026-07-31T13:00:01.297Z
D0000621,P00143,2024-02-08T22:31:00.000Z,1170.55,BRL,confirmed,true,true,1170.55,2026-07-31T13:00:01.297Z
D0000397,P00104,2024-02-25T15:38:00.000Z,170.59,USD,confirmed,true,true,833.45,2026-07-31T13:00:01.297Z
D0000538,P00135,2023-12-22T13:01:00.000Z,143.13,USD,confirmed,true,true,719.12,2026-07-31T13:00:01.297Z
D0000560,P00139,2023-11-01T15:34:00.000Z,1644.01,BRL,confirmed,true,true,1644.01,2026-07-31T13:00:01.297Z
D0000906,P00210,2023-11-16T11:48:00.000Z,216.05,BRL,pending,true,false,216.05,2026-07-31T13:00:01.297Z
D0000796,P00188,2023-12-28T15:52:00.000Z,259.96,EUR,confirmed,true,true,1380.15,2026-07-31T13:00:01.297Z
D0000423,P00112,2023-10-10T18:23:00.000Z,716.73,BRL,confirmed,true,true,716.73,2026-07-31T13:00:01.297Z
D0001003,P00220,2024-02-09T21:25:00.000Z,13.76,EUR,confirmed,true,true,72.53,2026-07-31T13:00:01.297Z
D0000554,P00138,2024-01-23T17:42:00.000Z,121.76,USD,confirmed,true,true,589.72,2026-07-31T13:00:01.297Z
D0001064,P00231,2024-03-13T02:47:00.000Z,1637.74,BRL,confirmed,true,true,1637.74,2026-07-31T13:00:01.297Z
D0000990,P00218,2023-10-22T00:41:00.000Z,1652.63,BRL,confirmed,true,true,1652.63,2026-07-31T13:00:01.297Z
D0000571,P00139,2023-08-31T19:11:00.000Z,952.67,BRL,confirmed,true,true,952.67,2026-07-31T13:00:01.297Z
D0000214,P00054,2023-10-28T00:54:00.000Z,1058.72,BRL,confirmed,true,true,1058.72,2026-07-31T13:00:01.297Z
D0000071,P00022,2023-12-19T11:27:00.000Z,131.14,BRL,confirmed,true,true,131.14,2026-07-31T13:00:01.297Z
D0000316,P00081,2023-10-18T15:36:00.000Z,108.57,USD,confirmed,true,true,555.23,2026-07-31T13:00:01.297Z
D0001033,P00224,2024-03-19T05:40:00.000Z,340.60,EUR,confirmed,true,true,1817.27,2026-07-31T13:00:01.297Z
D0000237,P00060,2024-01-08T08:07:00.000Z,144.06,BRL,confirmed,true,true,144.06,2026-07-31T13:00:01.297Z
D0000341,P00089,2024-03-15T01:32:00.000Z,299.38,BRL,confirmed,true,true,299.38,2026-07-31T13:00:01.297Z
D0000885,P00205,2024-02-07T10:07:00.000Z,1691.09,BRL,confirmed,true,true,1691.09,2026-07-31T13:00:01.297Z
D0001118,P00249,2023-12-11T00:53:00.000Z,276.38,EUR,confirmed,true,true,1458.37,2026-07-31T13:00:01.297Z
D0000706,P00158,2024-03-14T11:29:00.000Z,335.49,USD,confirmed,true,true,1634.96,2026-07-31T13:00:01.297Z
D0001061,P00231,2024-03-21T08:44:00.000Z,1758.21,BRL,confirmed,true,true,1758.21,2026-07-31T13:00:01.297Z
D0000816,P00193,2024-02-20T00:09:00.000Z,1331.97,BRL,confirmed,true,true,1331.97,2026-07-31T13:00:01.297Z
D0000630,P00144,2023-12-10T05:46:00.000Z,82.02,BRL,confirmed,true,true,82.02,2026-07-31T13:00:01.297Z
D0000309,P00078,2024-02-29T22:06:00.000Z,1416.72,BRL,confirmed,true,true,1416.72,2026-07-31T13:00:01.297Z
D0000593,P00142,2024-02-07T04:02:00.000Z,1923.13,BRL,confirmed,true,true,1923.13,2026-07-31T13:00:01.297Z
D0000552,P00137,2023-10-13T01:29:00.000Z,1389.75,BRL,confirmed,true,true,1389.75,2026-07-31T13:00:01.297Z
D0001000,P00219,2024-02-29T04:10:00.000Z,337.06,EUR,confirmed,true,true,1781.33,2026-07-31T13:00:01.297Z
D0000920,P00214,2024-03-08T09:00:00.000Z,154.08,EUR,failed,true,false,810.54,2026-07-31T13:00:01.297Z
D0000081,P00023,2024-02-26T01:32:00.000Z,1285.57,BRL,failed,true,false,1285.57,2026-07-31T13:00:01.297Z
D0000153,P00037,2023-11-27T22:36:00.000Z,105.00,BRL,confirmed,true,true,105.0,2026-07-31T13:00:01.297Z
D0000332,P00088,2023-11-26T03:42:00.000Z,100.38,USD,confirmed,true,true,497.7,2026-07-31T13:00:01.297Z
D0000133,P00033,2024-03-17T11:49:00.000Z,191.76,USD,confirmed,true,true,928.96,2026-07-31T13:00:01.297Z
D0000208,P00053,2024-02-23T00:16:00.000Z,1312.37,BRL,confirmed,true,true,1312.37,2026-07-31T13:00:01.297Z
D0000605,P00143,2024-01-24T08:58:00.000Z,1292.98,BRL,pending,true,false,1292.98,2026-07-31T13:00:01.297Z
D0000322,P00082,2024-02-27T04:23:00.000Z,1438.79,BRL,confirmed,true,true,1438.79,2026-07-31T13:00:01.297Z
D0001095,P00244,2023-10-03T01:18:00.000Z,1099.67,BRL,confirmed,true,true,1099.67,2026-07-31T13:00:01.297Z
D0000627,P00143,2024-02-06T06:05:00.000Z,1798.10,BRL,confirmed,true,true,1798.1,2026-07-31T13:00:01.297Z
D0001128,P00250,2023-09-19T08:44:00.000Z,38.31,EUR,confirmed,true,true,204.5,2026-07-31T13:00:01.297Z
D0000026,P00006,2024-03-14T08:53:00.000Z,341.27,EUR,confirmed,true,true,1821.29,2026-07-31T13:00:01.297Z
D0000289,P00073,2024-01-01T14:48:00.000Z,1827.40,BRL,confirmed,true,true,1827.4,2026-07-31T13:00:01.297Z
D0000759,P00182,2024-01-25T13:23:00.000Z,1541.56,BRL,confirmed,true,true,1541.56,2026-07-31T13:00:01.297Z
D0000170,P00043,2024-02-02T18:02:00.000Z,489.89,BRL,confirmed,true,true,489.89,2026-07-31T13:00:01.297Z
D0000229,P00057,2024-01-08T21:48:00.000Z,1474.79,BRL,pending,true,false,1474.79,2026-07-31T13:00:01.297Z
D0000784,P00187,2023-10-09T15:50:00.000Z,235.16,EUR,pending,true,false,1248.65,2026-07-31T13:00:01.297Z
D0000010,P00004,2024-03-16T17:26:00.000Z,1893.12,BRL,confirmed,true,true,1893.12,2026-07-31T13:00:01.297Z
D0000995,P00219,2024-02-07T14:22:00.000Z,1488.72,BRL,confirmed,true,true,1488.72,2026-07-31T13:00:01.297Z
D0000486,P00120,2024-01-27T09:38:00.000Z,1433.89,BRL,failed,true,false,1433.89,2026-07-31T13:00:01.297Z
D0000767,P00183,2024-03-27T22:34:00.000Z,1497.31,BRL,confirmed,true,true,1497.31,2026-07-31T13:00:01.297Z
D0000385,P00100,2023-12-28T18:30:00.000Z,1174.50,BRL,confirmed,true,true,1174.5,2026-07-31T13:00:01.297Z
D0000946,P00216,2023-10-19T13:21:00.000Z,325.14,USD,confirmed,true,true,1656.36,2026-07-31T13:00:01.297Z
D0000216,P00054,2023-10-18T12:36:00.000Z,838.97,BRL,confirmed,true,true,838.97,2026-07-31T13:00:01.297Z
D0000474,P00118,2023-11-11T12:47:00.000Z,820.87,BRL,confirmed,true,true,820.87,2026-07-31T13:00:01.297Z
D0000394,P00103,2024-03-21T12:25:00.000Z,112.01,EUR,confirmed,true,true,593.27,2026-07-31T13:00:01.297Z
D0000336,P00089,2024-03-15T10:22:00.000Z,783.84,BRL,failed,true,false,783.84,2026-07-31T13:00:01.297Z
D0000833,P00193,2024-02-14T04:38:00.000Z,918.61,BRL,confirmed,true,true,918.61,2026-07-31T13:00:01.297Z
D0000122,P00030,2024-02-28T02:36:00.000Z,198.05,EUR,confirmed,true,true,1043.33,2026-07-31T13:00:01.297Z
D0001092,P00242,2023-09-07T07:47:00.000Z,53.32,EUR,confirmed,true,true,284.53,2026-07-31T13:00:01.297Z
D0000205,P00051,2024-03-25T00:03:00.000Z,334.04,USD,confirmed,true,true,1633.03,2026-07-31T13:00:01.297Z
D0000021,P00005,2023-09-14T04:59:00.000Z,279.99,USD,confirmed,true,true,1414.7,2026-07-31T13:00:01.297Z
D0000441,P00115,2023-10-26T16:56:00.000Z,1563.04,BRL,confirmed,true,true,1563.04,2026-07-31T13:00:01.297Z
D0001059,P00231,2024-03-07T19:00:00.000Z,1224.19,BRL,pending,true,false,1224.19,2026-07-31T13:00:01.297Z
D0001023,P00222,2023-11-16T00:49:00.000Z,651.23,BRL,confirmed,true,true,651.23,2026-07-31T13:00:01.297Z
D0000167,P00042,2023-10-24T03:06:00.000Z,536.60,BRL,confirmed,true,true,536.6,2026-07-31T13:00:01.297Z
D0000744,P00173,2023-10-20T01:04:00.000Z,61.93,EUR,confirmed,true,true,329.79,2026-07-31T13:00:01.297Z
D0000886,P00205,2024-02-03T12:00:00.000Z,1885.62,BRL,confirmed,true,true,1885.62,2026-07-31T13:00:01.297Z
D0000373,P00099,2024-01-17T12:49:00.000Z,246.03,EUR,pending,true,false,1284.06,2026-07-31T13:00:01.297Z
D0000044,P00010,2024-03-19T19:50:00.000Z,292.64,EUR,confirmed,true,true,1561.38,2026-07-31T13:00:01.297Z
D0000384,P00100,2024-01-03T21:17:00.000Z,1007.07,BRL,pending,true,false,1007.07,2026-07-31T13:00:01.297Z
D0000272,P00071,2023-10-19T11:27:00.000Z,11.47,EUR,confirmed,true,true,61.41,2026-07-31T13:00:01.297Z
D0000798,P00188,2023-12-09T22:59:00.000Z,310.68,EUR,confirmed,true,true,1630.08,2026-07-31T13:00:01.297Z
D0000253,P00068,2023-11-14T08:04:00.000Z,200.37,USD,failed,true,false,992.89,2026-07-31T13:00:01.297Z
D0000765,P00182,2023-12-18T15:35:00.000Z,539.97,BRL,confirmed,true,true,539.97,2026-07-31T13:00:01.297Z
D0000945,P00216,2023-11-30T05:04:00.000Z,1838.14,BRL,confirmed,true,true,1838.14,2026-07-31T13:00:01.297Z
D0000751,P00177,2024-02-11T13:22:00.000Z,202.93,USD,pending,true,false,996.26,2026-07-31T13:00:01.297Z
D0000203,P00051,2024-03-17T10:28:00.000Z,275.66,USD,confirmed,true,true,1335.4,2026-07-31T13:00:01.297Z
D0000473,P00118,2023-10-12T17:30:00.000Z,897.26,BRL,confirmed,true,true,897.26,2026-07-31T13:00:01.297Z
D0000402,P00105,2023-11-10T16:38:00.000Z,661.29,BRL,confirmed,true,true,661.29,2026-07-31T13:00:01.297Z
D0000777,P00185,2024-01-08T14:37:00.000Z,180.08,EUR,confirmed,true,true,951.25,2026-07-31T13:00:01.297Z
D0000888,P00206,2023-11-18T12:08:00.000Z,1350.50,BRL,failed,true,false,1350.5,2026-07-31T13:00:01.297Z
D0000137,P00034,2023-09-16T11:06:00.000Z,343.29,USD,confirmed,true,true,1743.31,2026-07-31T13:00:01.297Z
D0000931,P00216,2023-11-21T23:07:00.000Z,1686.33,BRL,failed,true,false,1686.33,2026-07-31T13:00:01.297Z
D0000829,P00193,2024-01-28T20:05:00.000Z,79.42,USD,pending,true,false,384.8,2026-07-31T13:00:01.297Z
D0000503,P00129,2024-03-22T03:42:00.000Z,324.65,EUR,pending,true,false,1728.63,2026-07-31T13:00:01.297Z
D0001022,P00222,2023-11-19T10:42:00.000Z,143.12,BRL,confirmed,true,true,143.12,2026-07-31T13:00:01.297Z
D0001105,P00246,2024-01-11T02:08:00.000Z,1433.70,BRL,confirmed,true,true,1433.7,2026-07-31T13:00:01.297Z
D0000693,P00157,2024-03-25T01:30:00.000Z,1848.47,BRL,confirmed,true,true,1848.47,2026-07-31T13:00:01.297Z
D0000836,P00193,2023-12-30T01:29:00.000Z,1078.19,BRL,confirmed,true,true,1078.19,2026-07-31T13:00:01.297Z
D0000866,P00199,2024-02-02T01:03:00.000Z,1753.71,BRL,confirmed,true,true,1753.71,2026-07-31T13:00:01.297Z
D0000461,P00118,2023-11-11T01:29:00.000Z,1162.80,BRL,confirmed,true,true,1162.8,2026-07-31T13:00:01.297Z
D0000350,P00094,2023-11-14T10:23:00.000Z,1561.00,BRL,confirmed,true,true,1561.0,2026-07-31T13:00:01.297Z
D0000912,P00212,2024-02-02T00:20:00.000Z,1906.72,BRL,confirmed,true,true,1906.72,2026-07-31T13:00:01.297Z
D0000533,P00135,2024-01-27T18:56:00.000Z,1471.91,BRL,confirmed,true,true,1471.91,2026-07-31T13:00:01.297Z
D0000388,P00101,2024-01-31T11:15:00.000Z,248.98,USD,confirmed,true,true,1217.89,2026-07-31T13:00:01.297Z
D0000252,P00068,2023-12-04T19:57:00.000Z,21.24,USD,confirmed,true,true,106.76,2026-07-31T13:00:01.297Z
D0000761,P00182,2024-01-30T12:51:00.000Z,567.05,BRL,confirmed,true,true,567.05,2026-07-31T13:00:01.297Z
D0000270,P00071,2023-11-02T21:53:00.000Z,46.64,EUR,confirmed,true,true,247.38,2026-07-31T13:00:01.297Z
D0000679,P00153,2024-03-09T02:13:00.000Z,53.69,USD,confirmed,true,true,258.14,2026-07-31T13:00:01.297Z
D0000315,P00081,2023-10-26T01:11:00.000Z,363.19,USD,failed,true,false,1830.09,2026-07-31T13:00:01.297Z
D0000989,P00218,2023-11-09T19:50:00.000Z,66.64,BRL,confirmed,true,true,66.64,2026-07-31T13:00:01.297Z
D0000132,P00032,2024-02-19T01:49:00.000Z,101.11,USD,pending,true,false,493.63,2026-07-31T13:00:01.297Z
D0000694,P00157,2024-01-18T13:14:00.000Z,49.74,EUR,confirmed,true,true,261.09,2026-07-31T13:00:01.297Z
D0000186,P00047,2024-02-01T02:13:00.000Z,162.67,EUR,pending,true,false,856.82,2026-07-31T13:00:01.297Z
D0000966,P00217,2024-02-21T06:04:00.000Z,409.28,BRL,pending,true,false,409.28,2026-07-31T13:00:01.297Z
D0000736,P00170,2024-03-05T01:28:00.000Z,1997.51,BRL,confirmed,true,true,1997.51,2026-07-31T13:00:01.297Z
D0000118,P00030,2024-02-08T18:45:00.000Z,336.52,EUR,confirmed,true,true,1766.86,2026-07-31T13:00:01.297Z
D0000060,P00019,2024-01-25T12:39:00.000Z,189.42,EUR,confirmed,true,true,993.39,2026-07-31T13:00:01.297Z
D0000629,P00144,2023-10-22T23:51:00.000Z,1304.64,BRL,confirmed,true,true,1304.64,2026-07-31T13:00:01.297Z
D0000327,P00085,2023-08-28T23:30:00.000Z,1125.61,BRL,confirmed,true,true,1125.61,2026-07-31T13:00:01.297Z
D0000806,P00190,2024-03-20T15:43:00.000Z,61.95,USD,confirmed,true,true,301.48,2026-07-31T13:00:01.297Z
D0000907,P00210,2023-10-29T10:01:00.000Z,1067.42,BRL,confirmed,true,true,1067.42,2026-07-31T13:00:01.297Z
D0001047,P00229,2023-12-03T08:32:00.000Z,165.32,USD,confirmed,true,true,833.52,2026-07-31T13:00:01.297Z
D0000734,P00169,2023-12-23T23:28:00.000Z,1220.76,BRL,confirmed,true,true,1220.76,2026-07-31T13:00:01.297Z
D0000860,P00198,2023-12-11T13:18:00.000Z,281.92,EUR,failed,true,false,1487.61,2026-07-31T13:00:01.297Z
D0000775,P00184,2023-09-12T00:26:00.000Z,662.11,BRL,confirmed,true,true,662.11,2026-07-31T13:00:01.297Z
D0000596,P00142,2023-12-06T01:17:00.000Z,1710.32,BRL,confirmed,true,true,1710.32,2026-07-31T13:00:01.297Z
D0000611,P00143,2024-01-31T01:54:00.000Z,1294.26,BRL,confirmed,true,true,1294.26,2026-07-31T13:00:01.297Z
D0000339,P00089,2024-03-15T03:51:00.000Z,1448.74,BRL,confirmed,true,true,1448.74,2026-07-31T13:00:01.297Z
D0000224,P00056,2023-09-16T06:36:00.000Z,61.26,EUR,pending,true,false,327.64,2026-07-31T13:00:01.297Z
D0000722,P00164,2024-02-10T03:08:00.000Z,301.32,EUR,confirmed,true,true,1588.32,2026-07-31T13:00:01.297Z
D0000113,P00029,2023-12-05T05:27:00.000Z,280.21,BRL,failed,true,false,280.21,2026-07-31T13:00:01.297Z
D0000261,P00069,2024-02-20T08:07:00.000Z,184.76,USD,failed,true,false,905.77,2026-07-31T13:00:01.297Z
D0000256,P00068,2023-11-26T16:30:00.000Z,251.11,USD,confirmed,true,true,1245.05,2026-07-31T13:00:01.297Z
D0001031,P00224,2024-03-17T16:50:00.000Z,179.86,EUR,pending,true,false,956.87,2026-07-31T13:00:01.297Z
D0000607,P00143,2024-02-16T12:12:00.000Z,1510.73,BRL,confirmed,true,true,1510.73,2026-07-31T13:00:01.297Z
D0000106,P00028,2023-12-19T08:44:00.000Z,1275.71,BRL,confirmed,true,true,1275.71,2026-07-31T13:00:01.297Z
D0000120,P00030,2024-01-29T00:14:00.000Z,50.60,EUR,confirmed,true,true,266.17,2026-07-31T13:00:01.297Z
D0000703,P00158,2024-03-15T17:05:00.000Z,178.93,BRL,pending,true,false,178.93,2026-07-31T13:00:01.297Z
D0000651,P00148,2024-03-14T05:12:00.000Z,1456.74,BRL,confirmed,true,true,1456.74,2026-07-31T13:00:01.297Z
D0000993,P00218,2023-10-30T08:44:00.000Z,217.46,BRL,failed,true,false,217.46,2026-07-31T13:00:01.297Z
D0000564,P00139,2023-10-25T00:30:00.000Z,1770.69,BRL,confirmed,true,true,1770.69,2026-07-31T13:00:01.297Z
D0000487,P00120,2024-01-27T21:01:00.000Z,1026.27,BRL,confirmed,true,true,1026.27,2026-07-31T13:00:01.297Z
D0000748,P00176,2024-01-10T20:10:00.000Z,234.20,EUR,confirmed,true,true,1236.32,2026-07-31T13:00:01.297Z
D0000209,P00053,2024-03-02T14:27:00.000Z,645.65,BRL,pending,true,false,645.65,2026-07-31T13:00:01.297Z
D0000382,P00100,2024-01-15T11:02:00.000Z,1246.96,BRL,confirmed,true,true,1246.96,2026-07-31T13:00:01.297Z
D0000531,P00135,2024-02-04T08:54:00.000Z,1586.96,BRL,confirmed,true,true,1586.96,2026-07-31T13:00:01.297Z
D0000248,P00066,2023-12-27T02:25:00.000Z,46.25,USD,failed,true,false,232.52,2026-07-31T13:00:01.297Z
D0000713,P00161,2024-02-22T11:59:00.000Z,744.17,BRL,confirmed,true,true,744.17,2026-07-31T13:00:01.297Z
D0000881,P00203,2023-12-28T02:19:00.000Z,1574.05,BRL,confirmed,true,true,1574.05,2026-07-31T13:00:01.297Z
D0000965,P00217,2024-02-10T05:47:00.000Z,1482.44,BRL,pending,true,false,1482.44,2026-07-31T13:00:01.297Z
D0000366,P00097,2023-12-22T10:14:00.000Z,23.11,USD,confirmed,true,true,116.11,2026-07-31T13:00:01.297Z
D0000484,P00120,2024-01-27T14:42:00.000Z,1893.09,BRL,confirmed,true,true,1893.09,2026-07-31T13:00:01.297Z
D0000212,P00053,2024-03-17T04:43:00.000Z,1144.84,BRL,confirmed,true,true,1144.84,2026-07-31T13:00:01.297Z
D0000329,P00086,2023-09-22T10:42:00.000Z,1045.30,BRL,confirmed,true,true,1045.3,2026-07-31T13:00:01.297Z
D0000452,P00115,2023-10-27T13:11:00.000Z,1076.07,BRL,confirmed,true,true,1076.07,2026-07-31T13:00:01.297Z
D0000757,P00181,2023-10-13T23:24:00.000Z,1407.12,BRL,confirmed,true,true,1407.12,2026-07-31T13:00:01.297Z
D0001036,P00227,2024-01-28T00:23:00.000Z,1526.63,BRL,confirmed,true,true,1526.63,2026-07-31T13:00:01.297Z
D0000954,P00216,2023-11-19T10:37:00.000Z,1367.76,BRL,confirmed,true,true,1367.76,2026-07-31T13:00:01.297Z
D0000801,P00189,2023-11-04T09:43:00.000Z,157.95,EUR,failed,true,false,838.16,2026-07-31T13:00:01.297Z
D0000994,P00219,2024-02-12T01:55:00.000Z,1713.24,BRL,confirmed,true,true,1713.24,2026-07-31T13:00:01.297Z
D0000740,P00171,2024-01-19T04:50:00.000Z,288.26,USD,confirmed,true,true,1404.31,2026-07-31T13:00:01.297Z
D0001048,P00229,2024-01-05T18:01:00.000Z,1532.63,BRL,failed,true,false,1532.63,2026-07-31T13:00:01.297Z
D0000878,P00202,2024-03-12T15:55:00.000Z,867.65,BRL,failed,true,false,867.65,2026-07-31T13:00:01.297Z
D0000904,P00210,2023-10-27T14:55:00.000Z,1785.58,BRL,confirmed,true,true,1785.58,2026-07-31T13:00:01.297Z
D0000928,P00216,2023-10-07T02:35:00.000Z,58.34,BRL,confirmed,true,true,58.34,2026-07-31T13:00:01.297Z
D0000431,P00113,2024-01-09T00:50:00.000Z,90.23,EUR,confirmed,true,true,476.2,2026-07-31T13:00:01.297Z
D0000781,P00187,2023-10-10T05:27:00.000Z,137.40,EUR,pending,true,false,732.66,2026-07-31T13:00:01.297Z
D0001104,P00246,2024-02-12T12:51:00.000Z,305.26,BRL,confirmed,true,true,305.26,2026-07-31T13:00:01.297Z
D0000136,P00033,2024-03-17T00:19:00.000Z,1938.38,BRL,confirmed,true,true,1938.38,2026-07-31T13:00:01.297Z
D0000193,P00049,2024-03-21T04:09:00.000Z,1237.48,BRL,confirmed,true,true,1237.48,2026-07-31T13:00:01.297Z
D0000771,P00184,2023-10-12T02:01:00.000Z,102.09,USD,confirmed,true,true,518.79,2026-07-31T13:00:01.297Z
D0000814,P00193,2024-01-16T21:33:00.000Z,563.27,BRL,failed,true,false,563.27,2026-07-31T13:00:01.297Z
D0001002,P00219,2024-02-10T02:18:00.000Z,1827.12,BRL,confirmed,true,true,1827.12,2026-07-31T13:00:01.297Z
D0000669,P00153,2024-03-10T11:50:00.000Z,115.22,USD,pending,true,false,553.98,2026-07-31T13:00:01.297Z
D0000825,P00193,2024-02-07T22:38:00.000Z,1336.10,BRL,confirmed,true,true,1336.1,2026-07-31T13:00:01.297Z
D0000419,P00111,2023-12-13T02:04:00.000Z,190.86,EUR,confirmed,true,true,1016.48,2026-07-31T13:00:01.297Z
D0001091,P00242,2023-10-14T12:12:00.000Z,267.20,BRL,confirmed,true,true,267.2,2026-07-31T13:00:01.297Z
D0000298,P00075,2024-01-14T13:39:00.000Z,183.81,USD,failed,true,false,901.1,2026-07-31T13:00:01.297Z
D0000549,P00137,2023-10-12T05:20:00.000Z,992.77,BRL,failed,true,false,992.77,2026-07-31T13:00:01.297Z
D0000380,P00100,2023-12-23T02:15:00.000Z,1751.85,BRL,confirmed,true,true,1751.85,2026-07-31T13:00:01.297Z
D0000958,P00217,2024-02-19T02:19:00.000Z,1776.18,BRL,confirmed,true,true,1776.18,2026-07-31T13:00:01.297Z
D0000826,P00193,2024-03-04T05:46:00.000Z,1329.54,BRL,pending,true,false,1329.54,2026-07-31T13:00:01.297Z
D0000664,P00152,2024-03-10T02:22:00.000Z,1401.66,BRL,confirmed,true,true,1401.66,2026-07-31T13:00:01.297Z
D0000107,P00029,2023-12-02T01:05:00.000Z,1098.43,BRL,confirmed,true,true,1098.43,2026-07-31T13:00:01.297Z
D0000437,P00115,2023-10-15T21:31:00.000Z,748.43,BRL,confirmed,true,true,748.43,2026-07-31T13:00:01.297Z
D0000089,P00026,2024-03-07T14:03:00.000Z,210.72,BRL,confirmed,true,true,210.72,2026-07-31T13:00:01.297Z
D0000962,P00217,2024-02-27T05:37:00.000Z,1964.75,BRL,confirmed,true,true,1964.75,2026-07-31T13:00:01.297Z
D0000813,P00193,2023-12-27T06:27:00.000Z,1948.07,BRL,confirmed,true,true,1948.07,2026-07-31T13:00:01.297Z
D0000080,P00023,2024-02-29T04:26:00.000Z,1004.44,BRL,confirmed,true,true,1004.44,2026-07-31T13:00:01.297Z
D0000723,P00165,2023-11-11T01:01:00.000Z,878.37,BRL,confirmed,true,true,878.37,2026-07-31T13:00:01.297Z
D0000830,P00193,2023-12-13T04:48:00.000Z,367.73,BRL,confirmed,true,true,367.73,2026-07-31T13:00:01.297Z
D0000900,P00209,2023-11-07T12:57:00.000Z,864.27,BRL,confirmed,true,true,864.27,2026-07-31T13:00:01.297Z
D0000715,P00161,2023-12-24T15:19:00.000Z,1751.26,BRL,failed,true,false,1751.26,2026-07-31T13:00:01.297Z
D0000750,P00177,2024-02-16T12:10:00.000Z,1101.82,BRL,confirmed,true,true,1101.82,2026-07-31T13:00:01.297Z
D0000123,P00031,2024-01-07T23:49:00.000Z,153.63,USD,pending,true,false,762.97,2026-07-31T13:00:01.297Z
D0000827,P00193,2024-03-13T20:51:00.000Z,1604.22,BRL,confirmed,true,true,1604.22,2026-07-31T13:00:01.297Z
D0001147,P00104,2024-02-13T19:40:00.000Z,41.00,USD,confirmed,true,true,199.88,2026-07-31T13:00:01.297Z
D0000543,P00136,2023-11-19T23:17:00.000Z,1781.66,BRL,confirmed,true,true,1781.66,2026-07-31T13:00:01.297Z
D0000114,P00029,2023-12-05T13:31:00.000Z,562.75,BRL,pending,true,false,562.75,2026-07-31T13:00:01.297Z
D0000649,P00148,2024-03-11T17:02:00.000Z,701.87,BRL,failed,true,false,701.87,2026-07-31T13:00:01.297Z
D0000672,P00153,2024-03-10T16:13:00.000Z,227.93,USD,confirmed,true,true,1095.9,2026-07-31T13:00:01.297Z
D0000088,P00026,2024-03-03T20:05:00.000Z,638.64,BRL,failed,true,false,638.64,2026-07-31T13:00:01.297Z
D0000413,P00110,2023-12-08T17:08:00.000Z,14.12,USD,confirmed,true,true,70.62,2026-07-31T13:00:01.297Z
D0000147,P00037,2023-11-29T10:24:00.000Z,995.12,BRL,failed,true,false,995.12,2026-07-31T13:00:01.297Z
D0000464,P00118,2023-11-22T21:44:00.000Z,990.94,BRL,confirmed,true,true,990.94,2026-07-31T13:00:01.297Z
D0000691,P00156,2024-01-01T14:18:00.000Z,195.69,EUR,confirmed,true,true,1034.95,2026-07-31T13:00:01.297Z
D0000695,P00157,2024-03-10T02:33:00.000Z,686.41,BRL,confirmed,true,true,686.41,2026-07-31T13:00:01.297Z
D0000922,P00214,2024-03-12T23:53:00.000Z,95.30,EUR,confirmed,true,true,504.82,2026-07-31T13:00:01.297Z
D0000056,P00016,2023-10-21T08:29:00.000Z,1126.23,BRL,confirmed,true,true,1126.23,2026-07-31T13:00:01.297Z
D0000987,P00218,2023-10-13T18:43:00.000Z,692.02,BRL,confirmed,true,true,692.02,2026-07-31T13:00:01.297Z
D0000159,P00038,2024-03-23T04:08:00.000Z,821.41,BRL,confirmed,true,true,821.41,2026-07-31T13:00:01.297Z
D0000834,P00193,2024-02-03T08:27:00.000Z,326.29,USD,confirmed,true,true,1587.14,2026-07-31T13:00:01.297Z
D0000856,P00197,2023-08-15T10:41:00.000Z,151.83,EUR,confirmed,true,true,811.44,2026-07-31T13:00:01.297Z
D0000728,P00167,2024-03-08T17:33:00.000Z,183.26,BRL,failed,true,false,183.26,2026-07-31T13:00:01.297Z
D0000872,P00202,2024-03-07T03:48:00.000Z,859.27,BRL,confirmed,true,true,859.27,2026-07-31T13:00:01.297Z
D0000241,P00063,2023-11-21T02:35:00.000Z,747.95,BRL,confirmed,true,true,747.95,2026-07-31T13:00:01.297Z
D0000859,P00198,2023-12-13T08:43:00.000Z,291.97,USD,confirmed,true,true,1476.29,2026-07-31T13:00:01.297Z
D0000408,P00108,2024-02-26T01:53:00.000Z,604.14,BRL,confirmed,true,true,604.14,2026-07-31T13:00:01.297Z
D0000246,P00066,2023-12-29T00:54:00.000Z,47.05,USD,confirmed,true,true,234.42,2026-07-31T13:00:01.297Z
D0000357,P00095,2023-12-20T15:48:00.000Z,763.01,BRL,confirmed,true,true,763.01,2026-07-31T13:00:01.297Z
D0000059,P00019,2024-01-19T09:16:00.000Z,73.57,EUR,confirmed,true,true,384.29,2026-07-31T13:00:01.297Z
D0000283,P00072,2024-02-16T18:18:00.000Z,29.25,EUR,confirmed,true,true,153.71,2026-07-31T13:00:01.297Z
D0000244,P00066,2024-01-02T09:06:00.000Z,395.58,USD,confirmed,true,true,1951.21,2026-07-31T13:00:01.297Z
D0000156,P00038,2024-03-16T16:58:00.000Z,78.50,EUR,confirmed,true,true,417.63,2026-07-31T13:00:01.297Z
D0000475,P00118,2023-11-09T05:59:00.000Z,189.71,BRL,confirmed,true,true,189.71,2026-07-31T13:00:01.297Z
D0000794,P00188,2023-11-21T10:49:00.000Z,37.96,EUR,confirmed,true,true,198.86,2026-07-31T13:00:01.297Z
D0000840,P00194,2023-10-18T00:47:00.000Z,209.09,EUR,confirmed,true,true,1125.74,2026-07-31T13:00:01.297Z
D0000690,P00156,2023-12-16T09:20:00.000Z,1023.86,BRL,confirmed,true,true,1023.86,2026-07-31T13:00:01.297Z
D0000934,P00216,2023-11-14T23:02:00.000Z,481.24,BRL,pending,true,false,481.24,2026-07-31T13:00:01.297Z
D0000074,P00023,2024-02-29T06:45:00.000Z,1630.87,BRL,confirmed,true,true,1630.87,2026-07-31T13:00:01.297Z
D0000867,P00199,2024-02-21T23:50:00.000Z,1927.16,BRL,confirmed,true,true,1927.16,2026-07-31T13:00:01.297Z
D0000190,P00048,2023-09-05T08:26:00.000Z,1264.96,BRL,confirmed,true,true,1264.96,2026-07-31T13:00:01.297Z
D0000104,P00028,2023-12-25T22:49:00.000Z,1381.74,BRL,confirmed,true,true,1381.74,2026-07-31T13:00:01.297Z
D0000923,P00214,2024-03-15T02:34:00.000Z,295.83,EUR,confirmed,true,true,1573.85,2026-07-31T13:00:01.297Z
D0000929,P00216,2023-12-08T14:04:00.000Z,1099.36,BRL,confirmed,true,true,1099.36,2026-07-31T13:00:01.297Z
D0001035,P00225,2024-03-19T00:48:00.000Z,1424.03,BRL,confirmed,true,true,1424.03,2026-07-31T13:00:01.297Z
D0000977,P00217,2024-02-02T02:24:00.000Z,1592.44,BRL,confirmed,true,true,1592.44,2026-07-31T13:00:01.297Z
D0001087,P00241,2023-12-25T01:34:00.000Z,1800.15,BRL,confirmed,true,true,1800.15,2026-07-31T13:00:01.297Z
D0000448,P00115,2023-10-17T19:29:00.000Z,1328.71,BRL,pending,true,false,1328.71,2026-07-31T13:00:01.297Z
D0000808,P00192,2023-12-19T23:42:00.000Z,507.94,BRL,failed,true,false,507.94,2026-07-31T13:00:01.297Z
D0000524,P00135,2024-02-02T01:06:00.000Z,1226.41,BRL,confirmed,true,true,1226.41,2026-07-31T13:00:01.297Z
D0000738,P00170,2024-03-01T06:12:00.000Z,1790.23,BRL,confirmed,true,true,1790.23,2026-07-31T13:00:01.297Z
D0000004,P00001,2024-01-18T17:20:00.000Z,1615.49,BRL,confirmed,true,true,1615.49,2026-07-31T13:00:01.297Z
D0000634,P00144,2024-01-02T13:53:00.000Z,330.09,USD,confirmed,true,true,1628.18,2026-07-31T13:00:01.297Z
D0000028,P00006,2024-02-17T03:35:00.000Z,315.58,USD,confirmed,true,true,1553.72,2026-07-31T13:00:01.297Z
D0000140,P00036,2023-09-12T18:05:00.000Z,435.61,BRL,confirmed,true,true,435.61,2026-07-31T13:00:01.297Z
D0001030,P00223,2024-02-20T00:13:00.000Z,263.48,USD,confirmed,true,true,1291.68,2026-07-31T13:00:01.297Z
D0000075,P00023,2024-02-27T02:13:00.000Z,373.66,BRL,confirmed,true,true,373.66,2026-07-31T13:00:01.297Z
D0001011,P00222,2023-11-26T12:25:00.000Z,1826.12,BRL,confirmed,true,true,1826.12,2026-07-31T13:00:01.297Z
D0000961,P00217,2024-02-09T00:12:00.000Z,1299.08,BRL,confirmed,true,true,1299.08,2026-07-31T13:00:01.297Z
D0000015,P00005,2023-09-07T03:22:00.000Z,103.98,USD,confirmed,true,true,523.96,2026-07-31T13:00:01.297Z
D0000324,P00082,2024-02-28T01:17:00.000Z,262.22,BRL,confirmed,true,true,262.22,2026-07-31T13:00:01.297Z
D0000957,P00216,2023-10-30T05:27:00.000Z,1604.20,BRL,confirmed,true,true,1604.2,2026-07-31T13:00:01.297Z
D0000489,P00122,2024-03-22T23:32:00.000Z,1269.20,BRL,confirmed,true,true,1269.2,2026-07-31T13:00:01.297Z
D0000544,P00136,2023-09-03T02:38:00.000Z,781.72,BRL,confirmed,true,true,781.72,2026-07-31T13:00:01.297Z
D0000041,P00008,2023-12-23T10:36:00.000Z,618.32,BRL,confirmed,true,true,618.32,2026-07-31T13:00:01.297Z
D0000282,P00072,2024-03-07T10:01:00.000Z,1702.24,BRL,failed,true,false,1702.24,2026-07-31T13:00:01.297Z
D0000942,P00216,2023-12-12T20:14:00.000Z,754.87,BRL,confirmed,true,true,754.87,2026-07-31T13:00:01.297Z
D0000231,P00059,2023-11-24T19:19:00.000Z,210.15,EUR,confirmed,true,true,1099.38,2026-07-31T13:00:01.297Z
D0000020,P00005,2023-10-07T21:14:00.000Z,389.80,USD,failed,true,false,1969.39,2026-07-31T13:00:01.297Z
D0000213,P00053,2024-01-30T05:17:00.000Z,705.75,BRL,confirmed,true,true,705.75,2026-07-31T13:00:01.297Z
D0000368,P00098,2024-02-17T10:47:00.000Z,820.53,BRL,confirmed,true,true,820.53,2026-07-31T13:00:01.297Z
D0000249,P00066,2023-12-29T19:51:00.000Z,116.01,USD,confirmed,true,true,578.01,2026-07-31T13:00:01.297Z
D0000311,P00078,2024-02-18T11:08:00.000Z,1338.41,BRL,confirmed,true,true,1338.41,2026-07-31T13:00:01.297Z
D0000574,P00139,2023-08-02T04:39:00.000Z,1338.72,BRL,confirmed,true,true,1338.72,2026-07-31T13:00:01.297Z
D0000001,P00001,2024-01-14T09:15:00.000Z,278.77,BRL,pending,true,false,278.77,2026-07-31T13:00:01.297Z
D0000468,P00118,2023-11-17T13:03:00.000Z,1860.87,BRL,confirmed,true,true,1860.87,2026-07-31T13:00:01.297Z
D0000403,P00106,2023-11-01T17:33:00.000Z,275.53,EUR,pending,true,false,1462.71,2026-07-31T13:00:01.297Z
D0000417,P00111,2024-02-09T01:40:00.000Z,291.67,EUR,confirmed,true,true,1537.45,2026-07-31T13:00:01.297Z
D0001007,P00221,2023-08-31T19:38:00.000Z,1982.62,BRL,confirmed,true,true,1982.62,2026-07-31T13:00:01.297Z
D0000085,P00026,2024-03-06T17:02:00.000Z,317.44,USD,failed,true,false,1546.91,2026-07-31T13:00:01.297Z
D0000663,P00152,2024-02-29T10:05:00.000Z,1408.47,BRL,confirmed,true,true,1408.47,2026-07-31T13:00:01.297Z
D0000979,P00217,2024-02-27T07:58:00.000Z,1014.84,BRL,confirmed,true,true,1014.84,2026-07-31T13:00:01.297Z
D0000743,P00172,2024-01-28T15:11:00.000Z,27.97,EUR,confirmed,true,true,146.87,2026-07-31T13:00:01.297Z
D0000457,P00116,2023-11-01T11:24:00.000Z,136.15,USD,confirmed,true,true,680.78,2026-07-31T13:00:01.297Z
D0000576,P00139,2023-10-18T21:05:00.000Z,1876.52,BRL,confirmed,true,true,1876.52,2026-07-31T13:00:01.297Z
D0000485,P00120,2024-01-27T14:14:00.000Z,87.20,BRL,failed,true,false,87.2,2026-07-31T13:00:01.297Z
D0001004,P00220,2024-01-31T16:24:00.000Z,301.82,BRL,confirmed,true,true,301.82,2026-07-31T13:00:01.297Z
D0000439,P00115,2023-10-26T13:55:00.000Z,963.37,BRL,failed,true,false,963.37,2026-07-31T13:00:01.297Z
D0001145,P00073,2024-02-12T08:45:00.000Z,1768.71,BRL,confirmed,true,true,1768.71,2026-07-31T13:00:01.297Z
D0001045,P00228,2024-03-01T02:27:00.000Z,960.79,BRL,confirmed,true,true,960.79,2026-07-31T13:00:01.297Z
D0000822,P00193,2024-03-18T17:43:00.000Z,862.02,BRL,confirmed,true,true,862.02,2026-07-31T13:00:01.297Z
D0000584,P00140,2023-10-15T15:59:00.000Z,1727.30,BRL,failed,true,false,1727.3,2026-07-31T13:00:01.297Z
D0000425,P00112,2023-10-13T02:57:00.000Z,815.22,BRL,confirmed,true,true,815.22,2026-07-31T13:00:01.297Z
D0000857,P00197,2023-08-16T16:30:00.000Z,158.32,EUR,confirmed,true,true,846.47,2026-07-31T13:00:01.297Z
D0000635,P00144,2023-12-28T13:04:00.000Z,272.65,BRL,confirmed,true,true,272.65,2026-07-31T13:00:01.297Z
D0001151,P00138,2024-02-13T15:34:00.000Z,282.17,USD,confirmed,true,true,1375.6,2026-07-31T13:00:01.297Z
D0000609,P00143,2024-01-22T06:46:00.000Z,1074.27,BRL,confirmed,true,true,1074.27,2026-07-31T13:00:01.297Z
D0000161,P00038,2024-03-06T13:22:00.000Z,1145.86,BRL,failed,true,false,1145.86,2026-07-31T13:00:01.297Z
D0000144,P00036,2023-10-25T09:05:00.000Z,1022.84,BRL,failed,true,false,1022.84,2026-07-31T13:00:01.297Z
D0000557,P00138,2024-01-21T21:34:00.000Z,76.80,USD,confirmed,true,true,374.14,2026-07-31T13:00:01.297Z
D0000264,P00070,2024-03-15T00:14:00.000Z,1903.19,BRL,confirmed,true,true,1903.19,2026-07-31T13:00:01.297Z
D0000102,P00028,2024-01-13T00:56:00.000Z,520.11,BRL,confirmed,true,true,520.11,2026-07-31T13:00:01.297Z
D0000657,P00148,2024-03-16T03:18:00.000Z,865.54,BRL,confirmed,true,true,865.54,2026-07-31T13:00:01.297Z
D0000376,P00099,2024-01-02T06:34:00.000Z,282.05,EUR,confirmed,true,true,1484.57,2026-07-31T13:00:01.297Z
D0000553,P00137,2023-10-11T17:40:00.000Z,263.49,EUR,confirmed,true,true,1405.03,2026-07-31T13:00:01.297Z
D0000680,P00153,2024-03-09T01:22:00.000Z,388.13,USD,confirmed,true,true,1866.15,2026-07-31T13:00:01.297Z
D0000481,P00120,2024-01-27T17:35:00.000Z,463.16,BRL,confirmed,true,true,463.16,2026-07-31T13:00:01.297Z
D0000410,P00109,2024-01-19T02:38:00.000Z,1940.61,BRL,confirmed,true,true,1940.61,2026-07-31T13:00:01.297Z
D0000239,P00061,2023-12-19T01:53:00.000Z,101.79,EUR,confirmed,true,true,539.24,2026-07-31T13:00:01.297Z
D0001136,P00078,2024-01-01T18:06:00.000Z,1081.47,BRL,confirmed,true,true,1081.47,2026-07-31T13:00:01.297Z
D0001013,P00222,2023-11-15T10:48:00.000Z,1458.70,BRL,confirmed,true,true,1458.7,2026-07-31T13:00:01.297Z
D0000017,P00005,2023-10-15T14:54:00.000Z,276.78,USD,failed,true,false,1401.47,2026-07-31T13:00:01.297Z
D0000842,P00195,2023-12-31T13:16:00.000Z,164.70,EUR,confirmed,true,true,874.44,2026-07-31T13:00:01.297Z
D0001043,P00228,2024-03-01T22:08:00.000Z,151.61,BRL,pending,true,false,151.61,2026-07-31T13:00:01.297Z
D0000525,P00135,2024-01-17T14:44:00.000Z,364.60,BRL,confirmed,true,true,364.6,2026-07-31T13:00:01.297Z
D0000424,P00112,2023-11-08T17:09:00.000Z,111.89,BRL,confirmed,true,true,111.89,2026-07-31T13:00:01.297Z
D0000971,P00217,2024-02-04T06:23:00.000Z,459.96,BRL,confirmed,true,true,459.96,2026-07-31T13:00:01.297Z
D0001063,P00231,2024-02-19T01:36:00.000Z,1852.43,BRL,failed,true,false,1852.43,2026-07-31T13:00:01.297Z
D0000243,P00063,2023-12-10T02:05:00.000Z,1678.70,BRL,confirmed,true,true,1678.7,2026-07-31T13:00:01.297Z
D0000399,P00104,2024-02-28T08:05:00.000Z,209.07,USD,confirmed,true,true,1029.81,2026-07-31T13:00:01.297Z
D0000141,P00036,2023-11-16T08:46:00.000Z,29.75,USD,pending,true,false,147.6,2026-07-31T13:00:01.297Z
D0000371,P00098,2024-02-18T01:04:00.000Z,559.16,BRL,confirmed,true,true,559.16,2026-07-31T13:00:01.297Z
D0000701,P00157,2024-03-09T02:46:00.000Z,860.44,BRL,confirmed,true,true,860.44,2026-07-31T13:00:01.297Z
D0000844,P00195,2024-03-14T00:25:00.000Z,238.96,EUR,confirmed,true,true,1275.28,2026-07-31T13:00:01.297Z
D0000210,P00053,2024-03-21T09:43:00.000Z,729.98,BRL,confirmed,true,true,729.98,2026-07-31T13:00:01.297Z
D0000290,P00073,2024-01-14T02:28:00.000Z,433.11,BRL,confirmed,true,true,433.11,2026-07-31T13:00:01.297Z
D0000855,P00197,2023-08-14T05:04:00.000Z,189.62,EUR,confirmed,true,true,1009.92,2026-07-31T13:00:01.297Z
D0000642,P00145,2023-12-03T01:09:00.000Z,1594.87,BRL,confirmed,true,true,1594.87,2026-07-31T13:00:01.297Z
D0000551,P00137,2023-10-12T10:00:00.000Z,945.77,BRL,confirmed,true,true,945.77,2026-07-31T13:00:01.297Z
D0000953,P00216,2023-10-08T13:06:00.000Z,955.21,BRL,confirmed,true,true,955.21,2026-07-31T13:00:01.297Z
D0000067,P00021,2023-11-02T08:53:00.000Z,1015.19,BRL,confirmed,true,true,1015.19,2026-07-31T13:00:01.297Z
D0000505,P00129,2024-03-13T03:25:00.000Z,120.46,EUR,confirmed,true,true,640.18,2026-07-31T13:00:01.297Z
D0001075,P00238,2023-11-24T07:53:00.000Z,56.02,BRL,failed,true,false,56.02,2026-07-31T13:00:01.297Z
D0000913,P00213,2023-08-11T01:57:00.000Z,631.15,BRL,confirmed,true,true,631.15,2026-07-31T13:00:01.297Z
D0000921,P00214,2024-03-12T02:03:00.000Z,221.05,EUR,confirmed,true,true,1170.95,2026-07-31T13:00:01.297Z
D0000472,P00118,2023-10-15T11:16:00.000Z,977.92,BRL,confirmed,true,true,977.92,2026-07-31T13:00:01.297Z
D0000072,P00022,2023-10-24T20:02:00.000Z,1324.66,BRL,confirmed,true,true,1324.66,2026-07-31T13:00:01.297Z
D0000747,P00176,2024-03-04T06:29:00.000Z,798.08,BRL,confirmed,true,true,798.08,2026-07-31T13:00:01.297Z
D0000308,P00078,2024-02-06T16:04:00.000Z,280.70,BRL,confirmed,true,true,280.7,2026-07-31T13:00:01.297Z
D0001140,P00244,2024-02-12T09:08:00.000Z,555.17,BRL,confirmed,true,true,555.17,2026-07-31T13:00:01.297Z
D0001078,P00240,2023-12-14T00:23:00.000Z,1917.22,BRL,failed,true,false,1917.22,2026-07-31T13:00:01.297Z
D0001076,P00238,2023-10-30T15:52:00.000Z,1744.56,BRL,confirmed,true,true,1744.56,2026-07-31T13:00:01.297Z
D0000940,P00216,2023-11-08T08:43:00.000Z,1772.05,BRL,confirmed,true,true,1772.05,2026-07-31T13:00:01.297Z
D0000670,P00153,2024-03-09T16:03:00.000Z,41.57,USD,failed,true,false,199.87,2026-07-31T13:00:01.297Z
D0000563,P00139,2023-09-28T02:58:00.000Z,97.74,EUR,confirmed,true,true,519.02,2026-07-31T13:00:01.297Z
D0000195,P00049,2024-03-08T00:52:00.000Z,369.13,USD,failed,true,false,1774.8,2026-07-31T13:00:01.297Z
D0000381,P00100,2024-01-11T21:43:00.000Z,354.19,BRL,confirmed,true,true,354.19,2026-07-31T13:00:01.297Z
D0000875,P00202,2024-02-29T00:21:00.000Z,1449.37,BRL,confirmed,true,true,1449.37,2026-07-31T13:00:01.297Z
D0000254,P00068,2023-11-18T11:47:00.000Z,14.82,USD,failed,true,false,73.19,2026-07-31T13:00:01.297Z
D0000101,P00028,2023-10-27T21:15:00.000Z,626.31,BRL,confirmed,true,true,626.31,2026-07-31T13:00:01.297Z
D0000451,P00115,2023-10-17T16:34:00.000Z,1923.14,BRL,confirmed,true,true,1923.14,2026-07-31T13:00:01.297Z
D0000414,P00111,2023-12-13T22:30:00.000Z,12.83,EUR,pending,true,false,68.33,2026-07-31T13:00:01.297Z
D0001018,P00222,2023-11-15T01:52:00.000Z,522.47,BRL,pending,true,false,522.47,2026-07-31T13:00:01.297Z
D0000537,P00135,2024-02-04T10:20:00.000Z,1590.88,BRL,confirmed,true,true,1590.88,2026-07-31T13:00:01.297Z
D0000126,P00031,2023-10-20T05:13:00.000Z,156.75,USD,confirmed,true,true,790.98,2026-07-31T13:00:01.297Z
D0000455,P00115,2023-11-01T23:28:00.000Z,708.15,BRL,confirmed,true,true,708.15,2026-07-31T13:00:01.297Z
D0001028,P00222,2023-11-19T03:06:00.000Z,820.37,BRL,confirmed,true,true,820.37,2026-07-31T13:00:01.297Z
D0000269,P00070,2024-03-06T19:13:00.000Z,432.05,BRL,confirmed,true,true,432.05,2026-07-31T13:00:01.297Z
D0000897,P00208,2023-12-22T04:31:00.000Z,774.36,BRL,pending,true,false,774.36,2026-07-31T13:00:01.297Z
D0000035,P00007,2024-02-10T01:19:00.000Z,67.66,EUR,confirmed,true,true,356.65,2026-07-31T13:00:01.297Z
D0000151,P00037,2023-11-22T23:24:00.000Z,1898.21,BRL,confirmed,true,true,1898.21,2026-07-31T13:00:01.297Z
D0000131,P00032,2024-02-17T19:20:00.000Z,371.16,USD,confirmed,true,true,1827.36,2026-07-31T13:00:01.297Z
D0000705,P00158,2024-03-15T07:35:00.000Z,317.01,BRL,confirmed,true,true,317.01,2026-07-31T13:00:01.297Z
D0000225,P00056,2024-01-02T16:49:00.000Z,165.57,EUR,confirmed,true,true,871.48,2026-07-31T13:00:01.297Z
D0000727,P00167,2024-03-06T06:10:00.000Z,330.23,EUR,pending,true,false,1749.89,2026-07-31T13:00:01.297Z
D0000606,P00143,2024-02-04T14:25:00.000Z,570.82,BRL,confirmed,true,true,570.82,2026-07-31T13:00:01.297Z
D0000436,P00115,2023-11-01T08:12:00.000Z,1525.56,BRL,failed,true,false,1525.56,2026-07-31T13:00:01.297Z
D0000764,P00182,2024-03-03T14:20:00.000Z,206.81,USD,confirmed,true,true,1016.09,2026-07-31T13:00:01.297Z
D0001113,P00247,2024-02-07T01:05:00.000Z,1323.73,BRL,confirmed,true,true,1323.73,2026-07-31T13:00:01.297Z
D0000096,P00027,2024-02-06T13:28:00.000Z,1509.12,BRL,failed,true,false,1509.12,2026-07-31T13:00:01.297Z
D0001130,P00250,2023-09-19T10:10:00.000Z,201.64,EUR,confirmed,true,true,1076.35,2026-07-31T13:00:01.297Z
D0000051,P00012,2024-01-22T17:37:00.000Z,919.27,BRL,confirmed,true,true,919.27,2026-07-31T13:00:01.297Z
D0000314,P00080,2024-01-11T22:19:00.000Z,212.86,EUR,confirmed,true,true,1119.9,2026-07-31T13:00:01.297Z
D0000963,P00217,2024-03-04T02:29:00.000Z,1251.40,BRL,confirmed,true,true,1251.4,2026-07-31T13:00:01.297Z
D0001019,P00222,2023-11-21T01:18:00.000Z,382.65,BRL,confirmed,true,true,382.65,2026-07-31T13:00:01.297Z
D0001141,P00193,2024-02-12T02:08:00.000Z,328.21,BRL,confirmed,true,true,328.21,2026-07-31T13:00:01.297Z
D0000700,P00157,2024-02-26T02:56:00.000Z,918.87,BRL,confirmed,true,true,918.87,2026-07-31T13:00:01.297Z
D0000582,P00139,2023-10-14T00:01:00.000Z,1356.63,BRL,confirmed,true,true,1356.63,2026-07-31T13:00:01.297Z
D0000007,P00002,2024-02-10T11:43:00.000Z,1161.09,BRL,confirmed,true,true,1161.09,2026-07-31T13:00:01.297Z
D0000676,P00153,2024-03-09T21:28:00.000Z,217.44,USD,failed,true,false,1045.46,2026-07-31T13:00:01.297Z
D0000331,P00087,2023-11-04T20:09:00.000Z,230.88,USD,confirmed,true,true,1154.62,2026-07-31T13:00:01.297Z
D0000363,P00095,2023-12-12T03:05:00.000Z,898.99,BRL,confirmed,true,true,898.99,2026-07-31T13:00:01.297Z
D0000970,P00217,2024-02-13T07:50:00.000Z,90.94,BRL,confirmed,true,true,90.94,2026-07-31T13:00:01.297Z
D0000800,P00189,2023-12-06T06:36:00.000Z,98.45,EUR,confirmed,true,true,516.59,2026-07-31T13:00:01.297Z
D0000299,P00075,2024-02-13T21:07:00.000Z,242.07,EUR,confirmed,true,true,1267.67,2026-07-31T13:00:01.297Z
D0000614,P00143,2024-02-16T21:49:00.000Z,588.95,BRL,confirmed,true,true,588.95,2026-07-31T13:00:01.297Z
D0000470,P00118,2023-10-21T23:48:00.000Z,1363.59,BRL,pending,true,false,1363.59,2026-07-31T13:00:01.297Z
D0000613,P00143,2024-01-25T22:40:00.000Z,544.00,BRL,confirmed,true,true,544.0,2026-07-31T13:00:01.297Z
D0000219,P00054,2023-10-27T11:58:00.000Z,1494.79,BRL,confirmed,true,true,1494.79,2026-07-31T13:00:01.297Z
D0000353,P00094,2023-11-20T21:05:00.000Z,546.31,BRL,confirmed,true,true,546.31,2026-07-31T13:00:01.297Z
D0000688,P00156,2024-01-29T05:22:00.000Z,1146.85,BRL,confirmed,true,true,1146.85,2026-07-31T13:00:01.297Z
D0000892,P00206,2023-11-19T03:31:00.000Z,1061.94,BRL,confirmed,true,true,1061.94,2026-07-31T13:00:01.297Z
D0000084,P00026,2024-03-05T04:35:00.000Z,1014.69,BRL,confirmed,true,true,1014.69,2026-07-31T13:00:01.297Z
D0000302,P00076,2023-12-14T22:34:00.000Z,1899.01,BRL,confirmed,true,true,1899.01,2026-07-31T13:00:01.297Z
D0000969,P00217,2024-02-08T00:53:00.000Z,1131.28,BRL,confirmed,true,true,1131.28,2026-07-31T13:00:01.297Z
D0000319,P00081,2023-10-25T04:04:00.000Z,271.81,USD,confirmed,true,true,1375.89,2026-07-31T13:00:01.297Z
D0000222,P00055,2023-11-05T22:04:00.000Z,347.89,USD,confirmed,true,true,1739.78,2026-07-31T13:00:01.297Z
D0000428,P00113,2024-01-19T22:59:00.000Z,80.87,EUR,confirmed,true,true,422.42,2026-07-31T13:00:01.297Z
D0000918,P00214,2024-03-13T08:54:00.000Z,52.69,EUR,confirmed,true,true,280.02,2026-07-31T13:00:01.297Z
D0000149,P00037,2023-11-26T23:10:00.000Z,216.48,USD,confirmed,true,true,1073.35,2026-07-31T13:00:01.297Z
D0000086,P00026,2024-03-02T22:10:00.000Z,1681.57,BRL,confirmed,true,true,1681.57,2026-07-31T13:00:01.297Z
D0000586,P00140,2023-10-06T10:46:00.000Z,878.31,BRL,confirmed,true,true,878.31,2026-07-31T13:00:01.297Z
D0000109,P00029,2023-12-02T03:15:00.000Z,903.10,BRL,pending,true,false,903.1,2026-07-31T13:00:01.297Z
D0001042,P00227,2024-02-20T13:04:00.000Z,1066.87,BRL,confirmed,true,true,1066.87,2026-07-31T13:00:01.297Z
D0000542,P00136,2024-01-18T02:43:00.000Z,665.23,BRL,confirmed,true,true,665.23,2026-07-31T13:00:01.297Z
D0001070,P00234,2023-08-18T06:37:00.000Z,138.43,EUR,confirmed,true,true,741.86,2026-07-31T13:00:01.297Z
D0001038,P00227,2024-02-28T05:17:00.000Z,1894.46,BRL,confirmed,true,true,1894.46,2026-07-31T13:00:01.297Z
D0000795,P00188,2024-02-17T18:20:00.000Z,297.97,EUR,confirmed,true,true,1565.89,2026-07-31T13:00:01.297Z
D0000837,P00193,2024-02-04T15:19:00.000Z,127.15,USD,pending,true,false,618.48,2026-07-31T13:00:01.297Z
D0000523,P00135,2023-12-25T01:02:00.000Z,157.37,BRL,confirmed,true,true,157.37,2026-07-31T13:00:01.297Z
D0000845,P00195,2023-11-10T20:47:00.000Z,172.22,EUR,confirmed,true,true,909.68,2026-07-31T13:00:01.297Z
D0000240,P00063,2023-10-22T17:53:00.000Z,1020.59,BRL,confirmed,true,true,1020.59,2026-07-31T13:00:01.297Z
D0001051,P00230,2024-01-11T09:09:00.000Z,190.28,BRL,confirmed,true,true,190.28,2026-07-31T13:00:01.297Z
D0000714,P00161,2023-12-12T01:48:00.000Z,1544.56,BRL,confirmed,true,true,1544.56,2026-07-31T13:00:01.297Z
D0001124,P00249,2023-12-11T10:22:00.000Z,206.20,EUR,confirmed,true,true,1088.06,2026-07-31T13:00:01.297Z
D0000698,P00157,2024-02-22T14:25:00.000Z,1047.53,BRL,confirmed,true,true,1047.53,2026-07-31T13:00:01.297Z
D0000291,P00073,2023-11-28T16:07:00.000Z,195.21,BRL,pending,true,false,195.21,2026-07-31T13:00:01.297Z
D0001044,P00228,2024-03-01T02:32:00.000Z,1120.25,BRL,confirmed,true,true,1120.25,2026-07-31T13:00:01.297Z
D0000360,P00095,2023-10-30T08:44:00.000Z,1335.60,BRL,confirmed,true,true,1335.6,2026-07-31T13:00:01.297Z
D0000936,P00216,2023-11-26T11:42:00.000Z,231.95,USD,confirmed,true,true,1150.06,2026-07-31T13:00:01.297Z
D0001041,P00227,2024-02-16T15:14:00.000Z,346.05,EUR,failed,true,false,1818.56,2026-07-31T13:00:01.297Z
D0000494,P00125,2023-12-27T01:44:00.000Z,1383.89,BRL,confirmed,true,true,1383.89,2026-07-31T13:00:01.297Z
D0000804,P00189,2023-11-15T18:01:00.000Z,74.38,EUR,confirmed,true,true,388.55,2026-07-31T13:00:01.297Z
D0000265,P00070,2024-03-18T09:42:00.000Z,1142.29,BRL,confirmed,true,true,1142.29,2026-07-31T13:00:01.297Z
D0000770,P00184,2023-09-18T04:10:00.000Z,339.93,USD,confirmed,true,true,1725.96,2026-07-31T13:00:01.297Z
D0000121,P00030,2024-03-26T09:18:00.000Z,334.39,EUR,confirmed,true,true,1793.0,2026-07-31T13:00:01.297Z
D0000943,P00216,2023-10-13T00:12:00.000Z,869.12,BRL,confirmed,true,true,869.12,2026-07-31T13:00:01.297Z
D0000469,P00118,2023-10-26T05:44:00.000Z,672.67,BRL,confirmed,true,true,672.67,2026-07-31T13:00:01.297Z
D0001032,P00224,2024-03-22T23:44:00.000Z,336.07,EUR,confirmed,true,true,1789.44,2026-07-31T13:00:01.297Z
D0000066,P00021,2023-10-01T02:24:00.000Z,1906.09,BRL,confirmed,true,true,1906.09,2026-07-31T13:00:01.297Z
D0000520,P00135,2024-01-20T13:31:00.000Z,1022.35,BRL,failed,true,false,1022.35,2026-07-31T13:00:01.297Z
D0000905,P00210,2023-11-27T16:35:00.000Z,1165.39,BRL,confirmed,true,true,1165.39,2026-07-31T13:00:01.297Z
D0000712,P00160,2024-01-22T00:23:00.000Z,1401.90,BRL,confirmed,true,true,1401.9,2026-07-31T13:00:01.297Z
D0000625,P00143,2024-01-23T19:48:00.000Z,1714.02,BRL,confirmed,true,true,1714.02,2026-07-31T13:00:01.297Z
D0000687,P00156,2024-01-02T01:16:00.000Z,130.25,BRL,confirmed,true,true,130.25,2026-07-31T13:00:01.297Z
D0000055,P00016,2023-10-04T02:47:00.000Z,262.71,USD,confirmed,true,true,1337.5,2026-07-31T13:00:01.297Z
D0001050,P00229,2023-09-10T05:18:00.000Z,392.61,BRL,confirmed,true,true,392.61,2026-07-31T13:00:01.297Z
D0000915,P00213,2024-02-13T10:07:00.000Z,511.16,BRL,confirmed,true,true,511.16,2026-07-31T13:00:01.297Z
D0001148,P00202,2024-02-13T01:36:00.000Z,161.95,BRL,confirmed,true,true,161.95,2026-07-31T13:00:01.297Z
D0000658,P00149,2024-03-26T11:14:00.000Z,1815.88,BRL,confirmed,true,true,1815.88,2026-07-31T13:00:01.297Z
D0000043,P00009,2024-03-10T16:45:00.000Z,270.99,EUR,confirmed,true,true,1425.54,2026-07-31T13:00:01.297Z
D0000442,P00115,2023-10-15T05:04:00.000Z,759.95,BRL,confirmed,true,true,759.95,2026-07-31T13:00:01.297Z
D0000753,P00178,2024-03-16T13:24:00.000Z,1188.74,BRL,confirmed,true,true,1188.74,2026-07-31T13:00:01.297Z
D0000320,P00081,2023-10-16T05:37:00.000Z,185.75,USD,confirmed,true,true,944.83,2026-07-31T13:00:01.297Z
D0000012,P00004,2024-03-12T13:30:00.000Z,1254.78,BRL,confirmed,true,true,1254.78,2026-07-31T13:00:01.297Z
D0000684,P00154,2023-12-12T09:18:00.000Z,76.98,USD,confirmed,true,true,386.5,2026-07-31T13:00:01.297Z
D0000058,P00018,2023-12-31T02:48:00.000Z,142.20,EUR,confirmed,true,true,754.98,2026-07-31T13:00:01.297Z
D0000168,P00042,2023-11-11T02:26:00.000Z,180.91,USD,confirmed,true,true,902.35,2026-07-31T13:00:01.297Z
D0000495,P00125,2024-01-08T17:41:00.000Z,888.63,BRL,failed,true,false,888.63,2026-07-31T13:00:01.297Z
D0000077,P00023,2024-02-25T23:43:00.000Z,571.32,BRL,failed,true,false,571.32,2026-07-31T13:00:01.297Z
D0000883,P00203,2024-01-09T10:48:00.000Z,231.00,BRL,confirmed,true,true,231.0,2026-07-31T13:00:01.297Z
D0000562,P00139,2023-11-29T09:14:00.000Z,276.95,USD,confirmed,true,true,1386.62,2026-07-31T13:00:01.297Z
D0000626,P00143,2024-02-05T07:12:00.000Z,394.41,BRL,confirmed,true,true,394.41,2026-07-31T13:00:01.297Z
D0000050,P00012,2024-01-05T10:37:00.000Z,554.54,BRL,confirmed,true,true,554.54,2026-07-31T13:00:01.297Z
D0000725,P00166,2024-03-04T00:06:00.000Z,134.40,BRL,confirmed,true,true,134.4,2026-07-31T13:00:01.297Z
D0000575,P00139,2023-11-24T12:58:00.000Z,1378.96,BRL,confirmed,true,true,1378.96,2026-07-31T13:00:01.297Z
D0000052,P00013,2024-02-02T21:05:00.000Z,991.40,BRL,confirmed,true,true,991.4,2026-07-31T13:00:01.297Z
D0000778,P00186,2023-11-04T18:21:00.000Z,514.25,BRL,confirmed,true,true,514.25,2026-07-31T13:00:01.297Z
D0000054,P00016,2023-11-15T00:45:00.000Z,932.27,BRL,confirmed,true,true,932.27,2026-07-31T13:00:01.297Z
D0000099,P00028,2023-11-11T17:44:00.000Z,1220.02,BRL,confirmed,true,true,1220.02,2026-07-31T13:00:01.297Z
D0000668,P00153,2024-03-09T05:02:00.000Z,37.57,USD,failed,true,false,180.64,2026-07-31T13:00:01.297Z
D0000128,P00031,2023-11-24T15:23:00.000Z,1799.71,BRL,confirmed,true,true,1799.71,2026-07-31T13:00:01.297Z
D0000530,P00135,2023-12-28T01:46:00.000Z,1959.73,BRL,confirmed,true,true,1959.73,2026-07-31T13:00:01.297Z
D0000095,P00027,2024-01-31T02:22:00.000Z,201.52,EUR,confirmed,true,true,1065.88,2026-07-31T13:00:01.297Z
D0000073,P00023,2024-02-25T23:49:00.000Z,1642.62,BRL,confirmed,true,true,1642.62,2026-07-31T13:00:01.297Z
D0000930,P00216,2023-12-14T23:24:00.000Z,161.36,EUR,confirmed,true,true,859.23,2026-07-31T13:00:01.297Z
D0000173,P00043,2024-01-28T14:38:00.000Z,1423.78,BRL,confirmed,true,true,1423.78,2026-07-31T13:00:01.297Z
D0000194,P00049,2024-03-20T20:21:00.000Z,1402.64,BRL,confirmed,true,true,1402.64,2026-07-31T13:00:01.297Z
D0000443,P00115,2023-11-05T15:49:00.000Z,1647.15,BRL,confirmed,true,true,1647.15,2026-07-31T13:00:01.297Z
D0000588,P00140,2023-09-26T09:44:00.000Z,1424.52,BRL,confirmed,true,true,1424.52,2026-07-31T13:00:01.297Z
D0000876,P00202,2024-03-06T07:02:00.000Z,1556.13,BRL,confirmed,true,true,1556.13,2026-07-31T13:00:01.297Z
D0000529,P00135,2024-01-08T02:03:00.000Z,856.83,BRL,confirmed,true,true,856.83,2026-07-31T13:00:01.297Z
D0000861,P00198,2023-12-07T13:06:00.000Z,53.89,EUR,confirmed,true,true,282.58,2026-07-31T13:00:01.297Z
D0000925,P00215,2024-01-02T20:21:00.000Z,1034.40,BRL,failed,true,false,1034.4,2026-07-31T13:00:01.297Z
D0000789,P00188,2023-09-12T10:47:00.000Z,37.23,EUR,confirmed,true,true,197.01,2026-07-31T13:00:01.297Z
D0001149,P00208,2024-02-13T22:51:00.000Z,1754.99,BRL,confirmed,true,true,1754.99,2026-07-31T13:00:01.297Z
D0000179,P00044,2023-10-07T11:11:00.000Z,1339.03,BRL,confirmed,true,true,1339.03,2026-07-31T13:00:01.297Z
D0000039,P00008,2023-12-06T14:38:00.000Z,889.70,BRL,failed,true,false,889.7,2026-07-31T13:00:01.297Z
D0000884,P00204,2023-12-06T17:46:00.000Z,211.45,EUR,confirmed,true,true,1109.52,2026-07-31T13:00:01.297Z
D0000365,P00097,2023-12-11T14:51:00.000Z,181.20,USD,confirmed,true,true,908.62,2026-07-31T13:00:01.297Z
D0001005,P00220,2024-02-23T08:45:00.000Z,303.37,BRL,confirmed,true,true,303.37,2026-07-31T13:00:01.297Z
D0001122,P00249,2023-11-25T11:27:00.000Z,1036.99,BRL,confirmed,true,true,1036.99,2026-07-31T13:00:01.297Z
D0000572,P00139,2023-10-19T18:49:00.000Z,185.73,BRL,confirmed,true,true,185.73,2026-07-31T13:00:01.297Z
D0000093,P00027,2024-01-06T01:23:00.000Z,44.84,USD,failed,true,false,222.69,2026-07-31T13:00:01.297Z
D0000347,P00094,2023-11-22T15:52:00.000Z,1069.29,BRL,failed,true,false,1069.29,2026-07-31T13:00:01.297Z
D0000433,P00114,2024-01-19T02:05:00.000Z,774.23,BRL,confirmed,true,true,774.23,2026-07-31T13:00:01.297Z
D0000534,P00135,2024-01-30T01:29:00.000Z,616.45,BRL,confirmed,true,true,616.45,2026-07-31T13:00:01.297Z
D0000868,P00201,2023-10-03T06:46:00.000Z,50.14,EUR,confirmed,true,true,267.69,2026-07-31T13:00:01.297Z
D0000849,P00196,2024-01-02T01:49:00.000Z,1723.47,BRL,confirmed,true,true,1723.47,2026-07-31T13:00:01.297Z
D0000199,P00050,2023-10-09T10:10:00.000Z,1741.02,BRL,failed,true,false,1741.02,2026-07-31T13:00:01.297Z
D0000675,P00153,2024-03-10T09:33:00.000Z,34.71,USD,confirmed,true,true,166.89,2026-07-31T13:00:01.297Z
D0000847,P00195,2024-01-21T02:52:00.000Z,39.80,EUR,confirmed,true,true,207.89,2026-07-31T13:00:01.297Z
D0000597,P00142,2024-01-24T02:37:00.000Z,77.70,BRL,confirmed,true,true,77.7,2026-07-31T13:00:01.297Z
D0000997,P00219,2024-03-04T00:08:00.000Z,1194.56,BRL,confirmed,true,true,1194.56,2026-07-31T13:00:01.297Z
D0001006,P00220,2024-02-16T12:32:00.000Z,1227.23,BRL,pending,true,false,1227.23,2026-07-31T13:00:01.297Z
D0000426,P00113,2024-01-15T03:49:00.000Z,51.47,EUR,confirmed,true,true,270.52,2026-07-31T13:00:01.297Z
D0000565,P00139,2023-08-30T17:38:00.000Z,949.42,BRL,confirmed,true,true,949.42,2026-07-31T13:00:01.297Z
D0000941,P00216,2023-10-13T07:07:00.000Z,679.85,BRL,failed,true,false,679.85,2026-07-31T13:00:01.297Z
D0000038,P00008,2024-01-08T19:24:00.000Z,12.64,USD,confirmed,true,true,62.77,2026-07-31T13:00:01.297Z
D0000048,P00012,2023-12-15T14:02:00.000Z,1332.32,BRL,confirmed,true,true,1332.32,2026-07-31T13:00:01.297Z
D0001053,P00230,2023-12-21T14:37:00.000Z,777.63,BRL,confirmed,true,true,777.63,2026-07-31T13:00:01.297Z
D0000623,P00143,2024-02-01T12:59:00.000Z,288.11,EUR,confirmed,true,true,1517.53,2026-07-31T13:00:01.297Z
D0000053,P00015,2024-01-04T09:30:00.000Z,187.58,USD,confirmed,true,true,925.18,2026-07-31T13:00:01.297Z
D0001026,P00222,2023-11-15T19:10:00.000Z,1770.46,BRL,confirmed,true,true,1770.46,2026-07-31T13:00:01.297Z
D0000110,P00029,2023-12-02T00:42:00.000Z,276.17,BRL,confirmed,true,true,276.17,2026-07-31T13:00:01.297Z
D0000919,P00214,2024-03-15T11:10:00.000Z,276.18,EUR,confirmed,true,true,1469.31,2026-07-31T13:00:01.297Z
D0000603,P00143,2024-02-01T01:55:00.000Z,1425.94,BRL,confirmed,true,true,1425.94,2026-07-31T13:00:01.297Z
D0001073,P00236,2023-12-03T08:23:00.000Z,972.80,BRL,confirmed,true,true,972.8,2026-07-31T13:00:01.297Z
D0001110,P00247,2024-02-13T03:07:00.000Z,339.71,BRL,confirmed,true,true,339.71,2026-07-31T13:00:01.297Z
D0000704,P00158,2024-03-11T11:45:00.000Z,1833.10,BRL,confirmed,true,true,1833.1,2026-07-31T13:00:01.297Z
D0000959,P00217,2024-02-18T14:09:00.000Z,1942.03,BRL,confirmed,true,true,1942.03,2026-07-31T13:00:01.297Z
D0000512,P00133,2024-03-23T07:20:00.000Z,1793.94,BRL,confirmed,true,true,1793.94,2026-07-31T13:00:01.297Z
D0001100,P00245,2024-03-17T20:46:00.000Z,1850.16,BRL,confirmed,true,true,1850.16,2026-07-31T13:00:01.297Z
D0000501,P00127,2023-08-24T13:45:00.000Z,979.37,BRL,confirmed,true,true,979.37,2026-07-31T13:00:01.297Z
D0000310,P00078,2024-02-15T17:28:00.000Z,637.63,BRL,confirmed,true,true,637.63,2026-07-31T13:00:01.297Z
D0000850,P00196,2024-01-09T02:44:00.000Z,18.51,USD,confirmed,true,true,91.76,2026-07-31T13:00:01.297Z
D0000908,P00210,2023-11-15T04:13:00.000Z,1087.13,BRL,pending,true,false,1087.13,2026-07-31T13:00:01.297Z
D0000752,P00177,2024-02-19T00:53:00.000Z,674.94,BRL,confirmed,true,true,674.94,2026-07-31T13:00:01.297Z
D0000891,P00206,2023-11-09T06:33:00.000Z,978.69,BRL,confirmed,true,true,978.69,2026-07-31T13:00:01.297Z
D0000033,P00007,2024-01-23T18:55:00.000Z,226.15,USD,confirmed,true,true,1095.31,2026-07-31T13:00:01.297Z
D0000103,P00028,2023-09-12T20:36:00.000Z,1871.15,BRL,confirmed,true,true,1871.15,2026-07-31T13:00:01.297Z
D0000318,P00081,2023-10-08T16:31:00.000Z,36.27,USD,confirmed,true,true,183.25,2026-07-31T13:00:01.297Z
D0001114,P00247,2024-01-29T00:36:00.000Z,1354.14,BRL,confirmed,true,true,1354.14,2026-07-31T13:00:01.297Z
D0001109,P00246,2024-01-14T01:32:00.000Z,974.06,BRL,pending,true,false,974.06,2026-07-31T13:00:01.297Z
D0000578,P00139,2023-11-04T11:22:00.000Z,1937.40,BRL,confirmed,true,true,1937.4,2026-07-31T13:00:01.297Z
D0000899,P00209,2024-01-01T01:22:00.000Z,1647.29,BRL,confirmed,true,true,1647.29,2026-07-31T13:00:01.297Z
D0000418,P00111,2023-12-07T15:17:00.000Z,281.99,EUR,confirmed,true,true,1478.67,2026-07-31T13:00:01.297Z
D0000587,P00140,2023-10-02T12:02:00.000Z,575.04,BRL,pending,true,false,575.04,2026-07-31T13:00:01.297Z
D0000823,P00193,2023-12-23T15:25:00.000Z,100.63,BRL,confirmed,true,true,100.63,2026-07-31T13:00:01.297Z
D0000275,P00071,2023-12-06T21:48:00.000Z,140.79,EUR,pending,true,false,738.75,2026-07-31T13:00:01.297Z
D0000330,P00086,2023-10-19T02:32:00.000Z,1622.75,BRL,confirmed,true,true,1622.75,2026-07-31T13:00:01.297Z
D0000391,P00103,2024-03-18T11:54:00.000Z,255.08,EUR,failed,true,false,1356.46,2026-07-31T13:00:01.297Z
D0000009,P00003,2023-11-26T11:11:00.000Z,736.74,BRL,confirmed,true,true,736.74,2026-07-31T13:00:01.297Z
D0000710,P00158,2024-03-15T15:44:00.000Z,900.33,BRL,confirmed,true,true,900.33,2026-07-31T13:00:01.297Z
D0000787,P00188,2023-11-08T04:55:00.000Z,328.35,EUR,confirmed,true,true,1745.05,2026-07-31T13:00:01.297Z
D0000398,P00104,2024-02-23T23:18:00.000Z,263.45,USD,confirmed,true,true,1287.14,2026-07-31T13:00:01.297Z
D0000685,P00154,2023-12-18T22:39:00.000Z,67.85,USD,confirmed,true,true,342.98,2026-07-31T13:00:01.297Z
D0000914,P00213,2023-10-26T00:15:00.000Z,1886.08,BRL,failed,true,false,1886.08,2026-07-31T13:00:01.297Z
D0000263,P00069,2024-02-20T14:56:00.000Z,318.80,USD,pending,true,false,1562.88,2026-07-31T13:00:01.297Z
D0000285,P00073,2024-01-02T16:35:00.000Z,261.43,EUR,failed,true,false,1376.04,2026-07-31T13:00:01.297Z
D0001025,P00222,2023-11-13T02:42:00.000Z,1979.12,BRL,confirmed,true,true,1979.12,2026-07-31T13:00:01.297Z
D0000125,P00031,2023-12-11T20:21:00.000Z,127.78,EUR,failed,true,false,674.26,2026-07-31T13:00:01.297Z
D0000774,P00184,2023-10-15T23:31:00.000Z,78.63,USD,failed,true,false,398.14,2026-07-31T13:00:01.297Z
D0001072,P00236,2023-11-28T10:48:00.000Z,1593.98,BRL,confirmed,true,true,1593.98,2026-07-31T13:00:01.297Z
D0000139,P00035,2023-09-12T14:37:00.000Z,775.87,BRL,confirmed,true,true,775.87,2026-07-31T13:00:01.297Z
D0001111,P00247,2024-02-02T02:47:00.000Z,640.24,BRL,confirmed,true,true,640.24,2026-07-31T13:00:01.297Z
D0000165,P00040,2024-02-14T03:20:00.000Z,324.25,BRL,confirmed,true,true,324.25,2026-07-31T13:00:01.297Z
D0001016,P00222,2023-11-27T07:00:00.000Z,1504.62,BRL,failed,true,false,1504.62,2026-07-31T13:00:01.297Z
D0001143,P00098,2024-02-12T03:38:00.000Z,865.58,BRL,confirmed,true,true,865.58,2026-07-31T13:00:01.297Z
D0000555,P00138,2024-01-10T22:35:00.000Z,71.42,USD,confirmed,true,true,352.72,2026-07-31T13:00:01.297Z
D0000817,P00193,2023-12-17T15:27:00.000Z,119.93,BRL,confirmed,true,true,119.93,2026-07-31T13:00:01.297Z
D0000877,P00202,2024-02-29T16:42:00.000Z,162.73,BRL,confirmed,true,true,162.73,2026-07-31T13:00:01.297Z
D0000411,P00109,2024-01-18T10:40:00.000Z,1289.91,BRL,confirmed,true,true,1289.91,2026-07-31T13:00:01.297Z
D0001127,P00250,2023-09-19T03:41:00.000Z,153.49,EUR,confirmed,true,true,819.33,2026-07-31T13:00:01.297Z
D0000454,P00115,2023-11-05T02:11:00.000Z,1347.22,BRL,failed,true,false,1347.22,2026-07-31T13:00:01.297Z
D0000317,P00081,2023-10-07T09:35:00.000Z,373.62,USD,pending,true,false,1887.64,2026-07-31T13:00:01.297Z
D0000646,P00147,2024-03-11T09:40:00.000Z,1974.23,BRL,confirmed,true,true,1974.23,2026-07-31T13:00:01.297Z
D0001131,P00250,2023-09-21T07:38:00.000Z,117.56,EUR,confirmed,true,true,627.42,2026-07-31T13:00:01.297Z
D0000191,P00048,2023-10-10T01:06:00.000Z,208.11,EUR,pending,true,false,1109.7,2026-07-31T13:00:01.297Z
D0000375,P00099,2024-01-26T18:14:00.000Z,552.75,BRL,confirmed,true,true,552.75,2026-07-31T13:00:01.297Z
D0000462,P00118,2023-10-29T03:16:00.000Z,566.73,BRL,failed,true,false,566.73,2026-07-31T13:00:01.297Z
D0000030,P00006,2024-02-15T02:45:00.000Z,1440.56,BRL,confirmed,true,true,1440.56,2026-07-31T13:00:01.297Z
D0000345,P00092,2024-03-09T14:16:00.000Z,1649.88,BRL,confirmed,true,true,1649.88,2026-07-31T13:00:01.297Z
D0000297,P00075,2024-02-24T11:35:00.000Z,84.27,EUR,confirmed,true,true,441.69,2026-07-31T13:00:01.297Z
D0000566,P00139,2023-09-03T01:35:00.000Z,841.09,BRL,confirmed,true,true,841.09,2026-07-31T13:00:01.297Z
D0000513,P00134,2023-08-24T02:29:00.000Z,1201.12,BRL,confirmed,true,true,1201.12,2026-07-31T13:00:01.297Z
D0000637,P00144,2023-10-29T19:50:00.000Z,1173.14,BRL,confirmed,true,true,1173.14,2026-07-31T13:00:01.297Z
D0001009,P00221,2023-08-16T09:44:00.000Z,611.43,BRL,failed,true,false,611.43,2026-07-31T13:00:01.297Z
D0000082,P00023,2024-02-28T22:20:00.000Z,1875.86,BRL,confirmed,true,true,1875.86,2026-07-31T13:00:01.297Z
D0000182,P00046,2023-09-14T03:03:00.000Z,857.27,BRL,confirmed,true,true,857.27,2026-07-31T13:00:01.297Z
D0000699,P00157,2024-01-31T00:22:00.000Z,883.90,BRL,confirmed,true,true,883.9,2026-07-31T13:00:01.297Z
D0000016,P00005,2023-09-18T09:15:00.000Z,40.82,USD,pending,true,false,207.26,2026-07-31T13:00:01.297Z
D0000654,P00148,2024-03-14T22:29:00.000Z,1786.45,BRL,confirmed,true,true,1786.45,2026-07-31T13:00:01.297Z
D0000094,P00027,2024-02-26T20:41:00.000Z,796.31,BRL,failed,true,false,796.31,2026-07-31T13:00:01.297Z
D0000008,P00003,2023-12-02T16:29:00.000Z,1002.81,BRL,confirmed,true,true,1002.81,2026-07-31T13:00:01.297Z
D0000097,P00027,2024-02-24T01:46:00.000Z,1798.36,BRL,confirmed,true,true,1798.36,2026-07-31T13:00:01.297Z
D0000335,P00089,2024-03-15T07:37:00.000Z,1161.81,BRL,confirmed,true,true,1161.81,2026-07-31T13:00:01.297Z
D0000022,P00005,2023-09-05T14:11:00.000Z,119.35,USD,confirmed,true,true,601.31,2026-07-31T13:00:01.297Z
D0000655,P00148,2024-03-11T13:17:00.000Z,315.99,BRL,confirmed,true,true,315.99,2026-07-31T13:00:01.297Z
D0000197,P00050,2023-10-01T04:26:00.000Z,160.66,EUR,failed,true,false,857.92,2026-07-31T13:00:01.297Z
D0000387,P00101,2024-02-07T15:24:00.000Z,665.52,BRL,confirmed,true,true,665.52,2026-07-31T13:00:01.297Z
D0000832,P00193,2024-01-19T01:23:00.000Z,1226.85,BRL,confirmed,true,true,1226.85,2026-07-31T13:00:01.297Z
D0001089,P00241,2023-12-24T06:45:00.000Z,1221.32,BRL,confirmed,true,true,1221.32,2026-07-31T13:00:01.297Z
D0001125,P00249,2023-12-11T00:02:00.000Z,243.90,EUR,confirmed,true,true,1286.99,2026-07-31T13:00:01.297Z
D0000793,P00188,2023-10-21T07:40:00.000Z,278.95,EUR,confirmed,true,true,1485.46,2026-07-31T13:00:01.297Z
D0000776,P00184,2023-10-26T19:53:00.000Z,355.43,USD,confirmed,true,true,1790.98,2026-07-31T13:00:01.297Z
D0000018,P00005,2023-10-12T11:03:00.000Z,46.47,USD,confirmed,true,true,236.15,2026-07-31T13:00:01.297Z
D0001097,P00244,2023-09-09T01:54:00.000Z,652.34,BRL,pending,true,false,652.34,2026-07-31T13:00:01.297Z
D0000820,P00193,2024-01-24T10:17:00.000Z,80.46,USD,confirmed,true,true,390.34,2026-07-31T13:00:01.297Z
D0000378,P00099,2024-01-21T05:13:00.000Z,198.55,EUR,confirmed,true,true,1037.11,2026-07-31T13:00:01.297Z
D0000236,P00060,2023-12-03T00:03:00.000Z,96.97,EUR,confirmed,true,true,512.53,2026-07-31T13:00:01.297Z
D0000013,P00005,2023-09-02T16:34:00.000Z,149.86,EUR,confirmed,true,true,794.72,2026-07-31T13:00:01.297Z
D0000477,P00120,2024-01-27T18:39:00.000Z,731.95,BRL,failed,true,false,731.95,2026-07-31T13:00:01.297Z
D0000541,P00135,2024-01-12T00:33:00.000Z,1637.62,BRL,pending,true,false,1637.62,2026-07-31T13:00:01.297Z
D0000348,P00094,2023-11-23T13:56:00.000Z,395.97,BRL,failed,true,false,395.97,2026-07-31T13:00:01.297Z
D0001086,P00241,2023-12-26T03:16:00.000Z,362.03,USD,confirmed,true,true,1823.52,2026-07-31T13:00:01.297Z
D0000135,P00033,2024-03-22T19:20:00.000Z,1408.91,BRL,confirmed,true,true,1408.91,2026-07-31T13:00:01.297Z
D0000176,P00043,2023-11-23T00:00:00.000Z,196.89,EUR,confirmed,true,true,1034.78,2026-07-31T13:00:01.297Z
D0000645,P00147,2024-02-29T23:39:00.000Z,424.21,BRL,pending,true,false,424.21,2026-07-31T13:00:01.297Z
D0000090,P00026,2024-03-05T08:05:00.000Z,1465.68,BRL,confirmed,true,true,1465.68,2026-07-31T13:00:01.297Z
D0000202,P00050,2023-10-08T19:32:00.000Z,284.81,USD,confirmed,true,true,1438.95,2026-07-31T13:00:01.297Z
D0000591,P00141,2024-03-25T11:37:00.000Z,1354.00,BRL,confirmed,true,true,1354.0,2026-07-31T13:00:01.297Z
D0000589,P00141,2024-03-16T17:17:00.000Z,1076.50,BRL,failed,true,false,1076.5,2026-07-31T13:00:01.297Z
D0000434,P00114,2024-01-18T13:03:00.000Z,1865.16,BRL,pending,true,false,1865.16,2026-07-31T13:00:01.297Z
D0000076,P00023,2024-02-29T02:45:00.000Z,217.59,USD,confirmed,true,true,1071.41,2026-07-31T13:00:01.297Z
D0000395,P00103,2024-03-14T09:40:00.000Z,30.41,EUR,failed,true,false,162.29,2026-07-31T13:00:01.297Z
D0001098,P00244,2023-11-17T15:24:00.000Z,1665.94,BRL,confirmed,true,true,1665.94,2026-07-31T13:00:01.297Z
D0000889,P00206,2023-11-29T10:12:00.000Z,1488.15,BRL,confirmed,true,true,1488.15,2026-07-31T13:00:01.297Z
D0000019,P00005,2023-10-11T14:21:00.000Z,211.24,BRL,failed,true,false,211.24,2026-07-31T13:00:01.297Z
D0000011,P00004,2024-02-20T00:32:00.000Z,501.30,BRL,confirmed,true,true,501.3,2026-07-31T13:00:01.297Z
D0001049,P00229,2023-11-07T04:34:00.000Z,212.30,BRL,failed,true,false,212.3,2026-07-31T13:00:01.297Z
D0000683,P00153,2024-03-10T11:29:00.000Z,269.68,USD,confirmed,true,true,1296.64,2026-07-31T13:00:01.297Z
D0001135,P00028,2024-01-01T01:33:00.000Z,1470.24,BRL,confirmed,true,true,1470.24,2026-07-31T13:00:01.297Z
D0000932,P00216,2023-12-05T16:48:00.000Z,426.33,BRL,confirmed,true,true,426.33,2026-07-31T13:00:01.297Z
D0000864,P00198,2023-12-14T03:35:00.000Z,708.58,BRL,confirmed,true,true,708.58,2026-07-31T13:00:01.297Z
D0000287,P00073,2023-11-12T23:20:00.000Z,805.73,BRL,pending,true,false,805.73,2026-07-31T13:00:01.297Z
D0000515,P00134,2023-09-18T10:24:00.000Z,162.80,EUR,confirmed,true,true,868.42,2026-07-31T13:00:01.297Z
D0000869,P00201,2023-09-19T20:09:00.000Z,1535.83,BRL,confirmed,true,true,1535.83,2026-07-31T13:00:01.297Z
D0000535,P00135,2024-01-31T13:26:00.000Z,1488.06,BRL,confirmed,true,true,1488.06,2026-07-31T13:00:01.297Z
D0000519,P00135,2024-01-02T17:00:00.000Z,1922.85,BRL,confirmed,true,true,1922.85,2026-07-31T13:00:01.297Z
D0000998,P00219,2024-02-08T18:58:00.000Z,1988.80,BRL,confirmed,true,true,1988.8,2026-07-31T13:00:01.297Z
D0000432,P00113,2024-01-11T23:37:00.000Z,144.57,EUR,confirmed,true,true,760.61,2026-07-31T13:00:01.297Z
D0000049,P00012,2024-01-14T17:50:00.000Z,1371.07,BRL,confirmed,true,true,1371.07,2026-07-31T13:00:01.297Z
D0000083,P00026,2024-03-07T11:13:00.000Z,748.53,BRL,confirmed,true,true,748.53,2026-07-31T13:00:01.297Z
D0000783,P00187,2023-11-06T23:38:00.000Z,289.26,EUR,confirmed,true,true,1529.78,2026-07-31T13:00:01.297Z
D0000301,P00076,2024-01-07T21:12:00.000Z,918.84,BRL,confirmed,true,true,918.84,2026-07-31T13:00:01.297Z
D0000510,P00131,2024-01-26T04:58:00.000Z,607.53,BRL,confirmed,true,true,607.53,2026-07-31T13:00:01.297Z
D0000392,P00103,2024-03-23T09:00:00.000Z,282.01,EUR,confirmed,true,true,1501.59,2026-07-31T13:00:01.297Z
D0000456,P00116,2023-10-25T07:40:00.000Z,398.77,USD,failed,true,false,2018.56,2026-07-31T13:00:01.297Z
D0000791,P00188,2023-10-15T13:52:00.000Z,182.15,EUR,confirmed,true,true,973.59,2026-07-31T13:00:01.297Z
D0000333,P00088,2023-11-24T21:56:00.000Z,1593.35,BRL,confirmed,true,true,1593.35,2026-07-31T13:00:01.297Z
D0000115,P00029,2023-12-08T02:10:00.000Z,158.11,BRL,failed,true,false,158.11,2026-07-31T13:00:01.297Z
D0000598,P00142,2023-12-23T18:15:00.000Z,771.05,BRL,confirmed,true,true,771.05,2026-07-31T13:00:01.297Z
D0000711,P00160,2024-02-16T12:09:00.000Z,84.21,BRL,confirmed,true,true,84.21,2026-07-31T13:00:01.297Z
D0001090,P00242,2024-01-23T18:14:00.000Z,201.05,EUR,failed,true,false,1051.93,2026-07-31T13:00:01.297Z
D0000917,P00213,2023-10-03T12:06:00.000Z,86.31,BRL,confirmed,true,true,86.31,2026-07-31T13:00:01.297Z
D0000879,P00202,2024-03-05T19:57:00.000Z,661.71,BRL,confirmed,true,true,661.71,2026-07-31T13:00:01.297Z
D0000858,P00198,2023-12-13T05:38:00.000Z,84.70,EUR,failed,true,false,451.1,2026-07-31T13:00:01.297Z
D0000828,P00193,2024-03-02T11:38:00.000Z,1606.39,BRL,confirmed,true,true,1606.39,2026-07-31T13:00:01.297Z
D0000105,P00028,2023-09-27T21:50:00.000Z,76.90,BRL,confirmed,true,true,76.9,2026-07-31T13:00:01.297Z
D0000755,P00179,2023-11-12T00:19:00.000Z,1205.44,BRL,failed,true,false,1205.44,2026-07-31T13:00:01.297Z
D0000590,P00141,2024-03-21T03:40:00.000Z,1070.55,BRL,confirmed,true,true,1070.55,2026-07-31T13:00:01.297Z
D0000528,P00135,2024-01-18T01:55:00.000Z,176.61,BRL,confirmed,true,true,176.61,2026-07-31T13:00:01.297Z
D0001079,P00241,2023-12-27T09:47:00.000Z,1371.96,BRL,confirmed,true,true,1371.96,2026-07-31T13:00:01.297Z
D0000865,P00198,2023-12-09T17:49:00.000Z,347.85,EUR,confirmed,true,true,1825.1,2026-07-31T13:00:01.297Z
D0000677,P00153,2024-03-10T22:04:00.000Z,378.69,USD,failed,true,false,1820.76,2026-07-31T13:00:01.297Z
D0000367,P00098,2023-11-16T01:17:00.000Z,1327.29,BRL,pending,true,false,1327.29,2026-07-31T13:00:01.297Z
D0000463,P00118,2023-11-27T02:04:00.000Z,1162.45,BRL,confirmed,true,true,1162.45,2026-07-31T13:00:01.297Z
D0000650,P00148,2024-03-10T18:31:00.000Z,1853.48,BRL,confirmed,true,true,1853.48,2026-07-31T13:00:01.297Z
D0000792,P00188,2024-01-22T00:41:00.000Z,164.11,EUR,confirmed,true,true,854.9,2026-07-31T13:00:01.297Z
D0000894,P00207,2023-12-15T23:32:00.000Z,995.29,BRL,confirmed,true,true,995.29,2026-07-31T13:00:01.297Z
D0000499,P00126,2024-02-22T00:39:00.000Z,83.29,USD,confirmed,true,true,409.35,2026-07-31T13:00:01.297Z
D0000204,P00051,2024-03-02T06:53:00.000Z,195.09,USD,confirmed,true,true,958.51,2026-07-31T13:00:01.297Z
D0000721,P00164,2024-02-17T00:52:00.000Z,126.30,EUR,confirmed,true,true,663.73,2026-07-31T13:00:01.297Z
D0000047,P00011,2024-02-13T21:34:00.000Z,1591.91,BRL,confirmed,true,true,1591.91,2026-07-31T13:00:01.297Z
D0000352,P00094,2023-12-08T19:36:00.000Z,1619.01,BRL,failed,true,false,1619.01,2026-07-31T13:00:01.297Z
D0000369,P00098,2023-11-24T11:37:00.000Z,1121.71,BRL,confirmed,true,true,1121.71,2026-07-31T13:00:01.297Z
D0000973,P00217,2024-02-01T07:23:00.000Z,1600.05,BRL,confirmed,true,true,1600.05,2026-07-31T13:00:01.297Z
D0000211,P00053,2024-02-26T10:42:00.000Z,824.45,BRL,confirmed,true,true,824.45,2026-07-31T13:00:01.297Z
D0000988,P00218,2023-10-06T20:45:00.000Z,1227.87,BRL,confirmed,true,true,1227.87,2026-07-31T13:00:01.297Z
D0000887,P00205,2024-02-06T12:45:00.000Z,510.39,BRL,confirmed,true,true,510.39,2026-07-31T13:00:01.297Z
D0000809,P00192,2024-02-27T10:24:00.000Z,1629.21,BRL,confirmed,true,true,1629.21,2026-07-31T13:00:01.297Z
D0000242,P00063,2023-11-18T03:00:00.000Z,1392.00,BRL,confirmed,true,true,1392.0,2026-07-31T13:00:01.297Z
D0000346,P00093,2023-11-23T00:24:00.000Z,1848.59,BRL,confirmed,true,true,1848.59,2026-07-31T13:00:01.297Z
D0000516,P00135,2024-01-30T17:58:00.000Z,788.42,BRL,confirmed,true,true,788.42,2026-07-31T13:00:01.297Z
D0000198,P00050,2023-10-13T19:47:00.000Z,416.47,BRL,confirmed,true,true,416.47,2026-07-31T13:00:01.297Z
D0000374,P00099,2023-11-08T09:37:00.000Z,336.82,EUR,confirmed,true,true,1790.06,2026-07-31T13:00:01.297Z
D0001054,P00231,2024-02-19T22:10:00.000Z,1985.32,BRL,confirmed,true,true,1985.32,2026-07-31T13:00:01.297Z
D0000569,P00139,2023-11-20T11:15:00.000Z,898.94,BRL,confirmed,true,true,898.94,2026-07-31T13:00:01.297Z
D0000976,P00217,2024-02-14T20:13:00.000Z,1710.43,BRL,pending,true,false,1710.43,2026-07-31T13:00:01.297Z
D0000556,P00138,2024-02-04T01:45:00.000Z,129.11,EUR,confirmed,true,true,677.0,2026-07-31T13:00:01.297Z
D0001074,P00236,2023-12-05T14:24:00.000Z,1642.85,BRL,pending,true,false,1642.85,2026-07-31T13:00:01.297Z
D0000430,P00113,2024-01-11T00:42:00.000Z,111.60,EUR,confirmed,true,true,587.15,2026-07-31T13:00:01.297Z
D0000196,P00050,2023-10-03T01:55:00.000Z,1008.66,BRL,confirmed,true,true,1008.66,2026-07-31T13:00:01.297Z
D0000412,P00110,2023-12-14T05:26:00.000Z,98.58,USD,confirmed,true,true,499.74,2026-07-31T13:00:01.297Z
D0000739,P00171,2023-12-31T19:46:00.000Z,396.36,USD,confirmed,true,true,1974.84,2026-07-31T13:00:01.297Z
D0000124,P00031,2023-11-14T02:59:00.000Z,223.16,USD,confirmed,true,true,1105.82,2026-07-31T13:00:01.297Z
D0000057,P00016,2023-10-19T14:25:00.000Z,1278.03,BRL,confirmed,true,true,1278.03,2026-07-31T13:00:01.297Z
D0000108,P00029,2023-12-09T05:37:00.000Z,1949.91,BRL,confirmed,true,true,1949.91,2026-07-31T13:00:01.297Z
D0000581,P00139,2023-12-01T19:09:00.000Z,140.76,EUR,pending,true,false,743.97,2026-07-31T13:00:01.297Z
D0000903,P00210,2024-03-23T07:34:00.000Z,848.78,BRL,confirmed,true,true,848.78,2026-07-31T13:00:01.297Z
D0000631,P00144,2023-10-19T10:43:00.000Z,462.77,BRL,confirmed,true,true,462.77,2026-07-31T13:00:01.297Z
D0001060,P00231,2024-01-31T07:37:00.000Z,1306.57,BRL,failed,true,false,1306.57,2026-07-31T13:00:01.297Z
D0001017,P00222,2023-11-21T09:04:00.000Z,687.87,BRL,confirmed,true,true,687.87,2026-07-31T13:00:01.297Z
D0000559,P00138,2024-01-08T12:53:00.000Z,79.80,USD,confirmed,true,true,396.29,2026-07-31T13:00:01.297Z
D0000762,P00182,2023-12-21T12:37:00.000Z,1917.99,BRL,confirmed,true,true,1917.99,2026-07-31T13:00:01.297Z
D0000893,P00206,2023-11-27T10:26:00.000Z,908.16,BRL,pending,true,false,908.16,2026-07-31T13:00:01.297Z
D0000286,P00073,2023-12-25T04:42:00.000Z,1579.40,BRL,confirmed,true,true,1579.4,2026-07-31T13:00:01.297Z
D0000255,P00068,2023-11-28T20:33:00.000Z,97.35,USD,pending,true,false,482.88,2026-07-31T13:00:01.297Z
D0000935,P00216,2023-11-11T00:52:00.000Z,1422.89,BRL,confirmed,true,true,1422.89,2026-07-31T13:00:01.297Z
D0000223,P00056,2024-01-01T11:26:00.000Z,50.74,EUR,confirmed,true,true,268.35,2026-07-31T13:00:01.297Z
D0000579,P00139,2023-08-30T15:25:00.000Z,1738.08,BRL,confirmed,true,true,1738.08,2026-07-31T13:00:01.297Z
D0001101,P00246,2024-01-27T23:35:00.000Z,1335.54,BRL,failed,true,false,1335.54,2026-07-31T13:00:01.297Z
D0000458,P00117,2024-02-10T16:18:00.000Z,184.52,USD,confirmed,true,true,905.88,2026-07-31T13:00:01.297Z
D0001058,P00231,2024-03-09T03:29:00.000Z,1410.07,BRL,confirmed,true,true,1410.07,2026-07-31T13:00:01.297Z
D0001034,P00225,2024-03-27T07:40:00.000Z,1236.64,BRL,confirmed,true,true,1236.64,2026-07-31T13:00:01.297Z
D0000982,P00217,2024-03-03T03:02:00.000Z,625.34,BRL,confirmed,true,true,625.34,2026-07-31T13:00:01.297Z
D0000539,P00135,2024-01-02T09:30:00.000Z,1675.96,BRL,pending,true,false,1675.96,2026-07-31T13:00:01.297Z
D0000652,P00148,2024-03-15T05:06:00.000Z,685.09,BRL,confirmed,true,true,685.09,2026-07-31T13:00:01.297Z
D0000927,P00215,2023-12-10T21:08:00.000Z,1920.04,BRL,confirmed,true,true,1920.04,2026-07-31T13:00:01.297Z
D0000218,P00054,2023-11-12T20:11:00.000Z,1698.57,BRL,failed,true,false,1698.57,2026-07-31T13:00:01.297Z
D0001121,P00249,2023-12-04T01:16:00.000Z,1171.41,BRL,confirmed,true,true,1171.41,2026-07-31T13:00:01.297Z
D0000732,P00169,2023-12-26T01:48:00.000Z,58.21,USD,confirmed,true,true,293.2,2026-07-31T13:00:01.297Z
D0000445,P00115,2023-10-31T02:02:00.000Z,135.37,BRL,pending,true,false,135.37,2026-07-31T13:00:01.297Z
D0001129,P00250,2023-09-19T23:44:00.000Z,33.99,EUR,confirmed,true,true,181.44,2026-07-31T13:00:01.297Z
D0000295,P00075,2024-03-20T10:26:00.000Z,72.52,EUR,confirmed,true,true,384.86,2026-07-31T13:00:01.297Z
D0000338,P00089,2024-03-15T02:11:00.000Z,200.32,BRL,confirmed,true,true,200.32,2026-07-31T13:00:01.297Z
D0000334,P00088,2023-11-21T10:53:00.000Z,120.18,EUR,confirmed,true,true,629.59,2026-07-31T13:00:01.297Z
D0000233,P00060,2023-11-28T02:58:00.000Z,176.66,EUR,confirmed,true,true,925.79,2026-07-31T13:00:01.297Z
D0001117,P00247,2024-01-28T07:44:00.000Z,1731.31,BRL,confirmed,true,true,1731.31,2026-07-31T13:00:01.297Z
D0000370,P00098,2024-02-04T22:29:00.000Z,1640.25,BRL,confirmed,true,true,1640.25,2026-07-31T13:00:01.297Z
D0000916,P00213,2023-10-12T00:40:00.000Z,225.72,USD,confirmed,true,true,1147.04,2026-07-31T13:00:01.297Z
D0000306,P00078,2024-02-07T00:52:00.000Z,397.08,BRL,confirmed,true,true,397.08,2026-07-31T13:00:01.297Z
D0000939,P00216,2023-10-31T15:39:00.000Z,95.08,BRL,pending,true,false,95.08,2026-07-31T13:00:01.297Z
D0000682,P00153,2024-03-09T12:41:00.000Z,212.65,USD,confirmed,true,true,1022.43,2026-07-31T13:00:01.297Z
D0000340,P00089,2024-03-15T02:10:00.000Z,988.96,BRL,confirmed,true,true,988.96,2026-07-31T13:00:01.297Z
D0000276,P00071,2023-11-17T09:08:00.000Z,337.62,EUR,pending,true,false,1765.69,2026-07-31T13:00:01.297Z
D0001066,P00232,2024-03-23T08:11:00.000Z,172.57,USD,confirmed,true,true,841.53,2026-07-31T13:00:01.297Z
D0000235,P00060,2024-01-17T14:02:00.000Z,67.45,EUR,confirmed,true,true,352.03,2026-07-31T13:00:01.297Z
D0001094,P00244,2023-10-21T14:37:00.000Z,1871.15,BRL,confirmed,true,true,1871.15,2026-07-31T13:00:01.297Z
D0000870,P00201,2023-09-24T08:26:00.000Z,318.66,BRL,failed,true,false,318.66,2026-07-31T13:00:01.297Z
D0000758,P00182,2024-01-03T15:21:00.000Z,1626.24,BRL,confirmed,true,true,1626.24,2026-07-31T13:00:01.297Z
D0000846,P00195,2024-03-14T13:44:00.000Z,112.95,EUR,failed,true,false,602.79,2026-07-31T13:00:01.297Z
D0000898,P00208,2023-08-18T00:57:00.000Z,327.17,BRL,confirmed,true,true,327.17,2026-07-31T13:00:01.297Z
D0000409,P00108,2024-02-24T20:29:00.000Z,131.33,EUR,failed,true,false,688.35,2026-07-31T13:00:01.297Z
D0000896,P00208,2023-09-10T12:02:00.000Z,846.81,BRL,confirmed,true,true,846.81,2026-07-31T13:00:01.297Z
D0000496,P00125,2024-01-10T22:07:00.000Z,669.12,BRL,confirmed,true,true,669.12,2026-07-31T13:00:01.297Z
D0000217,P00054,2023-09-30T14:30:00.000Z,1441.07,BRL,confirmed,true,true,1441.07,2026-07-31T13:00:01.297Z
D0000681,P00153,2024-03-10T00:55:00.000Z,261.43,USD,confirmed,true,true,1256.97,2026-07-31T13:00:01.297Z
D0001126,P00249,2023-11-30T02:22:00.000Z,1916.97,BRL,confirmed,true,true,1916.97,2026-07-31T13:00:01.297Z
D0000797,P00188,2023-11-26T02:56:00.000Z,77.55,EUR,confirmed,true,true,405.7,2026-07-31T13:00:01.297Z
D0000029,P00006,2024-02-21T01:39:00.000Z,1375.40,BRL,confirmed,true,true,1375.4,2026-07-31T13:00:01.297Z
D0000708,P00158,2024-03-14T10:44:00.000Z,313.51,EUR,confirmed,true,true,1673.14,2026-07-31T13:00:01.297Z
D0000116,P00030,2024-02-02T16:00:00.000Z,239.20,EUR,confirmed,true,true,1254.27,2026-07-31T13:00:01.297Z
D0000152,P00037,2023-11-27T03:20:00.000Z,1983.51,BRL,confirmed,true,true,1983.51,2026-07-31T13:00:01.297Z
D0000909,P00211,2024-01-02T07:02:00.000Z,1623.50,BRL,confirmed,true,true,1623.5,2026-07-31T13:00:01.297Z
D0000450,P00115,2023-10-16T00:19:00.000Z,568.34,BRL,confirmed,true,true,568.34,2026-07-31T13:00:01.297Z
D0000968,P00217,2024-02-20T02:16:00.000Z,438.29,BRL,confirmed,true,true,438.29,2026-07-31T13:00:01.297Z
D0000667,P00153,2024-03-09T06:29:00.000Z,168.09,USD,confirmed,true,true,808.19,2026-07-31T13:00:01.297Z
D0000492,P00124,2024-03-21T03:15:00.000Z,218.23,EUR,confirmed,true,true,1155.88,2026-07-31T13:00:01.297Z
D0000405,P00106,2023-10-30T02:06:00.000Z,248.24,EUR,confirmed,true,true,1321.7,2026-07-31T13:00:01.297Z
D0000773,P00184,2023-12-01T00:50:00.000Z,88.78,USD,confirmed,true,true,447.62,2026-07-31T13:00:01.297Z
D0001116,P00247,2024-02-10T01:20:00.000Z,1420.34,BRL,confirmed,true,true,1420.34,2026-07-31T13:00:01.297Z
D0000307,P00078,2024-02-13T07:20:00.000Z,844.88,BRL,confirmed,true,true,844.88,2026-07-31T13:00:01.297Z
D0000638,P00145,2023-08-30T01:26:00.000Z,704.23,BRL,confirmed,true,true,704.23,2026-07-31T13:00:01.297Z
D0000453,P00115,2023-11-01T14:22:00.000Z,859.61,BRL,confirmed,true,true,859.61,2026-07-31T13:00:01.297Z
D0000467,P00118,2023-11-28T17:47:00.000Z,1863.98,BRL,confirmed,true,true,1863.98,2026-07-31T13:00:01.297Z
D0000400,P00105,2023-11-26T14:59:00.000Z,1915.36,BRL,failed,true,false,1915.36,2026-07-31T13:00:01.297Z
D0000580,P00139,2023-10-22T02:11:00.000Z,841.76,BRL,confirmed,true,true,841.76,2026-07-31T13:00:01.297Z
D0000601,P00142,2024-03-06T19:03:00.000Z,376.20,BRL,confirmed,true,true,376.2,2026-07-31T13:00:01.297Z
D0000005,P00001,2024-01-14T03:09:00.000Z,857.16,BRL,confirmed,true,true,857.16,2026-07-31T13:00:01.297Z
D0000175,P00043,2024-01-20T04:15:00.000Z,1473.45,BRL,confirmed,true,true,1473.45,2026-07-31T13:00:01.297Z
D0000111,P00029,2023-12-03T10:22:00.000Z,56.65,EUR,confirmed,true,true,299.42,2026-07-31T13:00:01.297Z
D0000490,P00122,2024-03-09T21:52:00.000Z,1270.30,BRL,failed,true,false,1270.3,2026-07-31T13:00:01.297Z
D0000119,P00030,2024-03-13T05:52:00.000Z,94.41,EUR,failed,true,false,501.74,2026-07-31T13:00:01.297Z
D0000561,P00139,2023-08-22T01:52:00.000Z,1523.70,BRL,confirmed,true,true,1523.7,2026-07-31T13:00:01.297Z
D0000964,P00217,2024-01-30T15:29:00.000Z,1843.91,BRL,confirmed,true,true,1843.91,2026-07-31T13:00:01.297Z
D0000924,P00215,2023-11-29T11:17:00.000Z,51.81,EUR,confirmed,true,true,273.02,2026-07-31T13:00:01.297Z
D0000871,P00202,2024-03-03T02:17:00.000Z,973.64,BRL,confirmed,true,true,973.64,2026-07-31T13:00:01.297Z
D0000036,P00008,2024-01-17T09:04:00.000Z,897.62,BRL,confirmed,true,true,897.62,2026-07-31T13:00:01.297Z
D0000502,P00127,2023-11-07T02:14:00.000Z,805.55,BRL,confirmed,true,true,805.55,2026-07-31T13:00:01.297Z
D0000573,P00139,2023-11-07T02:08:00.000Z,1307.73,BRL,confirmed,true,true,1307.73,2026-07-31T13:00:01.297Z
D0000142,P00036,2023-12-03T06:58:00.000Z,796.32,BRL,confirmed,true,true,796.32,2026-07-31T13:00:01.297Z
D0000342,P00091,2023-09-17T07:36:00.000Z,369.75,USD,confirmed,true,true,1877.68,2026-07-31T13:00:01.297Z
D0000960,P00217,2024-01-31T00:22:00.000Z,1647.41,BRL,confirmed,true,true,1647.41,2026-07-31T13:00:01.297Z
D0000459,P00117,2024-02-10T04:14:00.000Z,397.43,USD,confirmed,true,true,1951.13,2026-07-31T13:00:01.297Z
D0000063,P00020,2024-02-03T01:24:00.000Z,278.05,BRL,confirmed,true,true,278.05,2026-07-31T13:00:01.297Z
D0000207,P00053,2024-03-05T17:00:00.000Z,89.10,BRL,confirmed,true,true,89.1,2026-07-31T13:00:01.297Z
D0000624,P00143,2024-02-09T23:41:00.000Z,640.51,BRL,confirmed,true,true,640.51,2026-07-31T13:00:01.297Z
D0001029,P00223,2024-02-23T07:29:00.000Z,834.17,BRL,confirmed,true,true,834.17,2026-07-31T13:00:01.297Z
D0000819,P00193,2024-02-20T20:07:00.000Z,1011.33,BRL,failed,true,false,1011.33,2026-07-31T13:00:01.297Z
D0000785,P00187,2023-10-22T15:57:00.000Z,140.79,EUR,confirmed,true,true,749.73,2026-07-31T13:00:01.297Z
D0000064,P00020,2024-03-12T09:34:00.000Z,1170.87,BRL,confirmed,true,true,1170.87,2026-07-31T13:00:01.297Z
D0000616,P00143,2024-02-08T02:04:00.000Z,553.57,BRL,failed,true,false,553.57,2026-07-31T13:00:01.297Z
D0000848,P00195,2023-10-16T09:09:00.000Z,74.00,EUR,confirmed,true,true,396.02,2026-07-31T13:00:01.297Z
D0000617,P00143,2024-02-18T14:06:00.000Z,441.30,BRL,confirmed,true,true,441.3,2026-07-31T13:00:01.297Z
D0000863,P00198,2023-12-11T19:57:00.000Z,131.39,EUR,confirmed,true,true,693.31,2026-07-31T13:00:01.297Z
D0000619,P00143,2024-02-03T17:01:00.000Z,187.30,BRL,confirmed,true,true,187.3,2026-07-31T13:00:01.297Z
D0000508,P00130,2023-11-16T23:02:00.000Z,529.16,BRL,confirmed,true,true,529.16,2026-07-31T13:00:01.297Z
D0000112,P00029,2023-12-09T06:47:00.000Z,1653.89,BRL,confirmed,true,true,1653.89,2026-07-31T13:00:01.297Z
D0000390,P00102,2024-01-28T08:36:00.000Z,134.13,EUR,confirmed,true,true,704.33,2026-07-31T13:00:01.297Z
D0001120,P00249,2023-11-27T11:51:00.000Z,213.69,EUR,confirmed,true,true,1116.91,2026-07-31T13:00:01.297Z
D0000742,P00172,2024-01-29T10:40:00.000Z,46.73,EUR,confirmed,true,true,245.81,2026-07-31T13:00:01.297Z
D0000910,P00212,2024-02-01T11:24:00.000Z,401.99,BRL,confirmed,true,true,401.99,2026-07-31T13:00:01.297Z
D0000415,P00111,2023-12-15T18:35:00.000Z,321.21,USD,confirmed,true,true,1633.38,2026-07-31T13:00:01.297Z
D0000277,P00071,2023-10-20T04:44:00.000Z,248.00,EUR,confirmed,true,true,1320.65,2026-07-31T13:00:01.297Z
D0000999,P00219,2024-02-24T11:12:00.000Z,448.20,BRL,confirmed,true,true,448.2,2026-07-31T13:00:01.297Z
D0000215,P00054,2023-11-24T14:18:00.000Z,1377.47,BRL,confirmed,true,true,1377.47,2026-07-31T13:00:01.297Z
D0001020,P00222,2023-11-16T17:43:00.000Z,812.16,BRL,confirmed,true,true,812.16,2026-07-31T13:00:01.297Z
D0000068,P00021,2023-10-26T17:18:00.000Z,211.21,BRL,confirmed,true,true,211.21,2026-07-31T13:00:01.297Z
D0000665,P00153,2024-03-09T04:45:00.000Z,45.38,USD,confirmed,true,true,218.19,2026-07-31T13:00:01.297Z
D0000343,P00092,2024-03-21T01:28:00.000Z,1340.40,BRL,confirmed,true,true,1340.4,2026-07-31T13:00:01.297Z
D0001096,P00244,2023-10-03T01:42:00.000Z,938.78,BRL,confirmed,true,true,938.78,2026-07-31T13:00:01.297Z
D0000323,P00082,2024-02-26T08:49:00.000Z,696.55,BRL,confirmed,true,true,696.55,2026-07-31T13:00:01.297Z
D0001103,P00246,2024-01-12T02:54:00.000Z,601.93,BRL,confirmed,true,true,601.93,2026-07-31T13:00:01.297Z
D0000550,P00137,2023-10-12T10:08:00.000Z,241.59,BRL,pending,true,false,241.59,2026-07-31T13:00:01.297Z
D0000641,P00145,2023-09-08T12:18:00.000Z,1855.97,BRL,confirmed,true,true,1855.97,2026-07-31T13:00:01.297Z
D0000546,P00136,2023-11-15T20:23:00.000Z,579.42,BRL,confirmed,true,true,579.42,2026-07-31T13:00:01.297Z
D0000780,P00187,2023-10-16T03:37:00.000Z,1941.35,BRL,confirmed,true,true,1941.35,2026-07-31T13:00:01.297Z
D0000632,P00144,2023-12-21T16:31:00.000Z,89.22,EUR,confirmed,true,true,474.86,2026-07-31T13:00:01.297Z
D0000325,P00082,2024-03-08T16:40:00.000Z,1788.03,BRL,confirmed,true,true,1788.03,2026-07-31T13:00:01.297Z
D0000401,P00105,2023-12-03T21:05:00.000Z,1244.00,BRL,confirmed,true,true,1244.0,2026-07-31T13:00:01.297Z
D0000594,P00142,2024-01-31T09:10:00.000Z,1149.23,BRL,confirmed,true,true,1149.23,2026-07-31T13:00:01.297Z
D0000361,P00095,2023-11-02T11:44:00.000Z,146.19,EUR,confirmed,true,true,775.41,2026-07-31T13:00:01.297Z
D0000500,P00126,2024-02-22T03:01:00.000Z,248.82,USD,confirmed,true,true,1222.89,2026-07-31T13:00:01.297Z
D0000821,P00193,2024-02-21T23:33:00.000Z,1192.07,BRL,confirmed,true,true,1192.07,2026-07-31T13:00:01.297Z
D0000731,P00169,2023-11-17T02:14:00.000Z,741.90,BRL,confirmed,true,true,741.9,2026-07-31T13:00:01.297Z
D0000185,P00046,2023-08-05T15:39:00.000Z,1805.89,BRL,failed,true,false,1805.89,2026-07-31T13:00:01.297Z
D0000449,P00115,2023-11-04T19:50:00.000Z,262.78,EUR,failed,true,false,1394.44,2026-07-31T13:00:01.297Z
D0001102,P00246,2024-02-02T17:25:00.000Z,1371.90,BRL,pending,true,false,1371.9,2026-07-31T13:00:01.297Z
D0000065,P00021,2023-11-02T19:39:00.000Z,613.23,BRL,confirmed,true,true,613.23,2026-07-31T13:00:01.297Z
D0000092,P00026,2024-03-05T20:44:00.000Z,126.82,EUR,confirmed,true,true,669.66,2026-07-31T13:00:01.297Z
D0000673,P00153,2024-03-09T09:48:00.000Z,103.07,USD,confirmed,true,true,495.57,2026-07-31T13:00:01.297Z
D0000180,P00044,2023-09-24T03:29:00.000Z,770.33,BRL,confirmed,true,true,770.33,2026-07-31T13:00:01.297Z
D0000262,P00069,2024-02-20T00:35:00.000Z,16.93,USD,confirmed,true,true,83.0,2026-07-31T13:00:01.297Z
D0000169,P00043,2023-12-29T18:36:00.000Z,781.93,BRL,failed,true,false,781.93,2026-07-31T13:00:01.297Z
D0001115,P00247,2024-02-13T12:24:00.000Z,1402.77,BRL,confirmed,true,true,1402.77,2026-07-31T13:00:01.297Z
D0000799,P00189,2023-11-02T02:25:00.000Z,77.41,EUR,confirmed,true,true,410.59,2026-07-31T13:00:01.297Z
D0000547,P00136,2023-12-20T02:23:00.000Z,640.13,BRL,confirmed,true,true,640.13,2026-07-31T13:00:01.297Z
D0000134,P00033,2024-03-19T01:51:00.000Z,953.53,BRL,failed,true,false,953.53,2026-07-31T13:00:01.297Z
D0000247,P00066,2023-12-25T08:39:00.000Z,76.50,USD,confirmed,true,true,383.58,2026-07-31T13:00:01.297Z
D0000984,P00218,2023-10-11T03:04:00.000Z,98.20,BRL,confirmed,true,true,98.2,2026-07-31T13:00:01.297Z
D0000545,P00136,2023-12-04T05:54:00.000Z,277.85,BRL,confirmed,true,true,277.85,2026-07-31T13:00:01.297Z
D0001081,P00241,2023-12-25T04:12:00.000Z,1815.15,BRL,confirmed,true,true,1815.15,2026-07-31T13:00:01.297Z
D0000355,P00094,2023-11-14T14:44:00.000Z,279.77,BRL,confirmed,true,true,279.77,2026-07-31T13:00:01.297Z
D0000947,P00216,2023-11-08T19:52:00.000Z,973.47,BRL,pending,true,false,973.47,2026-07-31T13:00:01.297Z
D0001138,P00247,2024-01-01T22:24:00.000Z,80.46,USD,confirmed,true,true,397.58,2026-07-31T13:00:01.297Z
D0000599,P00142,2024-03-18T23:09:00.000Z,1078.41,BRL,confirmed,true,true,1078.41,2026-07-31T13:00:01.297Z
D0000260,P00068,2023-11-11T19:05:00.000Z,224.69,USD,confirmed,true,true,1120.71,2026-07-31T13:00:01.297Z
D0001088,P00241,2023-12-25T20:59:00.000Z,226.36,BRL,confirmed,true,true,226.36,2026-07-31T13:00:01.297Z
D0000788,P00188,2023-10-15T17:26:00.000Z,224.66,EUR,failed,true,false,1200.81,2026-07-31T13:00:01.297Z
D0000839,P00194,2023-12-24T16:52:00.000Z,171.08,USD,confirmed,true,true,859.55,2026-07-31T13:00:01.297Z
D0000810,P00192,2024-01-20T21:02:00.000Z,1358.96,BRL,confirmed,true,true,1358.96,2026-07-31T13:00:01.297Z
