bet_id,player_id,bet_ts,stake,currency,product,payout,is_currency_valid,stake_brl,payout_brl,ggr_brl,_ingested_at
B0000001,P00001,2024-01-12T06:53:00.000Z,179.03,USD,sports,418.35,true,877.67,2050.89,-1173.22,2026-07-31T12:59:56.604Z
B0000002,P00001,2024-01-17T13:13:00.000Z,416.68,BRL,casino,0.00,true,416.68,0.0,416.68,2026-07-31T12:59:56.604Z
B0000003,P00001,2024-01-17T02:19:00.000Z,635.38,BRL,sports,0.00,true,635.38,0.0,635.38,2026-07-31T12:59:56.604Z
B0000004,P00001,2024-01-13T01:21:00.000Z,633.06,BRL,casino,0.00,true,633.06,0.0,633.06,2026-07-31T12:59:56.604Z
B0000005,P00001,2024-01-18T03:07:00.000Z,601.99,BRL,sports,1444.79,true,601.99,1444.79,-842.8,2026-07-31T12:59:56.604Z
B0000006,P00001,2024-01-20T02:23:00.000Z,520.40,BRL,sports,0.00,true,520.4,0.0,520.4,2026-07-31T12:59:56.604Z
B0000007,P00001,2024-01-14T22:17:00.000Z,223.66,BRL,casino,0.00,true,223.66,0.0,223.66,2026-07-31T12:59:56.604Z
B0000008,P00001,2024-01-18T14:29:00.000Z,96.51,BRL,casino,0.00,true,96.51,0.0,96.51,2026-07-31T12:59:56.604Z
B0000009,P00001,2024-01-17T15:56:00.000Z,402.94,BRL,casino,643.82,true,402.94,643.82,-240.88,2026-07-31T12:59:56.604Z
B0000010,P00001,2024-01-17T22:31:00.000Z,55.22,EUR,casino,0.00,true,288.2,0.0,288.2,2026-07-31T12:59:56.604Z
B0000011,P00001,2024-01-18T13:38:00.000Z,748.34,BRL,casino,0.00,true,748.34,0.0,748.34,2026-07-31T12:59:56.604Z
B0000012,P00001,2024-01-17T19:28:00.000Z,356.15,BRL,sports,0.00,true,356.15,0.0,356.15,2026-07-31T12:59:56.604Z
B0000013,P00003,2023-12-23T22:33:00.000Z,605.86,BRL,casino,0.00,true,605.86,0.0,605.86,2026-07-31T12:59:56.604Z
B0000014,P00003,2023-12-11T03:13:00.000Z,810.00,BRL,casino,1318.36,true,810.0,1318.36,-508.36,2026-07-31T12:59:56.604Z
B0000015,P00003,2023-12-09T05:29:00.000Z,25.34,USD,casino,31.04,true,126.74,155.25,-28.51,2026-07-31T12:59:56.604Z
B0000016,P00003,2023-11-30T11:06:00.000Z,388.66,BRL,casino,0.00,true,388.66,0.0,388.66,2026-07-31T12:59:56.604Z
B0000017,P00003,2023-12-31T01:57:00.000Z,883.94,BRL,casino,0.00,true,883.94,0.0,883.94,2026-07-31T12:59:56.604Z
B0000018,P00003,2023-12-29T18:31:00.000Z,321.19,BRL,sports,531.05,true,321.19,531.05,-209.86,2026-07-31T12:59:56.604Z
B0000019,P00004,2024-03-09T12:18:00.000Z,35.06,USD,sports,72.94,true,168.57,350.7,-182.13,2026-07-31T12:59:56.604Z
B0000020,P00004,2024-02-12T07:57:00.000Z,287.94,BRL,sports,0.00,true,287.94,0.0,287.94,2026-07-31T12:59:56.604Z
B0000021,P00004,2024-03-04T16:17:00.000Z,74.11,BRL,casino,225.72,true,74.11,225.72,-151.61,2026-07-31T12:59:56.604Z
B0000022,P00004,2024-03-05T07:44:00.000Z,558.67,BRL,casino,1457.20,true,558.67,1457.2,-898.53,2026-07-31T12:59:56.604Z
B0000023,P00004,2024-03-14T13:01:00.000Z,967.32,BRL,sports,1992.66,true,967.32,1992.66,-1025.34,2026-07-31T12:59:56.604Z
B0000024,P00004,2024-02-15T20:46:00.000Z,143.04,BRL,casino,0.00,true,143.04,0.0,143.04,2026-07-31T12:59:56.604Z
B0000025,P00004,2024-02-26T06:57:00.000Z,195.20,BRL,sports,0.00,true,195.2,0.0,195.2,2026-07-31T12:59:56.604Z
B0000026,P00004,2024-02-15T01:21:00.000Z,786.02,BRL,casino,2655.52,true,786.02,2655.52,-1869.5,2026-07-31T12:59:56.604Z
B0000027,P00004,2024-02-29T01:20:00.000Z,925.23,BRL,sports,0.00,true,925.23,0.0,925.23,2026-07-31T12:59:56.604Z
B0000028,P00004,2024-03-09T03:30:00.000Z,669.89,BRL,casino,0.00,true,669.89,0.0,669.89,2026-07-31T12:59:56.604Z
B0000029,P00004,2024-02-29T04:05:00.000Z,732.21,BRL,casino,1322.93,true,732.21,1322.93,-590.72,2026-07-31T12:59:56.604Z
B0000030,P00004,2024-02-27T23:03:00.000Z,736.59,BRL,sports,1016.08,true,736.59,1016.08,-279.49,2026-07-31T12:59:56.604Z
B0000031,P00004,2024-02-12T05:52:00.000Z,470.81,BRL,casino,1093.03,true,470.81,1093.03,-622.22,2026-07-31T12:59:56.604Z
B0000032,P00004,2024-03-02T01:08:00.000Z,657.01,BRL,sports,0.00,true,657.01,0.0,657.01,2026-07-31T12:59:56.604Z
B0000033,P00004,2024-03-06T02:25:00.000Z,455.17,BRL,sports,0.00,true,455.17,0.0,455.17,2026-07-31T12:59:56.604Z
B0000034,P00004,2024-02-16T14:09:00.000Z,168.38,BRL,casino,538.92,true,168.38,538.92,-370.54,2026-07-31T12:59:56.604Z
B0000035,P00004,2024-02-18T02:01:00.000Z,244.36,BRL,casino,0.00,true,244.36,0.0,244.36,2026-07-31T12:59:56.604Z
B0000036,P00004,2024-03-16T01:27:00.000Z,269.25,BRL,sports,0.00,true,269.25,0.0,269.25,2026-07-31T12:59:56.604Z
B0000037,P00004,2024-02-21T06:03:00.000Z,433.69,BRL,casino,960.66,true,433.69,960.66,-526.97,2026-07-31T12:59:56.604Z
B0000038,P00004,2024-03-10T13:33:00.000Z,193.50,BRL,casino,355.00,true,193.5,355.0,-161.5,2026-07-31T12:59:56.604Z
B0000039,P00004,2024-02-18T03:03:00.000Z,648.11,BRL,sports,0.00,true,648.11,0.0,648.11,2026-07-31T12:59:56.604Z
B0000040,P00005,2023-09-16T15:25:00.000Z,279.08,BRL,casino,0.00,true,279.08,0.0,279.08,2026-07-31T12:59:56.604Z
B0000041,P00005,2023-09-26T10:10:00.000Z,144.39,EUR,sports,0.00,true,768.0,0.0,768.0,2026-07-31T12:59:56.604Z
B0000042,P00005,2023-09-23T02:58:00.000Z,141.46,USD,casino,170.76,true,723.38,873.21,-149.83,2026-07-31T12:59:56.604Z
B0000043,P00005,2023-10-18T00:11:00.000Z,181.43,USD,casino,349.21,true,927.83,1785.85,-858.02,2026-07-31T12:59:56.604Z
B0000044,P00005,2023-09-30T23:56:00.000Z,667.70,BRL,sports,833.22,true,667.7,833.22,-165.52,2026-07-31T12:59:56.604Z
B0000045,P00005,2023-09-11T23:37:00.000Z,170.76,USD,sports,0.00,true,861.74,0.0,861.74,2026-07-31T12:59:56.604Z
B0000046,P00005,2023-10-02T15:18:00.000Z,95.04,USD,sports,117.85,true,486.73,603.55,-116.82,2026-07-31T12:59:56.604Z
B0000047,P00005,2023-10-04T01:51:00.000Z,151.24,USD,casino,0.00,true,769.99,0.0,769.99,2026-07-31T12:59:56.604Z
B0000048,P00005,2023-09-29T14:16:00.000Z,70.81,USD,casino,0.00,true,361.98,0.0,361.98,2026-07-31T12:59:56.604Z
B0000049,P00005,2023-09-30T14:55:00.000Z,60.93,USD,casino,145.68,true,311.47,744.72,-433.25,2026-07-31T12:59:56.604Z
B0000050,P00005,2023-09-08T02:26:00.000Z,104.34,USD,sports,0.00,true,526.45,0.0,526.45,2026-07-31T12:59:56.604Z
B0000051,P00005,2023-10-13T15:27:00.000Z,72.08,USD,casino,182.25,true,364.97,922.82,-557.85,2026-07-31T12:59:56.604Z
B0000052,P00005,2023-09-14T14:17:00.000Z,39.57,USD,casino,0.00,true,199.93,0.0,199.93,2026-07-31T12:59:56.604Z
B0000053,P00005,2023-10-04T12:17:00.000Z,182.16,USD,casino,357.35,true,927.41,1819.33,-891.92,2026-07-31T12:59:56.604Z
B0000054,P00005,2023-09-13T01:50:00.000Z,123.12,EUR,casino,0.00,true,654.28,0.0,654.28,2026-07-31T12:59:56.604Z
B0000055,P00005,2023-10-07T10:43:00.000Z,158.68,USD,sports,544.24,true,801.7,2749.67,-1947.97,2026-07-31T12:59:56.604Z
B0000056,P00005,2023-09-30T02:31:00.000Z,105.11,USD,casino,261.06,true,537.32,1334.54,-797.22,2026-07-31T12:59:56.604Z
B0000057,P00005,2023-09-05T12:03:00.000Z,4.10,USD,casino,7.59,true,20.66,38.24,-17.58,2026-07-31T12:59:56.604Z
B0000058,P00005,2023-09-20T06:18:00.000Z,132.39,USD,sports,235.43,true,672.27,1195.5,-523.23,2026-07-31T12:59:56.604Z
B0000059,P00005,2023-09-06T08:58:00.000Z,29.39,USD,sports,0.00,true,147.9,0.0,147.9,2026-07-31T12:59:56.604Z
B0000060,P00005,2023-09-19T14:27:00.000Z,95.16,USD,casino,291.85,true,484.61,1486.26,-1001.65,2026-07-31T12:59:56.604Z
B0000061,P00006,2024-03-25T15:20:00.000Z,305.51,BRL,sports,762.85,true,305.51,762.85,-457.34,2026-07-31T12:59:56.604Z
B0000062,P00006,2024-03-11T05:19:00.000Z,253.77,BRL,casino,420.98,true,253.77,420.98,-167.21,2026-07-31T12:59:56.604Z
B0000063,P00006,2024-03-02T01:33:00.000Z,783.49,BRL,casino,0.00,true,783.49,0.0,783.49,2026-07-31T12:59:56.604Z
B0000064,P00006,2024-03-12T09:27:00.000Z,935.21,BRL,casino,0.00,true,935.21,0.0,935.21,2026-07-31T12:59:56.604Z
B0000065,P00006,2024-02-23T00:49:00.000Z,463.98,BRL,casino,0.00,true,463.98,0.0,463.98,2026-07-31T12:59:56.604Z
B0000066,P00006,2024-02-02T10:08:00.000Z,617.13,BRL,casino,1084.97,true,617.13,1084.97,-467.84,2026-07-31T12:59:56.604Z
B0000067,P00006,2024-01-31T18:55:00.000Z,395.70,BRL,casino,480.26,true,395.7,480.26,-84.56,2026-07-31T12:59:56.604Z
B0000068,P00006,2024-03-21T01:38:00.000Z,273.82,BRL,sports,0.00,true,273.82,0.0,273.82,2026-07-31T12:59:56.604Z
B0000069,P00006,2024-03-20T16:43:00.000Z,484.06,BRL,sports,648.64,true,484.06,648.64,-164.58,2026-07-31T12:59:56.604Z
B0000070,P00006,2024-03-12T10:14:00.000Z,148.43,BRL,sports,0.00,true,148.43,0.0,148.43,2026-07-31T12:59:56.604Z
B0000071,P00006,2024-02-16T18:39:00.000Z,720.55,BRL,sports,0.00,true,720.55,0.0,720.55,2026-07-31T12:59:56.604Z
B0000072,P00006,2024-02-04T02:30:00.000Z,605.77,BRL,sports,861.88,true,605.77,861.88,-256.11,2026-07-31T12:59:56.604Z
B0000073,P00007,2024-02-29T02:15:00.000Z,303.42,BRL,casino,0.00,true,303.42,0.0,303.42,2026-07-31T12:59:56.604Z
B0000074,P00007,2024-03-28T08:40:00.000Z,150.52,EUR,sports,0.00,true,815.31,0.0,815.31,2026-07-31T12:59:56.604Z
B0000075,P00007,2024-02-02T11:30:00.000Z,115.40,EUR,casino,335.33,true,605.11,1758.34,-1153.23,2026-07-31T12:59:56.604Z
B0000076,P00007,2024-02-16T06:17:00.000Z,18.40,EUR,casino,0.00,true,96.7,0.0,96.7,2026-07-31T12:59:56.604Z
B0000077,P00007,2024-02-28T00:29:00.000Z,19.68,EUR,sports,42.85,true,103.67,225.73,-122.06,2026-07-31T12:59:56.604Z
B0000078,P00007,2024-03-22T14:28:00.000Z,102.01,EUR,sports,275.02,true,543.16,1464.37,-921.21,2026-07-31T12:59:56.604Z
B0000079,P00007,2024-02-24T04:10:00.000Z,82.42,EUR,casino,0.00,true,432.0,0.0,432.0,2026-07-31T12:59:56.604Z
B0000080,P00007,2024-03-14T07:04:00.000Z,88.56,EUR,sports,250.12,true,472.63,1334.84,-862.21,2026-07-31T12:59:56.604Z
B0000081,P00007,2024-01-29T18:17:00.000Z,126.14,EUR,casino,358.86,true,663.53,1887.71,-1224.18,2026-07-31T12:59:56.604Z
B0000082,P00007,2024-02-29T13:11:00.000Z,85.17,EUR,casino,0.00,true,450.11,0.0,450.11,2026-07-31T12:59:56.604Z
B0000083,P00007,2024-01-26T12:53:00.000Z,103.46,EUR,casino,0.00,true,543.28,0.0,543.28,2026-07-31T12:59:56.604Z
B0000084,P00007,2024-01-18T22:30:00.000Z,28.70,EUR,casino,41.45,true,150.65,217.57,-66.92,2026-07-31T12:59:56.604Z
B0000085,P00007,2024-02-08T03:57:00.000Z,141.69,EUR,sports,0.00,true,743.93,0.0,743.93,2026-07-31T12:59:56.604Z
B0000086,P00007,2024-02-28T01:54:00.000Z,74.09,EUR,sports,193.18,true,390.31,1017.67,-627.36,2026-07-31T12:59:56.604Z
B0000087,P00007,2024-03-06T21:20:00.000Z,106.54,EUR,sports,0.00,true,564.56,0.0,564.56,2026-07-31T12:59:56.604Z
B0000088,P00007,2024-03-07T02:16:00.000Z,173.06,EUR,casino,0.00,true,912.11,0.0,912.11,2026-07-31T12:59:56.604Z
B0000089,P00007,2024-03-06T08:33:00.000Z,40.24,EUR,sports,0.00,true,213.23,0.0,213.23,2026-07-31T12:59:56.604Z
B0000090,P00007,2024-01-21T02:51:00.000Z,110.47,EUR,sports,0.00,true,577.03,0.0,577.03,2026-07-31T12:59:56.604Z
B0000091,P00007,2024-01-10T00:11:00.000Z,72.00,EUR,casino,0.00,true,380.08,0.0,380.08,2026-07-31T12:59:56.604Z
B0000092,P00007,2024-02-03T06:39:00.000Z,100.24,EUR,sports,0.00,true,525.62,0.0,525.62,2026-07-31T12:59:56.604Z
B0000093,P00007,2024-01-18T12:08:00.000Z,109.83,EUR,casino,0.00,true,576.5,0.0,576.5,2026-07-31T12:59:56.604Z
B0000094,P00007,2024-01-22T00:52:00.000Z,56.22,BRL,casino,0.00,true,56.22,0.0,56.22,2026-07-31T12:59:56.604Z
B0000095,P00007,2024-02-11T02:18:00.000Z,63.28,EUR,sports,0.00,true,333.56,0.0,333.56,2026-07-31T12:59:56.604Z
B0000096,P00007,2024-03-18T10:25:00.000Z,149.46,EUR,sports,0.00,true,794.8,0.0,794.8,2026-07-31T12:59:56.604Z
B0000097,P00007,2024-03-19T21:16:00.000Z,20.29,EUR,sports,0.00,true,108.26,0.0,108.26,2026-07-31T12:59:56.604Z
B0000098,P00007,2024-01-14T01:35:00.000Z,46.39,EUR,casino,137.26,true,243.34,720.0,-476.66,2026-07-31T12:59:56.604Z
B0000099,P00007,2024-01-17T21:44:00.000Z,13.69,EUR,sports,0.00,true,71.45,0.0,71.45,2026-07-31T12:59:56.604Z
B0000100,P00007,2024-02-23T13:05:00.000Z,166.28,EUR,casino,0.00,true,871.54,0.0,871.54,2026-07-31T12:59:56.604Z
B0000101,P00007,2024-01-26T14:27:00.000Z,8.26,EUR,casino,19.56,true,43.37,102.71,-59.34,2026-07-31T12:59:56.604Z
B0000102,P00007,2024-02-17T00:50:00.000Z,153.50,EUR,sports,512.98,true,806.67,2695.81,-1889.14,2026-07-31T12:59:56.604Z
B0000103,P00008,2024-03-05T07:24:00.000Z,23.00,BRL,sports,0.00,true,23.0,0.0,23.0,2026-07-31T12:59:56.604Z
B0000104,P00008,2024-01-01T13:57:00.000Z,551.80,BRL,casino,811.91,true,551.8,811.91,-260.11,2026-07-31T12:59:56.604Z
B0000105,P00008,2023-12-12T12:14:00.000Z,439.34,BRL,casino,761.67,true,439.34,761.67,-322.33,2026-07-31T12:59:56.604Z
B0000106,P00008,2024-01-28T18:04:00.000Z,990.98,BRL,sports,2829.84,true,990.98,2829.84,-1838.86,2026-07-31T12:59:56.604Z
B0000107,P00008,2023-10-15T21:18:00.000Z,286.18,BRL,sports,739.93,true,286.18,739.93,-453.75,2026-07-31T12:59:56.604Z
B0000108,P00008,2024-02-15T01:34:00.000Z,659.29,BRL,sports,0.00,true,659.29,0.0,659.29,2026-07-31T12:59:56.604Z
B0000109,P00008,2024-01-17T20:28:00.000Z,814.36,BRL,casino,0.00,true,814.36,0.0,814.36,2026-07-31T12:59:56.604Z
B0000110,P00008,2023-12-15T11:17:00.000Z,296.22,BRL,casino,0.00,true,296.22,0.0,296.22,2026-07-31T12:59:56.604Z
B0000111,P00008,2024-01-29T15:39:00.000Z,58.73,BRL,casino,0.00,true,58.73,0.0,58.73,2026-07-31T12:59:56.604Z
B0000112,P00008,2023-11-23T05:35:00.000Z,842.22,BRL,sports,0.00,true,842.22,0.0,842.22,2026-07-31T12:59:56.604Z
B0000113,P00008,2023-10-14T15:41:00.000Z,817.30,BRL,casino,2819.02,true,817.3,2819.02,-2001.72,2026-07-31T12:59:56.604Z
B0000114,P00008,2023-10-12T04:05:00.000Z,273.95,BRL,sports,0.00,true,273.95,0.0,273.95,2026-07-31T12:59:56.604Z
B0000115,P00008,2023-11-23T08:14:00.000Z,387.02,BRL,sports,804.98,true,387.02,804.98,-417.96,2026-07-31T12:59:56.604Z
B0000116,P00008,2023-12-19T11:22:00.000Z,433.93,BRL,sports,825.27,true,433.93,825.27,-391.34,2026-07-31T12:59:56.604Z
B0000117,P00008,2024-02-15T03:48:00.000Z,339.54,BRL,sports,0.00,true,339.54,0.0,339.54,2026-07-31T12:59:56.604Z
B0000118,P00008,2023-09-20T16:47:00.000Z,830.09,BRL,sports,1812.39,true,830.09,1812.39,-982.3,2026-07-31T12:59:56.604Z
B0000119,P00008,2023-10-10T04:34:00.000Z,952.71,BRL,casino,0.00,true,952.71,0.0,952.71,2026-07-31T12:59:56.604Z
B0000120,P00008,2023-12-30T02:24:00.000Z,570.46,BRL,casino,0.00,true,570.46,0.0,570.46,2026-07-31T12:59:56.604Z
B0000121,P00008,2023-11-12T04:15:00.000Z,284.30,BRL,casino,0.00,true,284.3,0.0,284.3,2026-07-31T12:59:56.604Z
B0000122,P00008,2023-12-08T03:41:00.000Z,43.41,BRL,sports,78.92,true,43.41,78.92,-35.51,2026-07-31T12:59:56.604Z
B0000123,P00008,2023-10-14T19:28:00.000Z,662.47,BRL,casino,0.00,true,662.47,0.0,662.47,2026-07-31T12:59:56.604Z
B0000124,P00008,2023-09-17T09:54:00.000Z,469.11,BRL,sports,0.00,true,469.11,0.0,469.11,2026-07-31T12:59:56.604Z
B0000125,P00008,2023-12-26T05:04:00.000Z,280.06,BRL,casino,0.00,true,280.06,0.0,280.06,2026-07-31T12:59:56.604Z
B0000126,P00008,2023-10-29T03:11:00.000Z,787.80,BRL,sports,1842.14,true,787.8,1842.14,-1054.34,2026-07-31T12:59:56.604Z
B0000127,P00008,2024-02-18T02:32:00.000Z,236.51,BRL,casino,0.00,true,236.51,0.0,236.51,2026-07-31T12:59:56.604Z
B0000128,P00008,2024-02-08T23:16:00.000Z,555.64,BRL,sports,1883.02,true,555.64,1883.02,-1327.38,2026-07-31T12:59:56.604Z
B0000129,P00008,2024-03-04T00:15:00.000Z,850.16,BRL,casino,0.00,true,850.16,0.0,850.16,2026-07-31T12:59:56.604Z
B0000130,P00011,2024-02-08T19:26:00.000Z,240.79,BRL,sports,494.61,true,240.79,494.61,-253.82,2026-07-31T12:59:56.604Z
B0000131,P00011,2024-02-13T05:26:00.000Z,147.36,BRL,casino,443.96,true,147.36,443.96,-296.6,2026-07-31T12:59:56.604Z
B0000132,P00011,2024-02-14T04:09:00.000Z,297.59,BRL,sports,609.19,true,297.59,609.19,-311.6,2026-07-31T12:59:56.604Z
B0000133,P00011,2024-02-08T18:32:00.000Z,808.99,BRL,casino,0.00,true,808.99,0.0,808.99,2026-07-31T12:59:56.604Z
B0000134,P00011,2024-02-10T02:48:00.000Z,584.77,BRL,sports,0.00,true,584.77,0.0,584.77,2026-07-31T12:59:56.604Z
B0000135,P00011,2024-02-08T23:40:00.000Z,992.36,BRL,casino,0.00,true,992.36,0.0,992.36,2026-07-31T12:59:56.604Z
B0000136,P00011,2024-02-15T00:30:00.000Z,848.36,BRL,casino,0.00,true,848.36,0.0,848.36,2026-07-31T12:59:56.604Z
B0000137,P00011,2024-02-12T03:49:00.000Z,836.83,BRL,casino,1473.88,true,836.83,1473.88,-637.05,2026-07-31T12:59:56.604Z
B0000138,P00011,2024-02-10T16:56:00.000Z,749.45,BRL,casino,1314.84,true,749.45,1314.84,-565.39,2026-07-31T12:59:56.604Z
B0000139,P00012,2023-12-14T14:38:00.000Z,508.12,BRL,sports,0.00,true,508.12,0.0,508.12,2026-07-31T12:59:56.604Z
B0000140,P00012,2024-01-06T23:59:00.000Z,233.61,BRL,sports,0.00,true,233.61,0.0,233.61,2026-07-31T12:59:56.604Z
B0000141,P00012,2024-01-27T13:50:00.000Z,675.73,BRL,casino,0.00,true,675.73,0.0,675.73,2026-07-31T12:59:56.604Z
B0000142,P00012,2023-12-30T12:40:00.000Z,86.10,BRL,sports,298.03,true,86.1,298.03,-211.93,2026-07-31T12:59:56.604Z
B0000143,P00012,2023-12-20T11:59:00.000Z,20.43,BRL,casino,36.89,true,20.43,36.89,-16.46,2026-07-31T12:59:56.604Z
B0000144,P00012,2024-01-25T00:32:00.000Z,834.69,BRL,casino,1322.11,true,834.69,1322.11,-487.42,2026-07-31T12:59:56.604Z
B0000145,P00012,2024-01-05T16:07:00.000Z,405.31,BRL,casino,0.00,true,405.31,0.0,405.31,2026-07-31T12:59:56.604Z
B0000146,P00012,2023-12-30T00:47:00.000Z,618.55,BRL,casino,0.00,true,618.55,0.0,618.55,2026-07-31T12:59:56.604Z
B0000147,P00012,2024-01-06T08:48:00.000Z,632.68,BRL,casino,0.00,true,632.68,0.0,632.68,2026-07-31T12:59:56.604Z
B0000148,P00012,2024-01-22T19:32:00.000Z,725.09,BRL,sports,0.00,true,725.09,0.0,725.09,2026-07-31T12:59:56.604Z
B0000149,P00012,2023-12-18T07:28:00.000Z,595.59,BRL,sports,1604.30,true,595.59,1604.3,-1008.71,2026-07-31T12:59:56.604Z
B0000150,P00012,2024-01-10T03:31:00.000Z,282.90,BRL,casino,0.00,true,282.9,0.0,282.9,2026-07-31T12:59:56.604Z
B0000151,P00012,2023-12-12T19:27:00.000Z,897.82,BRL,casino,0.00,true,897.82,0.0,897.82,2026-07-31T12:59:56.604Z
B0000152,P00012,2023-12-29T00:47:00.000Z,758.51,BRL,sports,0.00,true,758.51,0.0,758.51,2026-07-31T12:59:56.604Z
B0000153,P00012,2024-01-05T01:18:00.000Z,577.26,BRL,sports,0.00,true,577.26,0.0,577.26,2026-07-31T12:59:56.604Z
B0000154,P00012,2023-12-16T22:16:00.000Z,489.20,BRL,sports,777.55,true,489.2,777.55,-288.35,2026-07-31T12:59:56.604Z
B0000155,P00012,2023-12-23T17:01:00.000Z,145.30,BRL,sports,454.68,true,145.3,454.68,-309.38,2026-07-31T12:59:56.604Z
B0000156,P00012,2024-01-12T19:23:00.000Z,199.16,BRL,sports,0.00,true,199.16,0.0,199.16,2026-07-31T12:59:56.604Z
B0000157,P00012,2023-12-27T10:53:00.000Z,573.31,BRL,casino,0.00,true,573.31,0.0,573.31,2026-07-31T12:59:56.604Z
B0000158,P00012,2023-12-27T01:56:00.000Z,717.67,BRL,casino,0.00,true,717.67,0.0,717.67,2026-07-31T12:59:56.604Z
B0000159,P00012,2024-01-09T16:07:00.000Z,865.18,BRL,casino,0.00,true,865.18,0.0,865.18,2026-07-31T12:59:56.604Z
B0000160,P00012,2023-12-14T05:29:00.000Z,226.33,BRL,sports,353.18,true,226.33,353.18,-126.85,2026-07-31T12:59:56.604Z
B0000161,P00012,2024-01-23T15:33:00.000Z,892.81,BRL,casino,1277.62,true,892.81,1277.62,-384.81,2026-07-31T12:59:56.604Z
B0000162,P00012,2023-12-21T00:40:00.000Z,662.82,BRL,sports,0.00,true,662.82,0.0,662.82,2026-07-31T12:59:56.604Z
B0000163,P00013,2023-12-11T09:31:00.000Z,872.75,BRL,sports,1440.09,true,872.75,1440.09,-567.34,2026-07-31T12:59:56.604Z
B0000164,P00013,2024-03-12T22:54:00.000Z,202.58,BRL,sports,0.00,true,202.58,0.0,202.58,2026-07-31T12:59:56.604Z
B0000165,P00013,2023-11-06T16:02:00.000Z,493.24,BRL,casino,0.00,true,493.24,0.0,493.24,2026-07-31T12:59:56.604Z
B0000166,P00014,2024-03-19T09:42:00.000Z,585.98,BRL,sports,0.00,true,585.98,0.0,585.98,2026-07-31T12:59:56.604Z
B0000167,P00014,2024-02-28T10:40:00.000Z,875.66,BRL,casino,0.00,true,875.66,0.0,875.66,2026-07-31T12:59:56.604Z
B0000168,P00014,2024-03-18T20:48:00.000Z,483.55,BRL,casino,705.23,true,483.55,705.23,-221.68,2026-07-31T12:59:56.604Z
B0000169,P00014,2024-03-06T01:29:00.000Z,328.77,BRL,casino,0.00,true,328.77,0.0,328.77,2026-07-31T12:59:56.604Z
B0000170,P00014,2024-03-22T19:55:00.000Z,70.27,EUR,casino,226.90,true,374.16,1208.15,-833.99,2026-07-31T12:59:56.604Z
B0000171,P00014,2024-03-18T20:50:00.000Z,238.69,BRL,casino,565.03,true,238.69,565.03,-326.34,2026-07-31T12:59:56.604Z
B0000172,P00016,2023-10-23T08:16:00.000Z,414.17,BRL,sports,0.00,true,414.17,0.0,414.17,2026-07-31T12:59:56.604Z
B0000173,P00016,2023-10-24T00:28:00.000Z,222.85,BRL,casino,0.00,true,222.85,0.0,222.85,2026-07-31T12:59:56.604Z
B0000174,P00016,2023-10-18T22:39:00.000Z,170.70,BRL,casino,450.33,true,170.7,450.33,-279.63,2026-07-31T12:59:56.604Z
B0000175,P00016,2023-10-06T18:05:00.000Z,24.82,BRL,casino,0.00,true,24.82,0.0,24.82,2026-07-31T12:59:56.604Z
B0000176,P00016,2024-01-14T02:34:00.000Z,767.18,BRL,sports,1007.46,true,767.18,1007.46,-240.28,2026-07-31T12:59:56.604Z
B0000177,P00016,2023-10-10T04:10:00.000Z,398.55,BRL,casino,0.00,true,398.55,0.0,398.55,2026-07-31T12:59:56.604Z
B0000178,P00016,2023-11-01T19:48:00.000Z,555.19,BRL,sports,683.65,true,555.19,683.65,-128.46,2026-07-31T12:59:56.604Z
B0000179,P00016,2023-11-23T03:49:00.000Z,487.48,BRL,sports,922.98,true,487.48,922.98,-435.5,2026-07-31T12:59:56.604Z
B0000180,P00016,2023-09-24T14:08:00.000Z,128.02,BRL,casino,0.00,true,128.02,0.0,128.02,2026-07-31T12:59:56.604Z
B0000181,P00016,2024-01-08T16:01:00.000Z,506.99,BRL,sports,0.00,true,506.99,0.0,506.99,2026-07-31T12:59:56.604Z
B0000182,P00016,2023-12-24T18:12:00.000Z,606.85,BRL,casino,1755.32,true,606.85,1755.32,-1148.47,2026-07-31T12:59:56.604Z
B0000183,P00016,2023-12-29T02:16:00.000Z,514.79,BRL,casino,942.23,true,514.79,942.23,-427.44,2026-07-31T12:59:56.604Z
B0000184,P00016,2023-11-07T12:30:00.000Z,97.60,BRL,casino,0.00,true,97.6,0.0,97.6,2026-07-31T12:59:56.604Z
B0000185,P00016,2024-01-14T16:23:00.000Z,509.06,BRL,sports,1773.69,true,509.06,1773.69,-1264.63,2026-07-31T12:59:56.604Z
B0000186,P00016,2023-11-16T06:36:00.000Z,975.31,BRL,sports,1691.06,true,975.31,1691.06,-715.75,2026-07-31T12:59:56.604Z
B0000187,P00016,2023-12-11T01:35:00.000Z,148.05,BRL,sports,0.00,true,148.05,0.0,148.05,2026-07-31T12:59:56.604Z
B0000188,P00016,2023-10-16T13:30:00.000Z,492.36,BRL,sports,750.88,true,492.36,750.88,-258.52,2026-07-31T12:59:56.604Z
B0000189,P00016,2023-09-27T02:20:00.000Z,255.76,BRL,casino,505.66,true,255.76,505.66,-249.9,2026-07-31T12:59:56.604Z
B0000190,P00016,2024-01-09T10:31:00.000Z,37.41,EUR,casino,0.00,true,197.44,0.0,197.44,2026-07-31T12:59:56.604Z
B0000191,P00016,2024-01-20T10:54:00.000Z,325.23,BRL,sports,0.00,true,325.23,0.0,325.23,2026-07-31T12:59:56.604Z
B0000192,P00016,2024-01-15T10:07:00.000Z,14.49,EUR,sports,17.84,true,76.16,93.76,-17.6,2026-07-31T12:59:56.604Z
B0000193,P00016,2023-10-15T02:51:00.000Z,972.06,BRL,casino,2114.83,true,972.06,2114.83,-1142.77,2026-07-31T12:59:56.604Z
B0000194,P00016,2023-10-07T08:18:00.000Z,549.35,BRL,casino,1034.17,true,549.35,1034.17,-484.82,2026-07-31T12:59:56.604Z
B0000195,P00016,2023-11-25T02:18:00.000Z,890.10,BRL,sports,0.00,true,890.1,0.0,890.1,2026-07-31T12:59:56.604Z
B0000196,P00017,2023-12-15T17:54:00.000Z,474.75,BRL,sports,930.23,true,474.75,930.23,-455.48,2026-07-31T12:59:56.604Z
B0000197,P00017,2023-09-16T02:04:00.000Z,830.26,BRL,sports,1791.28,true,830.26,1791.28,-961.02,2026-07-31T12:59:56.604Z
B0000198,P00017,2023-10-23T01:39:00.000Z,203.27,BRL,casino,458.33,true,203.27,458.33,-255.06,2026-07-31T12:59:56.604Z
B0000199,P00017,2024-01-04T03:40:00.000Z,353.70,BRL,sports,0.00,true,353.7,0.0,353.7,2026-07-31T12:59:56.604Z
B0000200,P00017,2023-09-23T12:19:00.000Z,821.65,BRL,casino,0.00,true,821.65,0.0,821.65,2026-07-31T12:59:56.604Z
B0000201,P00017,2024-01-11T14:12:00.000Z,934.64,BRL,sports,0.00,true,934.64,0.0,934.64,2026-07-31T12:59:56.604Z
B0000202,P00018,2023-12-09T18:37:00.000Z,49.72,EUR,casino,71.37,true,260.87,374.46,-113.59,2026-07-31T12:59:56.604Z
B0000203,P00018,2023-12-24T23:47:00.000Z,149.49,EUR,casino,0.00,true,796.14,0.0,796.14,2026-07-31T12:59:56.604Z
B0000204,P00018,2023-12-16T01:51:00.000Z,137.31,EUR,sports,0.00,true,730.35,0.0,730.35,2026-07-31T12:59:56.604Z
B0000205,P00019,2023-12-24T01:51:00.000Z,1.04,EUR,casino,3.57,true,5.54,19.01,-13.47,2026-07-31T12:59:56.604Z
B0000206,P00019,2024-01-10T01:35:00.000Z,57.91,EUR,casino,0.00,true,305.7,0.0,305.7,2026-07-31T12:59:56.604Z
B0000207,P00019,2024-01-07T05:05:00.000Z,123.89,EUR,sports,387.64,true,653.73,2045.46,-1391.73,2026-07-31T12:59:56.604Z
B0000208,P00019,2023-12-24T19:35:00.000Z,146.05,EUR,casino,0.00,true,777.82,0.0,777.82,2026-07-31T12:59:56.604Z
B0000209,P00019,2024-01-14T14:11:00.000Z,44.59,EUR,sports,145.78,true,233.9,764.69,-530.79,2026-07-31T12:59:56.604Z
B0000210,P00019,2024-01-06T13:56:00.000Z,135.11,EUR,sports,293.92,true,712.93,1550.93,-838.0,2026-07-31T12:59:56.604Z
B0000211,P00019,2024-01-07T02:23:00.000Z,163.38,EUR,sports,0.00,true,862.11,0.0,862.11,2026-07-31T12:59:56.604Z
B0000212,P00019,2023-12-14T21:32:00.000Z,58.15,EUR,sports,0.00,true,309.64,0.0,309.64,2026-07-31T12:59:56.604Z
B0000213,P00019,2024-01-21T07:44:00.000Z,113.62,EUR,casino,0.00,true,593.48,0.0,593.48,2026-07-31T12:59:56.604Z
B0000214,P00019,2023-12-31T20:59:00.000Z,169.98,EUR,casino,0.00,true,902.47,0.0,902.47,2026-07-31T12:59:56.604Z
B0000215,P00019,2024-01-21T20:48:00.000Z,86.31,EUR,sports,0.00,true,450.83,0.0,450.83,2026-07-31T12:59:56.604Z
B0000216,P00019,2023-12-16T15:11:00.000Z,107.65,EUR,sports,0.00,true,572.59,0.0,572.59,2026-07-31T12:59:56.604Z
B0000217,P00019,2023-12-19T00:06:00.000Z,148.17,EUR,casino,395.05,true,784.95,2092.82,-1307.87,2026-07-31T12:59:56.604Z
B0000218,P00019,2023-12-26T21:57:00.000Z,129.32,EUR,sports,355.06,true,689.68,1893.57,-1203.89,2026-07-31T12:59:56.604Z
B0000219,P00019,2024-01-20T08:42:00.000Z,64.73,EUR,sports,176.61,true,338.11,922.5,-584.39,2026-07-31T12:59:56.604Z
B0000220,P00021,2023-11-19T00:38:00.000Z,151.78,BRL,sports,242.38,true,151.78,242.38,-90.6,2026-07-31T12:59:56.604Z
B0000221,P00021,2023-11-11T19:00:00.000Z,177.10,BRL,casino,0.00,true,177.1,0.0,177.1,2026-07-31T12:59:56.604Z
B0000222,P00021,2023-10-15T19:05:00.000Z,122.13,BRL,casino,0.00,true,122.13,0.0,122.13,2026-07-31T12:59:56.604Z
B0000223,P00021,2023-10-03T13:01:00.000Z,186.59,BRL,sports,360.17,true,186.59,360.17,-173.58,2026-07-31T12:59:56.604Z
B0000224,P00021,2023-11-17T03:53:00.000Z,66.17,EUR,sports,189.63,true,346.06,991.73,-645.67,2026-07-31T12:59:56.604Z
B0000225,P00021,2023-11-14T02:08:00.000Z,137.07,BRL,casino,387.03,true,137.07,387.03,-249.96,2026-07-31T12:59:56.604Z
B0000226,P00021,2023-10-24T02:18:00.000Z,192.30,BRL,casino,0.00,true,192.3,0.0,192.3,2026-07-31T12:59:56.604Z
B0000227,P00021,2023-11-11T17:33:00.000Z,96.95,BRL,casino,197.42,true,96.95,197.42,-100.47,2026-07-31T12:59:56.604Z
B0000228,P00021,2023-11-20T07:34:00.000Z,832.57,BRL,sports,2597.51,true,832.57,2597.51,-1764.94,2026-07-31T12:59:56.604Z
B0000229,P00021,2023-11-11T04:21:00.000Z,647.78,BRL,casino,0.00,true,647.78,0.0,647.78,2026-07-31T12:59:56.604Z
B0000230,P00021,2023-10-03T21:33:00.000Z,214.67,BRL,sports,386.39,true,214.67,386.39,-171.72,2026-07-31T12:59:56.604Z
B0000231,P00021,2023-10-28T14:57:00.000Z,57.20,EUR,sports,0.00,true,303.64,0.0,303.64,2026-07-31T12:59:56.604Z
B0000232,P00021,2023-10-18T00:26:00.000Z,631.32,BRL,casino,0.00,true,631.32,0.0,631.32,2026-07-31T12:59:56.604Z
B0000233,P00021,2023-10-19T02:34:00.000Z,903.46,BRL,sports,1828.07,true,903.46,1828.07,-924.61,2026-07-31T12:59:56.604Z
B0000234,P00021,2023-11-15T08:25:00.000Z,80.42,EUR,casino,0.00,true,420.11,0.0,420.11,2026-07-31T12:59:56.604Z
B0000235,P00021,2023-11-20T09:25:00.000Z,724.76,BRL,casino,0.00,true,724.76,0.0,724.76,2026-07-31T12:59:56.604Z
B0000236,P00021,2023-09-30T21:32:00.000Z,878.05,BRL,sports,0.00,true,878.05,0.0,878.05,2026-07-31T12:59:56.604Z
B0000237,P00021,2023-10-24T12:10:00.000Z,273.01,BRL,sports,0.00,true,273.01,0.0,273.01,2026-07-31T12:59:56.604Z
B0000238,P00022,2024-02-01T22:36:00.000Z,699.14,BRL,sports,0.00,true,699.14,0.0,699.14,2026-07-31T12:59:56.604Z
B0000239,P00022,2023-10-27T18:09:00.000Z,789.63,BRL,casino,1111.73,true,789.63,1111.73,-322.1,2026-07-31T12:59:56.604Z
B0000240,P00022,2023-12-08T02:11:00.000Z,463.28,BRL,casino,0.00,true,463.28,0.0,463.28,2026-07-31T12:59:56.604Z
B0000241,P00022,2023-11-19T02:35:00.000Z,858.47,BRL,casino,2459.95,true,858.47,2459.95,-1601.48,2026-07-31T12:59:56.604Z
B0000242,P00022,2023-10-11T15:44:00.000Z,347.99,BRL,sports,0.00,true,347.99,0.0,347.99,2026-07-31T12:59:56.604Z
B0000243,P00022,2024-02-04T03:58:00.000Z,379.41,BRL,sports,0.00,true,379.41,0.0,379.41,2026-07-31T12:59:56.604Z
B0000244,P00023,2024-02-24T04:43:00.000Z,935.59,BRL,casino,1826.61,true,935.59,1826.61,-891.02,2026-07-31T12:59:56.604Z
B0000245,P00023,2024-02-27T16:37:00.000Z,76.30,BRL,sports,0.00,true,76.3,0.0,76.3,2026-07-31T12:59:56.604Z
B0000246,P00023,2024-02-24T10:00:00.000Z,182.27,BRL,casino,370.60,true,182.27,370.6,-188.33,2026-07-31T12:59:56.604Z
B0000247,P00023,2024-02-23T08:21:00.000Z,142.39,BRL,casino,240.05,true,142.39,240.05,-97.66,2026-07-31T12:59:56.604Z
B0000248,P00023,2024-02-28T09:16:00.000Z,154.99,BRL,casino,426.71,true,154.99,426.71,-271.72,2026-07-31T12:59:56.604Z
B0000249,P00023,2024-02-24T09:05:00.000Z,683.93,BRL,casino,0.00,true,683.93,0.0,683.93,2026-07-31T12:59:56.604Z
B0000250,P00023,2024-02-28T02:08:00.000Z,657.59,BRL,casino,2009.53,true,657.59,2009.53,-1351.94,2026-07-31T12:59:56.604Z
B0000251,P00023,2024-02-28T07:49:00.000Z,488.71,BRL,sports,0.00,true,488.71,0.0,488.71,2026-07-31T12:59:56.604Z
B0000252,P00023,2024-02-25T21:32:00.000Z,743.35,BRL,casino,2271.97,true,743.35,2271.97,-1528.62,2026-07-31T12:59:56.604Z
B0000253,P00023,2024-02-29T06:50:00.000Z,338.39,BRL,sports,0.00,true,338.39,0.0,338.39,2026-07-31T12:59:56.604Z
B0000254,P00023,2024-02-26T02:21:00.000Z,386.55,BRL,casino,0.00,true,386.55,0.0,386.55,2026-07-31T12:59:56.604Z
B0000255,P00023,2024-02-24T08:29:00.000Z,616.45,BRL,casino,0.00,true,616.45,0.0,616.45,2026-07-31T12:59:56.604Z
B0000256,P00023,2024-02-23T06:27:00.000Z,92.59,USD,casino,238.74,true,452.37,1166.42,-714.05,2026-07-31T12:59:56.604Z
B0000257,P00023,2024-02-28T02:22:00.000Z,820.07,BRL,casino,0.00,true,820.07,0.0,820.07,2026-07-31T12:59:56.604Z
B0000258,P00023,2024-02-23T16:34:00.000Z,301.19,BRL,casino,438.80,true,301.19,438.8,-137.61,2026-07-31T12:59:56.604Z
B0000259,P00023,2024-02-24T10:57:00.000Z,537.31,BRL,casino,823.53,true,537.31,823.53,-286.22,2026-07-31T12:59:56.604Z
B0000260,P00023,2024-02-25T19:46:00.000Z,690.55,BRL,casino,2139.89,true,690.55,2139.89,-1449.34,2026-07-31T12:59:56.604Z
B0000261,P00023,2024-02-23T16:51:00.000Z,8.62,USD,sports,0.00,true,42.11,0.0,42.11,2026-07-31T12:59:56.604Z
B0000262,P00023,2024-02-26T04:25:00.000Z,726.77,BRL,sports,1936.48,true,726.77,1936.48,-1209.71,2026-07-31T12:59:56.604Z
B0000263,P00023,2024-02-24T20:53:00.000Z,260.57,BRL,casino,0.00,true,260.57,0.0,260.57,2026-07-31T12:59:56.604Z
B0000264,P00023,2024-02-23T13:34:00.000Z,573.04,BRL,sports,0.00,true,573.04,0.0,573.04,2026-07-31T12:59:56.604Z
B0000265,P00023,2024-02-28T17:27:00.000Z,377.37,BRL,casino,0.00,true,377.37,0.0,377.37,2026-07-31T12:59:56.604Z
B0000266,P00023,2024-02-28T00:25:00.000Z,189.78,BRL,sports,0.00,true,189.78,0.0,189.78,2026-07-31T12:59:56.604Z
B0000267,P00023,2024-02-28T14:17:00.000Z,10.03,BRL,casino,30.08,true,10.03,30.08,-20.05,2026-07-31T12:59:56.604Z
B0000268,P00023,2024-02-26T00:20:00.000Z,976.02,BRL,sports,1668.06,true,976.02,1668.06,-692.04,2026-07-31T12:59:56.604Z
B0000269,P00023,2024-02-23T09:26:00.000Z,729.52,BRL,casino,0.00,true,729.52,0.0,729.52,2026-07-31T12:59:56.604Z
B0000270,P00023,2024-02-27T06:28:00.000Z,930.22,BRL,sports,1844.97,true,930.22,1844.97,-914.75,2026-07-31T12:59:56.604Z
B0000271,P00024,2023-10-18T03:02:00.000Z,699.24,BRL,sports,0.00,true,699.24,0.0,699.24,2026-07-31T12:59:56.604Z
B0000272,P00024,2023-10-17T06:18:00.000Z,348.57,BRL,casino,1207.86,true,348.57,1207.86,-859.29,2026-07-31T12:59:56.604Z
B0000273,P00024,2023-10-12T02:22:00.000Z,34.42,BRL,casino,0.00,true,34.42,0.0,34.42,2026-07-31T12:59:56.604Z
B0000274,P00024,2023-10-08T11:31:00.000Z,28.29,BRL,sports,0.00,true,28.29,0.0,28.29,2026-07-31T12:59:56.604Z
B0000275,P00024,2023-10-03T19:06:00.000Z,136.04,BRL,casino,0.00,true,136.04,0.0,136.04,2026-07-31T12:59:56.604Z
B0000276,P00024,2023-09-12T17:47:00.000Z,115.08,BRL,casino,367.02,true,115.08,367.02,-251.94,2026-07-31T12:59:56.604Z
B0000277,P00024,2023-10-25T05:23:00.000Z,752.52,BRL,sports,1940.20,true,752.52,1940.2,-1187.68,2026-07-31T12:59:56.604Z
B0000278,P00024,2023-09-25T17:18:00.000Z,534.85,BRL,casino,1138.76,true,534.85,1138.76,-603.91,2026-07-31T12:59:56.604Z
B0000279,P00024,2023-09-05T05:29:00.000Z,181.74,BRL,sports,440.74,true,181.74,440.74,-259.0,2026-07-31T12:59:56.604Z
B0000280,P00026,2024-03-06T13:08:00.000Z,974.38,BRL,sports,2595.51,true,974.38,2595.51,-1621.13,2026-07-31T12:59:56.604Z
B0000281,P00026,2024-03-06T02:40:00.000Z,411.73,BRL,casino,1071.56,true,411.73,1071.56,-659.83,2026-07-31T12:59:56.604Z
B0000282,P00026,2024-03-07T18:24:00.000Z,5.52,USD,sports,0.00,true,26.7,0.0,26.7,2026-07-31T12:59:56.604Z
B0000283,P00026,2024-03-03T16:12:00.000Z,724.44,BRL,casino,1656.06,true,724.44,1656.06,-931.62,2026-07-31T12:59:56.604Z
B0000284,P00026,2024-03-03T03:38:00.000Z,894.97,BRL,casino,2023.27,true,894.97,2023.27,-1128.3,2026-07-31T12:59:56.604Z
B0000285,P00026,2024-03-03T01:38:00.000Z,972.94,BRL,casino,0.00,true,972.94,0.0,972.94,2026-07-31T12:59:56.604Z
B0000286,P00026,2024-03-03T15:26:00.000Z,723.44,BRL,casino,2113.75,true,723.44,2113.75,-1390.31,2026-07-31T12:59:56.604Z
B0000287,P00026,2024-03-05T11:45:00.000Z,191.56,USD,sports,0.00,true,933.47,0.0,933.47,2026-07-31T12:59:56.604Z
B0000288,P00026,2024-03-05T19:49:00.000Z,727.40,BRL,sports,1539.41,true,727.4,1539.41,-812.01,2026-07-31T12:59:56.604Z
B0000289,P00026,2024-03-04T08:50:00.000Z,927.75,BRL,sports,0.00,true,927.75,0.0,927.75,2026-07-31T12:59:56.604Z
B0000290,P00026,2024-03-02T18:46:00.000Z,151.83,USD,sports,0.00,true,745.97,0.0,745.97,2026-07-31T12:59:56.604Z
B0000291,P00026,2024-03-04T18:13:00.000Z,343.14,BRL,casino,0.00,true,343.14,0.0,343.14,2026-07-31T12:59:56.604Z
B0000292,P00026,2024-03-02T16:48:00.000Z,695.25,BRL,sports,0.00,true,695.25,0.0,695.25,2026-07-31T12:59:56.604Z
B0000293,P00026,2024-03-04T03:17:00.000Z,690.75,BRL,sports,1544.42,true,690.75,1544.42,-853.67,2026-07-31T12:59:56.604Z
B0000294,P00026,2024-03-03T12:45:00.000Z,6.16,USD,casino,0.00,true,30.27,0.0,30.27,2026-07-31T12:59:56.604Z
B0000295,P00026,2024-03-04T09:28:00.000Z,162.51,BRL,casino,0.00,true,162.51,0.0,162.51,2026-07-31T12:59:56.604Z
B0000296,P00026,2024-03-03T07:40:00.000Z,696.61,BRL,sports,1304.31,true,696.61,1304.31,-607.7,2026-07-31T12:59:56.604Z
B0000297,P00026,2024-03-02T06:32:00.000Z,585.31,BRL,casino,718.62,true,585.31,718.62,-133.31,2026-07-31T12:59:56.604Z
B0000298,P00026,2024-03-05T19:20:00.000Z,174.56,BRL,casino,272.05,true,174.56,272.05,-97.49,2026-07-31T12:59:56.604Z
B0000299,P00026,2024-03-05T02:57:00.000Z,487.82,BRL,casino,1174.69,true,487.82,1174.69,-686.87,2026-07-31T12:59:56.604Z
B0000300,P00026,2024-03-02T02:38:00.000Z,69.43,BRL,sports,116.28,true,69.43,116.28,-46.85,2026-07-31T12:59:56.604Z
B0000301,P00026,2024-03-07T14:00:00.000Z,501.30,BRL,sports,0.00,true,501.3,0.0,501.3,2026-07-31T12:59:56.604Z
B0000302,P00026,2024-03-07T05:04:00.000Z,665.92,BRL,casino,950.49,true,665.92,950.49,-284.57,2026-07-31T12:59:56.604Z
B0000303,P00026,2024-03-06T01:51:00.000Z,847.37,BRL,sports,0.00,true,847.37,0.0,847.37,2026-07-31T12:59:56.604Z
B0000304,P00026,2024-03-05T15:41:00.000Z,251.73,BRL,sports,730.19,true,251.73,730.19,-478.46,2026-07-31T12:59:56.604Z
B0000305,P00026,2024-03-03T11:05:00.000Z,458.79,BRL,sports,1193.32,true,458.79,1193.32,-734.53,2026-07-31T12:59:56.604Z
B0000306,P00026,2024-03-07T10:03:00.000Z,68.35,BRL,sports,0.00,true,68.35,0.0,68.35,2026-07-31T12:59:56.604Z
B0000307,P00027,2023-12-07T11:50:00.000Z,583.36,BRL,sports,0.00,true,583.36,0.0,583.36,2026-07-31T12:59:56.604Z
B0000308,P00027,2023-12-16T08:30:00.000Z,77.69,BRL,sports,0.00,true,77.69,0.0,77.69,2026-07-31T12:59:56.604Z
B0000309,P00027,2023-11-18T12:37:00.000Z,218.92,BRL,casino,0.00,true,218.92,0.0,218.92,2026-07-31T12:59:56.604Z
B0000310,P00027,2024-02-24T12:40:00.000Z,721.38,BRL,casino,1931.89,true,721.38,1931.89,-1210.51,2026-07-31T12:59:56.604Z
B0000311,P00027,2023-11-06T05:30:00.000Z,410.13,BRL,casino,1087.50,true,410.13,1087.5,-677.37,2026-07-31T12:59:56.604Z
B0000312,P00027,2024-03-06T05:43:00.000Z,267.88,BRL,casino,0.00,true,267.88,0.0,267.88,2026-07-31T12:59:56.604Z
B0000313,P00027,2024-01-25T09:20:00.000Z,977.34,BRL,casino,0.00,true,977.34,0.0,977.34,2026-07-31T12:59:56.604Z
B0000314,P00027,2024-01-08T21:28:00.000Z,70.23,BRL,casino,133.48,true,70.23,133.48,-63.25,2026-07-31T12:59:56.604Z
B0000315,P00027,2024-01-26T03:19:00.000Z,823.44,BRL,casino,1194.02,true,823.44,1194.02,-370.58,2026-07-31T12:59:56.604Z
B0000316,P00027,2023-12-16T22:13:00.000Z,474.52,BRL,sports,0.00,true,474.52,0.0,474.52,2026-07-31T12:59:56.604Z
B0000317,P00027,2023-12-17T19:39:00.000Z,767.57,BRL,sports,0.00,true,767.57,0.0,767.57,2026-07-31T12:59:56.604Z
B0000318,P00027,2023-12-17T18:49:00.000Z,981.25,BRL,casino,0.00,true,981.25,0.0,981.25,2026-07-31T12:59:56.604Z
B0000319,P00027,2023-12-05T04:09:00.000Z,474.62,BRL,casino,0.00,true,474.62,0.0,474.62,2026-07-31T12:59:56.604Z
B0000320,P00027,2023-12-18T12:48:00.000Z,830.09,BRL,casino,1584.18,true,830.09,1584.18,-754.09,2026-07-31T12:59:56.604Z
B0000321,P00027,2023-11-06T06:51:00.000Z,407.06,BRL,sports,0.00,true,407.06,0.0,407.06,2026-07-31T12:59:56.604Z
B0000322,P00027,2024-03-09T02:42:00.000Z,277.84,BRL,casino,0.00,true,277.84,0.0,277.84,2026-07-31T12:59:56.604Z
B0000323,P00027,2023-12-13T11:47:00.000Z,28.56,BRL,sports,59.39,true,28.56,59.39,-30.83,2026-07-31T12:59:56.604Z
B0000324,P00027,2024-02-16T01:15:00.000Z,505.43,BRL,sports,0.00,true,505.43,0.0,505.43,2026-07-31T12:59:56.604Z
B0000325,P00028,2024-01-09T22:49:00.000Z,594.98,BRL,casino,0.00,true,594.98,0.0,594.98,2026-07-31T12:59:56.604Z
B0000326,P00028,2024-01-11T00:03:00.000Z,986.99,BRL,casino,0.00,true,986.99,0.0,986.99,2026-07-31T12:59:56.604Z
B0000327,P00028,2023-11-18T20:04:00.000Z,440.93,BRL,casino,1007.63,true,440.93,1007.63,-566.7,2026-07-31T12:59:56.604Z
B0000328,P00028,2023-12-23T12:35:00.000Z,874.58,BRL,sports,0.00,true,874.58,0.0,874.58,2026-07-31T12:59:56.604Z
B0000329,P00028,2023-12-30T03:33:00.000Z,574.87,BRL,casino,0.00,true,574.87,0.0,574.87,2026-07-31T12:59:56.604Z
B0000330,P00028,2023-09-14T16:54:00.000Z,871.37,BRL,casino,0.00,true,871.37,0.0,871.37,2026-07-31T12:59:56.604Z
B0000331,P00028,2024-01-01T06:12:00.000Z,218.74,BRL,casino,377.04,true,218.74,377.04,-158.3,2026-07-31T12:59:56.604Z
B0000332,P00028,2023-11-13T08:51:00.000Z,933.02,BRL,casino,2497.84,true,933.02,2497.84,-1564.82,2026-07-31T12:59:56.604Z
B0000333,P00028,2023-09-21T06:36:00.000Z,64.98,BRL,casino,0.00,true,64.98,0.0,64.98,2026-07-31T12:59:56.604Z
B0000334,P00028,2023-09-17T04:21:00.000Z,873.72,BRL,sports,2131.23,true,873.72,2131.23,-1257.51,2026-07-31T12:59:56.604Z
B0000335,P00028,2023-09-28T11:51:00.000Z,974.36,BRL,sports,0.00,true,974.36,0.0,974.36,2026-07-31T12:59:56.604Z
B0000336,P00028,2024-02-02T17:49:00.000Z,611.98,BRL,casino,0.00,true,611.98,0.0,611.98,2026-07-31T12:59:56.604Z
B0000337,P00028,2023-11-18T02:21:00.000Z,889.91,BRL,sports,0.00,true,889.91,0.0,889.91,2026-07-31T12:59:56.604Z
B0000338,P00028,2023-10-25T15:52:00.000Z,343.11,BRL,casino,0.00,true,343.11,0.0,343.11,2026-07-31T12:59:56.604Z
B0000339,P00028,2023-09-14T07:00:00.000Z,297.34,BRL,sports,0.00,true,297.34,0.0,297.34,2026-07-31T12:59:56.604Z
B0000340,P00028,2023-11-30T05:29:00.000Z,262.56,BRL,sports,722.42,true,262.56,722.42,-459.86,2026-07-31T12:59:56.604Z
B0000341,P00028,2024-02-03T12:12:00.000Z,893.78,BRL,sports,0.00,true,893.78,0.0,893.78,2026-07-31T12:59:56.604Z
B0000342,P00028,2023-10-31T22:02:00.000Z,105.39,BRL,sports,0.00,true,105.39,0.0,105.39,2026-07-31T12:59:56.604Z
B0000343,P00028,2024-01-25T22:42:00.000Z,73.92,BRL,sports,0.00,true,73.92,0.0,73.92,2026-07-31T12:59:56.604Z
B0000344,P00028,2023-10-30T02:22:00.000Z,427.16,BRL,sports,1432.48,true,427.16,1432.48,-1005.32,2026-07-31T12:59:56.604Z
B0000345,P00028,2023-10-14T00:55:00.000Z,944.66,BRL,sports,3193.36,true,944.66,3193.36,-2248.7,2026-07-31T12:59:56.604Z
B0000346,P00028,2023-12-15T18:05:00.000Z,80.44,USD,sports,166.93,true,409.04,848.85,-439.81,2026-07-31T12:59:56.604Z
B0000347,P00028,2024-01-16T01:31:00.000Z,725.90,BRL,casino,2134.29,true,725.9,2134.29,-1408.39,2026-07-31T12:59:56.604Z
B0000348,P00028,2023-11-29T09:32:00.000Z,214.28,BRL,sports,506.96,true,214.28,506.96,-292.68,2026-07-31T12:59:56.604Z
B0000349,P00029,2023-12-01T06:19:00.000Z,80.66,USD,sports,0.00,true,406.68,0.0,406.68,2026-07-31T12:59:56.604Z
B0000350,P00029,2023-12-07T14:51:00.000Z,653.74,BRL,casino,1838.83,true,653.74,1838.83,-1185.09,2026-07-31T12:59:56.604Z
B0000351,P00029,2023-12-08T00:54:00.000Z,146.20,USD,sports,0.00,true,731.25,0.0,731.25,2026-07-31T12:59:56.604Z
B0000352,P00029,2023-12-03T17:03:00.000Z,132.31,BRL,sports,370.29,true,132.31,370.29,-237.98,2026-07-31T12:59:56.604Z
B0000353,P00029,2023-12-05T22:09:00.000Z,417.80,BRL,sports,667.05,true,417.8,667.05,-249.25,2026-07-31T12:59:56.604Z
B0000354,P00029,2023-12-06T05:40:00.000Z,113.84,BRL,casino,266.88,true,113.84,266.88,-153.04,2026-07-31T12:59:56.604Z
B0000355,P00029,2023-12-05T09:47:00.000Z,33.34,BRL,sports,42.19,true,33.34,42.19,-8.85,2026-07-31T12:59:56.604Z
B0000356,P00029,2023-12-07T02:06:00.000Z,152.74,USD,sports,0.00,true,760.25,0.0,760.25,2026-07-31T12:59:56.604Z
B0000357,P00029,2023-12-06T01:30:00.000Z,96.66,BRL,casino,0.00,true,96.66,0.0,96.66,2026-07-31T12:59:56.604Z
B0000358,P00029,2023-12-07T14:19:00.000Z,539.04,BRL,casino,1394.78,true,539.04,1394.78,-855.74,2026-07-31T12:59:56.604Z
B0000359,P00029,2023-12-08T22:42:00.000Z,260.58,BRL,sports,636.33,true,260.58,636.33,-375.75,2026-07-31T12:59:56.604Z
B0000360,P00029,2023-12-08T01:32:00.000Z,831.93,BRL,sports,0.00,true,831.93,0.0,831.93,2026-07-31T12:59:56.604Z
B0000361,P00029,2023-12-03T20:06:00.000Z,86.78,BRL,sports,184.74,true,86.78,184.74,-97.96,2026-07-31T12:59:56.604Z
B0000362,P00029,2023-12-04T09:37:00.000Z,731.38,BRL,casino,2072.77,true,731.38,2072.77,-1341.39,2026-07-31T12:59:56.604Z
B0000363,P00029,2023-12-03T19:47:00.000Z,377.90,BRL,casino,1093.55,true,377.9,1093.55,-715.65,2026-07-31T12:59:56.604Z
B0000364,P00029,2023-12-01T19:15:00.000Z,979.63,BRL,sports,2605.47,true,979.63,2605.47,-1625.84,2026-07-31T12:59:56.604Z
B0000365,P00029,2023-12-07T06:40:00.000Z,574.23,BRL,casino,0.00,true,574.23,0.0,574.23,2026-07-31T12:59:56.604Z
B0000366,P00029,2023-12-08T17:41:00.000Z,455.93,BRL,casino,1008.37,true,455.93,1008.37,-552.44,2026-07-31T12:59:56.604Z
B0000367,P00029,2023-12-06T17:29:00.000Z,190.39,BRL,sports,610.30,true,190.39,610.3,-419.91,2026-07-31T12:59:56.604Z
B0000368,P00029,2023-12-06T08:01:00.000Z,266.55,BRL,sports,0.00,true,266.55,0.0,266.55,2026-07-31T12:59:56.604Z
B0000369,P00029,2023-12-02T04:55:00.000Z,460.15,BRL,casino,1134.76,true,460.15,1134.76,-674.61,2026-07-31T12:59:56.604Z
B0000370,P00029,2023-12-05T23:32:00.000Z,555.53,BRL,sports,0.00,true,555.53,0.0,555.53,2026-07-31T12:59:56.604Z
B0000371,P00029,2023-12-07T01:43:00.000Z,886.20,BRL,sports,0.00,true,886.2,0.0,886.2,2026-07-31T12:59:56.604Z
B0000372,P00029,2023-12-01T17:36:00.000Z,745.87,BRL,sports,0.00,true,745.87,0.0,745.87,2026-07-31T12:59:56.604Z
B0000373,P00029,2023-12-09T11:23:00.000Z,234.27,BRL,sports,0.00,true,234.27,0.0,234.27,2026-07-31T12:59:56.604Z
B0000374,P00029,2023-12-02T03:59:00.000Z,636.73,BRL,sports,0.00,true,636.73,0.0,636.73,2026-07-31T12:59:56.604Z
B0000375,P00029,2023-12-09T04:25:00.000Z,611.62,BRL,casino,0.00,true,611.62,0.0,611.62,2026-07-31T12:59:56.604Z
B0000376,P00029,2023-12-07T09:08:00.000Z,972.15,BRL,casino,0.00,true,972.15,0.0,972.15,2026-07-31T12:59:56.604Z
B0000377,P00029,2023-12-01T13:04:00.000Z,97.70,EUR,sports,324.66,true,516.38,1715.96,-1199.58,2026-07-31T12:59:56.604Z
B0000378,P00029,2023-12-07T18:15:00.000Z,164.67,USD,casino,0.00,true,819.63,0.0,819.63,2026-07-31T12:59:56.604Z
B0000379,P00030,2024-03-13T00:17:00.000Z,34.65,EUR,sports,0.00,true,184.15,0.0,184.15,2026-07-31T12:59:56.604Z
B0000380,P00030,2024-03-11T02:09:00.000Z,102.95,EUR,casino,0.00,true,543.43,0.0,543.43,2026-07-31T12:59:56.604Z
B0000381,P00030,2024-03-01T17:38:00.000Z,523.02,BRL,casino,0.00,true,523.02,0.0,523.02,2026-07-31T12:59:56.604Z
B0000382,P00030,2024-02-18T09:04:00.000Z,53.00,EUR,casino,154.16,true,278.53,810.14,-531.61,2026-07-31T12:59:56.604Z
B0000383,P00030,2024-02-23T03:40:00.000Z,8.13,EUR,casino,0.00,true,42.61,0.0,42.61,2026-07-31T12:59:56.604Z
B0000384,P00030,2024-03-14T18:48:00.000Z,153.47,EUR,casino,0.00,true,819.04,0.0,819.04,2026-07-31T12:59:56.604Z
B0000385,P00030,2024-02-17T22:55:00.000Z,16.41,EUR,casino,0.00,true,86.24,0.0,86.24,2026-07-31T12:59:56.604Z
B0000386,P00030,2024-02-19T22:26:00.000Z,116.69,EUR,sports,0.00,true,610.25,0.0,610.25,2026-07-31T12:59:56.604Z
B0000387,P00030,2024-02-02T04:16:00.000Z,49.76,EUR,casino,0.00,true,260.92,0.0,260.92,2026-07-31T12:59:56.604Z
B0000388,P00030,2024-03-13T16:31:00.000Z,44.72,EUR,sports,54.99,true,237.66,292.24,-54.58,2026-07-31T12:59:56.604Z
B0000389,P00030,2024-03-23T19:31:00.000Z,76.48,EUR,casino,267.21,true,407.23,1422.79,-1015.56,2026-07-31T12:59:56.604Z
B0000390,P00030,2024-03-26T19:41:00.000Z,117.15,EUR,sports,169.63,true,628.16,909.56,-281.4,2026-07-31T12:59:56.604Z
B0000391,P00030,2024-02-01T21:26:00.000Z,363.90,BRL,casino,0.00,true,363.9,0.0,363.9,2026-07-31T12:59:56.604Z
B0000392,P00030,2024-01-25T12:33:00.000Z,138.14,EUR,sports,0.00,true,724.46,0.0,724.46,2026-07-31T12:59:56.604Z
B0000393,P00030,2024-03-11T14:01:00.000Z,110.29,EUR,sports,0.00,true,582.18,0.0,582.18,2026-07-31T12:59:56.604Z
B0000394,P00031,2023-10-23T00:29:00.000Z,66.46,USD,casino,142.75,true,335.71,721.09,-385.38,2026-07-31T12:59:56.604Z
B0000395,P00031,2023-12-04T03:28:00.000Z,69.47,USD,sports,0.00,true,349.19,0.0,349.19,2026-07-31T12:59:56.604Z
B0000396,P00031,2023-11-30T02:49:00.000Z,198.20,USD,casino,599.63,true,992.74,3003.4,-2010.66,2026-07-31T12:59:56.604Z
B0000397,P00031,2023-12-10T01:22:00.000Z,156.41,USD,sports,367.50,true,782.32,1838.13,-1055.81,2026-07-31T12:59:56.604Z
B0000398,P00031,2023-11-29T14:20:00.000Z,21.16,USD,casino,0.00,true,105.94,0.0,105.94,2026-07-31T12:59:56.604Z
B0000399,P00031,2023-11-12T09:21:00.000Z,41.23,USD,casino,0.00,true,205.65,0.0,205.65,2026-07-31T12:59:56.604Z
B0000400,P00031,2023-12-05T12:58:00.000Z,191.90,USD,casino,279.48,true,965.78,1406.54,-440.76,2026-07-31T12:59:56.604Z
B0000401,P00031,2023-12-30T02:05:00.000Z,80.20,USD,casino,0.00,true,399.59,0.0,399.59,2026-07-31T12:59:56.604Z
B0000402,P00031,2023-11-22T01:47:00.000Z,107.03,USD,casino,355.22,true,529.35,1756.84,-1227.49,2026-07-31T12:59:56.604Z
B0000403,P00031,2024-01-06T08:02:00.000Z,17.36,USD,sports,0.00,true,86.22,0.0,86.22,2026-07-31T12:59:56.604Z
B0000404,P00031,2023-12-29T15:14:00.000Z,198.54,USD,sports,340.75,true,989.22,1697.77,-708.55,2026-07-31T12:59:56.604Z
B0000405,P00031,2023-11-17T23:54:00.000Z,162.49,USD,casino,305.91,true,802.45,1510.72,-708.27,2026-07-31T12:59:56.604Z
B0000406,P00031,2023-12-15T07:54:00.000Z,110.69,USD,casino,0.00,true,562.87,0.0,562.87,2026-07-31T12:59:56.604Z
B0000407,P00031,2024-01-08T18:23:00.000Z,180.57,USD,casino,325.28,true,896.72,1615.36,-718.64,2026-07-31T12:59:56.604Z
B0000408,P00031,2023-12-14T05:22:00.000Z,180.11,USD,sports,0.00,true,913.05,0.0,913.05,2026-07-31T12:59:56.604Z
B0000409,P00032,2024-02-19T01:58:00.000Z,197.26,USD,casino,480.93,true,963.04,2347.95,-1384.91,2026-07-31T12:59:56.604Z
B0000410,P00032,2024-02-26T16:45:00.000Z,161.64,USD,sports,0.00,true,789.74,0.0,789.74,2026-07-31T12:59:56.604Z
B0000411,P00032,2024-02-23T08:37:00.000Z,167.49,USD,casino,0.00,true,818.31,0.0,818.31,2026-07-31T12:59:56.604Z
B0000412,P00033,2024-03-18T20:09:00.000Z,112.24,USD,sports,224.42,true,544.44,1088.59,-544.15,2026-07-31T12:59:56.604Z
B0000413,P00033,2024-03-24T00:38:00.000Z,49.04,EUR,casino,159.97,true,261.12,851.78,-590.66,2026-07-31T12:59:56.604Z
B0000414,P00033,2024-03-26T02:28:00.000Z,943.03,BRL,casino,0.00,true,943.03,0.0,943.03,2026-07-31T12:59:56.604Z
B0000415,P00033,2024-03-22T22:09:00.000Z,572.01,BRL,casino,0.00,true,572.01,0.0,572.01,2026-07-31T12:59:56.604Z
B0000416,P00033,2024-03-13T12:49:00.000Z,57.71,BRL,sports,0.00,true,57.71,0.0,57.71,2026-07-31T12:59:56.604Z
B0000417,P00033,2024-03-15T03:38:00.000Z,731.73,BRL,sports,0.00,true,731.73,0.0,731.73,2026-07-31T12:59:56.604Z
B0000418,P00033,2024-03-18T07:44:00.000Z,146.00,USD,casino,206.82,true,708.2,1003.22,-295.02,2026-07-31T12:59:56.604Z
B0000419,P00033,2024-03-26T02:19:00.000Z,477.04,BRL,casino,0.00,true,477.04,0.0,477.04,2026-07-31T12:59:56.604Z
B0000420,P00033,2024-03-18T02:25:00.000Z,879.67,BRL,sports,0.00,true,879.67,0.0,879.67,2026-07-31T12:59:56.604Z
B0000421,P00033,2024-03-20T01:16:00.000Z,648.99,BRL,sports,1453.07,true,648.99,1453.07,-804.08,2026-07-31T12:59:56.604Z
B0000422,P00033,2024-03-14T23:33:00.000Z,63.85,BRL,sports,101.37,true,63.85,101.37,-37.52,2026-07-31T12:59:56.604Z
B0000423,P00033,2024-03-13T12:23:00.000Z,309.73,BRL,sports,0.00,true,309.73,0.0,309.73,2026-07-31T12:59:56.604Z
B0000424,P00034,2023-09-20T23:06:00.000Z,500.71,BRL,sports,0.00,true,500.71,0.0,500.71,2026-07-31T12:59:56.604Z
B0000425,P00034,2023-11-06T20:11:00.000Z,891.98,BRL,sports,0.00,true,891.98,0.0,891.98,2026-07-31T12:59:56.604Z
B0000426,P00034,2023-11-24T18:07:00.000Z,935.62,BRL,casino,0.00,true,935.62,0.0,935.62,2026-07-31T12:59:56.604Z
B0000427,P00035,2023-09-10T21:31:00.000Z,184.51,BRL,sports,0.00,true,184.51,0.0,184.51,2026-07-31T12:59:56.604Z
B0000428,P00035,2023-09-18T14:53:00.000Z,615.13,BRL,casino,1381.42,true,615.13,1381.42,-766.29,2026-07-31T12:59:56.604Z
B0000429,P00035,2023-09-21T05:23:00.000Z,120.80,BRL,sports,0.00,true,120.8,0.0,120.8,2026-07-31T12:59:56.604Z
B0000430,P00035,2023-09-12T00:03:00.000Z,493.31,BRL,casino,0.00,true,493.31,0.0,493.31,2026-07-31T12:59:56.604Z
B0000431,P00035,2023-09-21T12:54:00.000Z,661.36,BRL,sports,0.00,true,661.36,0.0,661.36,2026-07-31T12:59:56.604Z
B0000432,P00035,2023-09-19T15:33:00.000Z,912.31,BRL,casino,0.00,true,912.31,0.0,912.31,2026-07-31T12:59:56.604Z
B0000433,P00036,2023-11-04T08:27:00.000Z,450.67,BRL,casino,1519.56,true,450.67,1519.56,-1068.89,2026-07-31T12:59:56.604Z
B0000434,P00036,2023-09-14T07:31:00.000Z,493.78,BRL,casino,1142.33,true,493.78,1142.33,-648.55,2026-07-31T12:59:56.604Z
B0000435,P00036,2024-02-15T05:37:00.000Z,529.91,BRL,sports,1789.82,true,529.91,1789.82,-1259.91,2026-07-31T12:59:56.604Z
B0000436,P00036,2024-02-04T07:22:00.000Z,52.72,BRL,sports,180.49,true,52.72,180.49,-127.77,2026-07-31T12:59:56.604Z
B0000437,P00036,2024-02-15T02:23:00.000Z,739.85,BRL,sports,0.00,true,739.85,0.0,739.85,2026-07-31T12:59:56.604Z
B0000438,P00036,2023-10-17T00:13:00.000Z,892.89,BRL,casino,0.00,true,892.89,0.0,892.89,2026-07-31T12:59:56.604Z
B0000439,P00036,2023-10-15T21:07:00.000Z,614.95,BRL,casino,1277.51,true,614.95,1277.51,-662.56,2026-07-31T12:59:56.604Z
B0000440,P00036,2023-08-25T05:11:00.000Z,661.30,BRL,casino,0.00,true,661.3,0.0,661.3,2026-07-31T12:59:56.604Z
B0000441,P00036,2023-10-21T03:42:00.000Z,838.60,BRL,casino,1279.57,true,838.6,1279.57,-440.97,2026-07-31T12:59:56.604Z
B0000442,P00036,2023-12-10T05:56:00.000Z,711.62,BRL,casino,0.00,true,711.62,0.0,711.62,2026-07-31T12:59:56.604Z
B0000443,P00036,2023-12-06T21:52:00.000Z,418.81,BRL,casino,770.44,true,418.81,770.44,-351.63,2026-07-31T12:59:56.604Z
B0000444,P00036,2023-10-27T08:42:00.000Z,628.40,BRL,sports,1760.03,true,628.4,1760.03,-1131.63,2026-07-31T12:59:56.604Z
B0000445,P00036,2023-09-11T10:11:00.000Z,119.70,BRL,casino,0.00,true,119.7,0.0,119.7,2026-07-31T12:59:56.604Z
B0000446,P00036,2023-10-05T22:25:00.000Z,260.22,BRL,casino,0.00,true,260.22,0.0,260.22,2026-07-31T12:59:56.604Z
B0000447,P00036,2024-01-08T07:56:00.000Z,856.23,BRL,sports,2526.11,true,856.23,2526.11,-1669.88,2026-07-31T12:59:56.604Z
B0000448,P00036,2023-09-15T09:06:00.000Z,500.48,BRL,sports,1746.57,true,500.48,1746.57,-1246.09,2026-07-31T12:59:56.604Z
B0000449,P00036,2023-10-21T18:15:00.000Z,37.71,USD,casino,0.00,true,190.29,0.0,190.29,2026-07-31T12:59:56.604Z
B0000450,P00036,2024-01-28T14:32:00.000Z,739.65,BRL,sports,2196.01,true,739.65,2196.01,-1456.36,2026-07-31T12:59:56.604Z
B0000451,P00037,2023-11-27T21:22:00.000Z,948.85,BRL,casino,3212.76,true,948.85,3212.76,-2263.91,2026-07-31T12:59:56.604Z
B0000452,P00037,2023-11-25T10:14:00.000Z,61.15,BRL,sports,206.55,true,61.15,206.55,-145.4,2026-07-31T12:59:56.604Z
B0000453,P00037,2023-11-25T19:38:00.000Z,722.58,BRL,casino,1599.23,true,722.58,1599.23,-876.65,2026-07-31T12:59:56.604Z
B0000454,P00037,2023-11-30T00:33:00.000Z,549.39,BRL,sports,799.99,true,549.39,799.99,-250.6,2026-07-31T12:59:56.604Z
B0000455,P00037,2023-12-01T21:43:00.000Z,725.46,BRL,sports,934.67,true,725.46,934.67,-209.21,2026-07-31T12:59:56.604Z
B0000456,P00037,2023-11-22T17:07:00.000Z,564.90,BRL,sports,0.00,true,564.9,0.0,564.9,2026-07-31T12:59:56.604Z
B0000457,P00037,2023-11-22T21:59:00.000Z,78.55,BRL,casino,0.00,true,78.55,0.0,78.55,2026-07-31T12:59:56.604Z
B0000458,P00037,2023-11-26T03:31:00.000Z,389.83,BRL,casino,0.00,true,389.83,0.0,389.83,2026-07-31T12:59:56.604Z
B0000459,P00037,2023-11-27T21:29:00.000Z,638.51,BRL,casino,0.00,true,638.51,0.0,638.51,2026-07-31T12:59:56.604Z
B0000460,P00037,2023-11-25T07:16:00.000Z,128.19,EUR,sports,0.00,true,670.61,0.0,670.61,2026-07-31T12:59:56.604Z
B0000461,P00037,2023-11-27T07:56:00.000Z,434.58,BRL,sports,564.03,true,434.58,564.03,-129.45,2026-07-31T12:59:56.604Z
B0000462,P00037,2023-11-28T08:26:00.000Z,62.41,EUR,casino,0.00,true,327.06,0.0,327.06,2026-07-31T12:59:56.604Z
B0000463,P00037,2023-11-29T07:46:00.000Z,391.50,BRL,sports,763.36,true,391.5,763.36,-371.86,2026-07-31T12:59:56.604Z
B0000464,P00037,2023-11-25T14:39:00.000Z,195.01,BRL,casino,625.84,true,195.01,625.84,-430.83,2026-07-31T12:59:56.604Z
B0000465,P00037,2023-11-29T02:09:00.000Z,765.16,BRL,casino,2051.55,true,765.16,2051.55,-1286.39,2026-07-31T12:59:56.604Z
B0000466,P00037,2023-11-23T22:55:00.000Z,455.06,BRL,casino,0.00,true,455.06,0.0,455.06,2026-07-31T12:59:56.604Z
B0000467,P00037,2023-11-22T14:59:00.000Z,340.99,BRL,casino,0.00,true,340.99,0.0,340.99,2026-07-31T12:59:56.604Z
B0000468,P00037,2023-11-24T02:47:00.000Z,28.72,BRL,sports,71.94,true,28.72,71.94,-43.22,2026-07-31T12:59:56.604Z
B0000469,P00038,2024-03-19T20:08:00.000Z,201.82,BRL,casino,459.69,true,201.82,459.69,-257.87,2026-07-31T12:59:56.604Z
B0000470,P00038,2024-03-11T13:02:00.000Z,764.58,BRL,sports,0.00,true,764.58,0.0,764.58,2026-07-31T12:59:56.604Z
B0000471,P00038,2024-03-26T00:54:00.000Z,13.63,BRL,sports,0.00,true,13.63,0.0,13.63,2026-07-31T12:59:56.604Z
B0000472,P00038,2024-03-11T22:19:00.000Z,359.91,BRL,sports,0.00,true,359.91,0.0,359.91,2026-07-31T12:59:56.604Z
B0000473,P00038,2024-03-12T08:21:00.000Z,318.92,BRL,sports,0.00,true,318.92,0.0,318.92,2026-07-31T12:59:56.604Z
B0000474,P00038,2024-03-10T02:07:00.000Z,803.32,BRL,casino,2590.94,true,803.32,2590.94,-1787.62,2026-07-31T12:59:56.604Z
B0000475,P00038,2024-03-06T04:54:00.000Z,630.54,BRL,sports,0.00,true,630.54,0.0,630.54,2026-07-31T12:59:56.604Z
B0000476,P00038,2024-03-04T01:24:00.000Z,150.91,BRL,casino,443.38,true,150.91,443.38,-292.47,2026-07-31T12:59:56.604Z
B0000477,P00038,2024-03-13T23:23:00.000Z,768.30,BRL,casino,0.00,true,768.3,0.0,768.3,2026-07-31T12:59:56.604Z
B0000478,P00038,2024-03-19T15:22:00.000Z,450.10,BRL,casino,1049.21,true,450.1,1049.21,-599.11,2026-07-31T12:59:56.604Z
B0000479,P00038,2024-03-03T07:09:00.000Z,73.55,BRL,sports,139.03,true,73.55,139.03,-65.48,2026-07-31T12:59:56.604Z
B0000480,P00038,2024-03-26T04:50:00.000Z,201.15,BRL,sports,0.00,true,201.15,0.0,201.15,2026-07-31T12:59:56.604Z
B0000481,P00038,2024-03-12T08:10:00.000Z,800.32,BRL,casino,2600.57,true,800.32,2600.57,-1800.25,2026-07-31T12:59:56.604Z
B0000482,P00038,2024-03-28T21:01:00.000Z,515.86,BRL,casino,0.00,true,515.86,0.0,515.86,2026-07-31T12:59:56.604Z
B0000483,P00038,2024-03-11T08:27:00.000Z,56.75,BRL,casino,108.12,true,56.75,108.12,-51.37,2026-07-31T12:59:56.604Z
B0000484,P00038,2024-03-02T14:21:00.000Z,995.12,BRL,sports,0.00,true,995.12,0.0,995.12,2026-07-31T12:59:56.604Z
B0000485,P00038,2024-03-05T04:12:00.000Z,926.91,BRL,casino,2335.26,true,926.91,2335.26,-1408.35,2026-07-31T12:59:56.604Z
B0000486,P00038,2024-03-13T06:32:00.000Z,696.81,BRL,casino,1437.40,true,696.81,1437.4,-740.59,2026-07-31T12:59:56.604Z
B0000487,P00038,2024-03-14T02:18:00.000Z,136.68,BRL,casino,246.25,true,136.68,246.25,-109.57,2026-07-31T12:59:56.604Z
B0000488,P00038,2024-03-03T05:32:00.000Z,919.18,BRL,sports,2511.49,true,919.18,2511.49,-1592.31,2026-07-31T12:59:56.604Z
B0000489,P00038,2024-03-01T06:09:00.000Z,807.20,BRL,sports,1106.80,true,807.2,1106.8,-299.6,2026-07-31T12:59:56.604Z
B0000490,P00038,2024-03-25T20:39:00.000Z,14.60,BRL,sports,44.62,true,14.6,44.62,-30.02,2026-07-31T12:59:56.604Z
B0000491,P00038,2024-03-05T13:21:00.000Z,965.82,BRL,sports,0.00,true,965.82,0.0,965.82,2026-07-31T12:59:56.604Z
B0000492,P00038,2024-03-20T21:11:00.000Z,25.14,EUR,sports,0.00,true,133.42,0.0,133.42,2026-07-31T12:59:56.604Z
B0000493,P00038,2024-03-23T03:03:00.000Z,8.82,BRL,sports,0.00,true,8.82,0.0,8.82,2026-07-31T12:59:56.604Z
B0000494,P00038,2024-03-13T02:31:00.000Z,531.69,BRL,sports,0.00,true,531.69,0.0,531.69,2026-07-31T12:59:56.604Z
B0000495,P00038,2024-03-16T00:11:00.000Z,677.78,BRL,sports,0.00,true,677.78,0.0,677.78,2026-07-31T12:59:56.604Z
B0000496,P00040,2024-02-20T02:07:00.000Z,878.79,BRL,sports,0.00,true,878.79,0.0,878.79,2026-07-31T12:59:56.604Z
B0000497,P00040,2024-02-20T02:40:00.000Z,324.80,BRL,casino,0.00,true,324.8,0.0,324.8,2026-07-31T12:59:56.604Z
B0000498,P00040,2024-03-17T06:15:00.000Z,642.39,BRL,sports,1141.65,true,642.39,1141.65,-499.26,2026-07-31T12:59:56.604Z
B0000499,P00040,2024-03-20T00:31:00.000Z,685.11,BRL,casino,1076.24,true,685.11,1076.24,-391.13,2026-07-31T12:59:56.604Z
B0000500,P00040,2024-03-25T16:00:00.000Z,16.91,USD,sports,0.00,true,82.67,0.0,82.67,2026-07-31T12:59:56.604Z
B0000501,P00040,2024-02-28T15:04:00.000Z,916.75,BRL,casino,2536.18,true,916.75,2536.18,-1619.43,2026-07-31T12:59:56.604Z
B0000502,P00040,2024-03-25T09:31:00.000Z,453.53,BRL,casino,0.00,true,453.53,0.0,453.53,2026-07-31T12:59:56.604Z
B0000503,P00040,2024-03-10T00:22:00.000Z,999.10,BRL,casino,2548.33,true,999.1,2548.33,-1549.23,2026-07-31T12:59:56.604Z
B0000504,P00040,2024-03-08T22:25:00.000Z,327.75,BRL,casino,0.00,true,327.75,0.0,327.75,2026-07-31T12:59:56.604Z
B0000505,P00040,2024-03-08T08:01:00.000Z,146.37,BRL,sports,0.00,true,146.37,0.0,146.37,2026-07-31T12:59:56.604Z
B0000506,P00040,2024-02-28T08:52:00.000Z,870.90,BRL,sports,1777.62,true,870.9,1777.62,-906.72,2026-07-31T12:59:56.604Z
B0000507,P00040,2024-02-17T02:21:00.000Z,187.99,BRL,sports,394.77,true,187.99,394.77,-206.78,2026-07-31T12:59:56.604Z
B0000508,P00040,2024-02-09T20:17:00.000Z,162.52,BRL,sports,0.00,true,162.52,0.0,162.52,2026-07-31T12:59:56.604Z
B0000509,P00040,2024-02-20T02:42:00.000Z,725.11,BRL,sports,2450.05,true,725.11,2450.05,-1724.94,2026-07-31T12:59:56.604Z
B0000510,P00040,2024-03-01T04:15:00.000Z,71.57,BRL,casino,164.35,true,71.57,164.35,-92.78,2026-07-31T12:59:56.604Z
B0000511,P00041,2023-12-17T05:19:00.000Z,167.49,EUR,casino,0.00,true,890.88,0.0,890.88,2026-07-31T12:59:56.604Z
B0000512,P00041,2024-01-11T15:08:00.000Z,531.99,BRL,casino,1095.22,true,531.99,1095.22,-563.23,2026-07-31T12:59:56.604Z
B0000513,P00041,2024-01-05T02:20:00.000Z,11.98,EUR,sports,25.87,true,63.21,136.51,-73.3,2026-07-31T12:59:56.604Z
B0000514,P00042,2023-11-05T11:36:00.000Z,972.67,BRL,casino,0.00,true,972.67,0.0,972.67,2026-07-31T12:59:56.604Z
B0000515,P00042,2023-11-09T23:14:00.000Z,131.50,BRL,sports,349.15,true,131.5,349.15,-217.65,2026-07-31T12:59:56.604Z
B0000516,P00042,2023-10-11T01:48:00.000Z,472.40,BRL,sports,1122.05,true,472.4,1122.05,-649.65,2026-07-31T12:59:56.604Z
B0000517,P00042,2023-11-04T21:46:00.000Z,531.59,BRL,casino,0.00,true,531.59,0.0,531.59,2026-07-31T12:59:56.604Z
B0000518,P00042,2023-09-30T04:09:00.000Z,778.55,BRL,casino,0.00,true,778.55,0.0,778.55,2026-07-31T12:59:56.604Z
B0000519,P00042,2023-11-14T13:35:00.000Z,227.22,BRL,sports,458.80,true,227.22,458.8,-231.58,2026-07-31T12:59:56.604Z
B0000520,P00043,2023-12-21T02:51:00.000Z,317.60,BRL,sports,0.00,true,317.6,0.0,317.6,2026-07-31T12:59:56.604Z
B0000521,P00043,2024-01-26T10:32:00.000Z,299.14,BRL,casino,967.71,true,299.14,967.71,-668.57,2026-07-31T12:59:56.604Z
B0000522,P00043,2023-12-12T00:16:00.000Z,425.88,BRL,sports,0.00,true,425.88,0.0,425.88,2026-07-31T12:59:56.604Z
B0000523,P00043,2023-11-29T08:23:00.000Z,33.68,BRL,casino,0.00,true,33.68,0.0,33.68,2026-07-31T12:59:56.604Z
B0000524,P00043,2023-11-29T05:59:00.000Z,385.11,BRL,casino,855.53,true,385.11,855.53,-470.42,2026-07-31T12:59:56.604Z
B0000525,P00043,2024-01-08T02:08:00.000Z,707.77,BRL,casino,0.00,true,707.77,0.0,707.77,2026-07-31T12:59:56.604Z
B0000526,P00043,2023-11-13T16:35:00.000Z,110.96,USD,sports,213.61,true,553.21,1065.0,-511.79,2026-07-31T12:59:56.604Z
B0000527,P00043,2024-01-30T17:41:00.000Z,327.26,BRL,casino,854.18,true,327.26,854.18,-526.92,2026-07-31T12:59:56.604Z
B0000528,P00043,2023-12-22T00:45:00.000Z,570.69,BRL,sports,0.00,true,570.69,0.0,570.69,2026-07-31T12:59:56.604Z
B0000529,P00043,2024-01-13T16:05:00.000Z,144.21,BRL,casino,227.24,true,144.21,227.24,-83.03,2026-07-31T12:59:56.604Z
B0000530,P00043,2023-12-26T10:34:00.000Z,415.58,BRL,sports,0.00,true,415.58,0.0,415.58,2026-07-31T12:59:56.604Z
B0000531,P00043,2024-01-17T11:05:00.000Z,790.78,BRL,sports,0.00,true,790.78,0.0,790.78,2026-07-31T12:59:56.604Z
B0000532,P00043,2024-01-07T03:03:00.000Z,763.95,BRL,sports,0.00,true,763.95,0.0,763.95,2026-07-31T12:59:56.604Z
B0000533,P00043,2023-11-17T00:48:00.000Z,698.80,BRL,sports,0.00,true,698.8,0.0,698.8,2026-07-31T12:59:56.604Z
B0000534,P00043,2023-11-30T14:25:00.000Z,141.98,BRL,sports,296.92,true,141.98,296.92,-154.94,2026-07-31T12:59:56.604Z
B0000535,P00043,2024-01-15T15:35:00.000Z,494.77,BRL,sports,0.00,true,494.77,0.0,494.77,2026-07-31T12:59:56.604Z
B0000536,P00043,2023-11-16T06:05:00.000Z,40.83,BRL,casino,95.15,true,40.83,95.15,-54.32,2026-07-31T12:59:56.604Z
B0000537,P00043,2024-01-15T21:47:00.000Z,168.36,BRL,casino,409.68,true,168.36,409.68,-241.32,2026-07-31T12:59:56.604Z
B0000538,P00043,2023-12-15T13:21:00.000Z,513.33,BRL,sports,854.00,true,513.33,854.0,-340.67,2026-07-31T12:59:56.604Z
B0000539,P00043,2023-12-22T09:28:00.000Z,395.67,BRL,casino,0.00,true,395.67,0.0,395.67,2026-07-31T12:59:56.604Z
B0000540,P00043,2023-12-07T16:55:00.000Z,46.45,BRL,sports,0.00,true,46.45,0.0,46.45,2026-07-31T12:59:56.604Z
B0000541,P00044,2023-10-19T02:37:00.000Z,302.12,BRL,casino,0.00,true,302.12,0.0,302.12,2026-07-31T12:59:56.604Z
B0000542,P00044,2023-09-23T19:13:00.000Z,649.59,BRL,sports,2109.53,true,649.59,2109.53,-1459.94,2026-07-31T12:59:56.604Z
B0000543,P00044,2023-09-16T07:20:00.000Z,861.06,BRL,casino,2908.34,true,861.06,2908.34,-2047.28,2026-07-31T12:59:56.604Z
B0000544,P00045,2024-02-22T12:50:00.000Z,161.22,EUR,sports,0.00,true,846.87,0.0,846.87,2026-07-31T12:59:56.604Z
B0000545,P00045,2024-02-05T13:54:00.000Z,154.89,EUR,sports,0.00,true,810.07,0.0,810.07,2026-07-31T12:59:56.604Z
B0000546,P00045,2024-02-11T02:03:00.000Z,53.80,EUR,casino,134.86,true,283.59,710.87,-427.28,2026-07-31T12:59:56.604Z
B0000547,P00045,2024-02-09T06:17:00.000Z,169.94,EUR,casino,0.00,true,895.79,0.0,895.79,2026-07-31T12:59:56.604Z
B0000548,P00045,2024-02-23T22:56:00.000Z,899.03,BRL,sports,1622.09,true,899.03,1622.09,-723.06,2026-07-31T12:59:56.604Z
B0000549,P00045,2024-02-06T00:59:00.000Z,130.50,EUR,casino,0.00,true,684.21,0.0,684.21,2026-07-31T12:59:56.604Z
B0000550,P00045,2024-02-08T20:44:00.000Z,726.18,BRL,casino,0.00,true,726.18,0.0,726.18,2026-07-31T12:59:56.604Z
B0000551,P00045,2024-02-11T02:04:00.000Z,84.47,EUR,casino,0.00,true,445.26,0.0,445.26,2026-07-31T12:59:56.604Z
B0000552,P00045,2024-02-24T02:00:00.000Z,7.47,EUR,sports,16.97,true,39.15,88.95,-49.8,2026-07-31T12:59:56.604Z
B0000553,P00046,2023-09-05T15:55:00.000Z,720.28,BRL,sports,1307.13,true,720.28,1307.13,-586.85,2026-07-31T12:59:56.604Z
B0000554,P00046,2023-08-31T00:36:00.000Z,811.30,BRL,casino,0.00,true,811.3,0.0,811.3,2026-07-31T12:59:56.604Z
B0000555,P00046,2023-10-11T00:23:00.000Z,491.08,BRL,sports,1547.61,true,491.08,1547.61,-1056.53,2026-07-31T12:59:56.604Z
B0000556,P00046,2023-10-16T06:57:00.000Z,821.61,BRL,casino,0.00,true,821.61,0.0,821.61,2026-07-31T12:59:56.604Z
B0000557,P00046,2023-10-10T07:37:00.000Z,324.11,BRL,casino,0.00,true,324.11,0.0,324.11,2026-07-31T12:59:56.604Z
B0000558,P00046,2023-09-17T17:31:00.000Z,350.70,BRL,casino,1077.60,true,350.7,1077.6,-726.9,2026-07-31T12:59:56.604Z
B0000559,P00046,2023-09-16T21:41:00.000Z,91.01,BRL,casino,138.02,true,91.01,138.02,-47.01,2026-07-31T12:59:56.604Z
B0000560,P00046,2023-09-27T10:55:00.000Z,862.49,BRL,sports,1119.80,true,862.49,1119.8,-257.31,2026-07-31T12:59:56.604Z
B0000561,P00046,2023-10-16T19:36:00.000Z,634.53,BRL,sports,0.00,true,634.53,0.0,634.53,2026-07-31T12:59:56.604Z
B0000562,P00046,2023-08-27T20:32:00.000Z,399.37,BRL,sports,0.00,true,399.37,0.0,399.37,2026-07-31T12:59:56.604Z
B0000563,P00046,2023-10-06T22:47:00.000Z,258.44,BRL,sports,0.00,true,258.44,0.0,258.44,2026-07-31T12:59:56.604Z
B0000564,P00046,2023-09-12T06:59:00.000Z,328.86,BRL,casino,0.00,true,328.86,0.0,328.86,2026-07-31T12:59:56.604Z
B0000565,P00047,2024-02-14T23:14:00.000Z,131.47,EUR,casino,0.00,true,689.56,0.0,689.56,2026-07-31T12:59:56.604Z
B0000566,P00047,2024-02-05T18:32:00.000Z,156.77,EUR,sports,188.34,true,819.91,985.02,-165.11,2026-07-31T12:59:56.604Z
B0000567,P00047,2024-03-20T04:13:00.000Z,696.46,BRL,sports,2046.44,true,696.46,2046.44,-1349.98,2026-07-31T12:59:56.604Z
B0000568,P00047,2024-02-10T15:04:00.000Z,299.31,BRL,casino,928.94,true,299.31,928.94,-629.63,2026-07-31T12:59:56.604Z
B0000569,P00047,2024-03-14T15:19:00.000Z,74.41,EUR,casino,158.26,true,397.11,844.6,-447.49,2026-07-31T12:59:56.604Z
B0000570,P00047,2024-03-06T21:40:00.000Z,53.86,EUR,sports,0.00,true,285.4,0.0,285.4,2026-07-31T12:59:56.604Z
B0000571,P00047,2024-03-19T09:51:00.000Z,88.00,EUR,casino,157.37,true,469.52,839.65,-370.13,2026-07-31T12:59:56.604Z
B0000572,P00047,2024-03-25T20:43:00.000Z,74.55,EUR,casino,0.00,true,397.58,0.0,397.58,2026-07-31T12:59:56.604Z
B0000573,P00047,2024-01-20T01:16:00.000Z,168.52,EUR,sports,0.00,true,880.25,0.0,880.25,2026-07-31T12:59:56.604Z
B0000574,P00048,2023-11-03T09:47:00.000Z,717.03,BRL,casino,0.00,true,717.03,0.0,717.03,2026-07-31T12:59:56.604Z
B0000575,P00048,2023-11-02T15:28:00.000Z,471.93,BRL,sports,1166.16,true,471.93,1166.16,-694.23,2026-07-31T12:59:56.604Z
B0000576,P00048,2023-12-16T18:59:00.000Z,23.34,EUR,casino,0.00,true,124.15,0.0,124.15,2026-07-31T12:59:56.604Z
B0000577,P00048,2023-09-19T07:59:00.000Z,465.86,BRL,sports,0.00,true,465.86,0.0,465.86,2026-07-31T12:59:56.604Z
B0000578,P00048,2023-11-05T21:18:00.000Z,699.73,BRL,sports,0.00,true,699.73,0.0,699.73,2026-07-31T12:59:56.604Z
B0000579,P00048,2023-09-12T19:12:00.000Z,334.76,BRL,casino,520.90,true,334.76,520.9,-186.14,2026-07-31T12:59:56.604Z
B0000580,P00048,2024-01-04T14:11:00.000Z,390.37,BRL,casino,0.00,true,390.37,0.0,390.37,2026-07-31T12:59:56.604Z
B0000581,P00048,2023-09-13T12:31:00.000Z,227.31,BRL,sports,0.00,true,227.31,0.0,227.31,2026-07-31T12:59:56.604Z
B0000582,P00048,2023-12-24T01:38:00.000Z,948.30,BRL,sports,1496.60,true,948.3,1496.6,-548.3,2026-07-31T12:59:56.604Z
B0000583,P00048,2023-12-23T21:23:00.000Z,795.37,BRL,sports,2250.37,true,795.37,2250.37,-1455.0,2026-07-31T12:59:56.604Z
B0000584,P00048,2023-12-18T08:04:00.000Z,282.51,BRL,sports,0.00,true,282.51,0.0,282.51,2026-07-31T12:59:56.604Z
B0000585,P00048,2023-11-08T10:15:00.000Z,666.38,BRL,sports,0.00,true,666.38,0.0,666.38,2026-07-31T12:59:56.604Z
B0000586,P00050,2023-09-29T06:16:00.000Z,666.32,BRL,casino,2326.79,true,666.32,2326.79,-1660.47,2026-07-31T12:59:56.604Z
B0000587,P00050,2023-09-26T01:02:00.000Z,657.98,BRL,sports,0.00,true,657.98,0.0,657.98,2026-07-31T12:59:56.604Z
B0000588,P00050,2023-09-30T10:00:00.000Z,747.91,BRL,sports,1537.16,true,747.91,1537.16,-789.25,2026-07-31T12:59:56.604Z
B0000589,P00050,2023-10-10T01:58:00.000Z,587.64,BRL,sports,1895.07,true,587.64,1895.07,-1307.43,2026-07-31T12:59:56.604Z
B0000590,P00050,2023-10-09T09:06:00.000Z,192.72,BRL,sports,0.00,true,192.72,0.0,192.72,2026-07-31T12:59:56.604Z
B0000591,P00050,2023-10-06T00:42:00.000Z,628.89,BRL,sports,0.00,true,628.89,0.0,628.89,2026-07-31T12:59:56.604Z
B0000592,P00050,2023-10-10T00:10:00.000Z,480.30,BRL,sports,0.00,true,480.3,0.0,480.3,2026-07-31T12:59:56.604Z
B0000593,P00050,2023-10-14T03:03:00.000Z,840.57,BRL,casino,1444.34,true,840.57,1444.34,-603.77,2026-07-31T12:59:56.604Z
B0000594,P00050,2023-09-25T22:25:00.000Z,781.73,BRL,casino,2145.70,true,781.73,2145.7,-1363.97,2026-07-31T12:59:56.604Z
B0000595,P00051,2024-03-20T10:26:00.000Z,96.39,USD,sports,0.00,true,469.08,0.0,469.08,2026-07-31T12:59:56.604Z
B0000596,P00051,2024-03-04T08:01:00.000Z,58.24,USD,casino,0.00,true,283.88,0.0,283.88,2026-07-31T12:59:56.604Z
B0000597,P00051,2024-02-28T17:02:00.000Z,141.19,USD,casino,0.00,true,695.45,0.0,695.45,2026-07-31T12:59:56.604Z
B0000598,P00052,2024-02-23T06:53:00.000Z,114.13,EUR,casino,0.00,true,598.2,0.0,598.2,2026-07-31T12:59:56.604Z
B0000599,P00052,2024-02-12T17:53:00.000Z,82.76,EUR,sports,0.00,true,435.86,0.0,435.86,2026-07-31T12:59:56.604Z
B0000600,P00052,2024-03-04T11:39:00.000Z,121.31,EUR,sports,0.00,true,637.91,0.0,637.91,2026-07-31T12:59:56.604Z
B0000601,P00052,2024-02-05T12:14:00.000Z,163.54,EUR,casino,0.00,true,855.31,0.0,855.31,2026-07-31T12:59:56.604Z
B0000602,P00052,2024-02-14T19:33:00.000Z,99.49,EUR,casino,189.49,true,521.83,993.88,-472.05,2026-07-31T12:59:56.604Z
B0000603,P00052,2024-02-08T17:56:00.000Z,74.75,EUR,sports,0.00,true,392.47,0.0,392.47,2026-07-31T12:59:56.604Z
B0000604,P00053,2024-02-05T05:51:00.000Z,364.68,BRL,casino,0.00,true,364.68,0.0,364.68,2026-07-31T12:59:56.604Z
B0000605,P00053,2024-03-01T04:15:00.000Z,121.62,BRL,sports,0.00,true,121.62,0.0,121.62,2026-07-31T12:59:56.604Z
B0000606,P00053,2024-03-02T10:15:00.000Z,831.24,BRL,casino,2235.37,true,831.24,2235.37,-1404.13,2026-07-31T12:59:56.604Z
B0000607,P00053,2024-02-23T05:16:00.000Z,932.82,BRL,sports,0.00,true,932.82,0.0,932.82,2026-07-31T12:59:56.604Z
B0000608,P00053,2024-02-09T00:12:00.000Z,162.81,USD,casino,0.00,true,799.3,0.0,799.3,2026-07-31T12:59:56.604Z
B0000609,P00053,2024-03-23T19:32:00.000Z,935.08,BRL,casino,0.00,true,935.08,0.0,935.08,2026-07-31T12:59:56.604Z
B0000610,P00053,2024-02-05T10:06:00.000Z,981.67,BRL,casino,0.00,true,981.67,0.0,981.67,2026-07-31T12:59:56.604Z
B0000611,P00053,2024-02-20T18:03:00.000Z,123.85,BRL,sports,251.55,true,123.85,251.55,-127.7,2026-07-31T12:59:56.604Z
B0000612,P00053,2024-03-18T21:43:00.000Z,550.75,BRL,casino,1653.85,true,550.75,1653.85,-1103.1,2026-07-31T12:59:56.604Z
B0000613,P00053,2024-02-06T13:17:00.000Z,99.58,EUR,casino,196.82,true,522.1,1031.93,-509.83,2026-07-31T12:59:56.604Z
B0000614,P00053,2024-02-20T17:59:00.000Z,224.34,BRL,casino,0.00,true,224.34,0.0,224.34,2026-07-31T12:59:56.604Z
B0000615,P00053,2024-03-17T17:10:00.000Z,27.84,BRL,casino,0.00,true,27.84,0.0,27.84,2026-07-31T12:59:56.604Z
B0000616,P00053,2024-02-06T13:17:00.000Z,22.35,BRL,casino,56.18,true,22.35,56.18,-33.83,2026-07-31T12:59:56.604Z
B0000617,P00053,2024-01-31T02:11:00.000Z,44.97,USD,sports,0.00,true,219.97,0.0,219.97,2026-07-31T12:59:56.604Z
B0000618,P00053,2024-02-10T19:28:00.000Z,672.81,BRL,sports,2139.58,true,672.81,2139.58,-1466.77,2026-07-31T12:59:56.604Z
B0000619,P00053,2024-02-07T20:54:00.000Z,411.49,BRL,casino,636.12,true,411.49,636.12,-224.63,2026-07-31T12:59:56.604Z
B0000620,P00053,2024-01-25T10:50:00.000Z,275.36,BRL,casino,0.00,true,275.36,0.0,275.36,2026-07-31T12:59:56.604Z
B0000621,P00053,2024-02-13T13:23:00.000Z,108.12,EUR,sports,0.00,true,566.2,0.0,566.2,2026-07-31T12:59:56.604Z
B0000622,P00053,2024-03-09T02:22:00.000Z,119.89,EUR,casino,255.27,true,630.68,1342.85,-712.17,2026-07-31T12:59:56.604Z
B0000623,P00053,2024-02-10T09:01:00.000Z,294.23,BRL,sports,759.41,true,294.23,759.41,-465.18,2026-07-31T12:59:56.604Z
B0000624,P00053,2024-03-05T07:22:00.000Z,454.98,BRL,casino,0.00,true,454.98,0.0,454.98,2026-07-31T12:59:56.604Z
B0000625,P00054,2023-08-18T01:16:00.000Z,725.56,BRL,casino,0.00,true,725.56,0.0,725.56,2026-07-31T12:59:56.604Z
B0000626,P00054,2023-10-10T02:37:00.000Z,912.04,BRL,sports,1426.09,true,912.04,1426.09,-514.05,2026-07-31T12:59:56.604Z
B0000627,P00054,2023-08-22T01:58:00.000Z,367.75,BRL,sports,0.00,true,367.75,0.0,367.75,2026-07-31T12:59:56.604Z
B0000628,P00054,2023-09-05T03:09:00.000Z,555.06,BRL,casino,1336.63,true,555.06,1336.63,-781.57,2026-07-31T12:59:56.604Z
B0000629,P00054,2023-09-18T03:19:00.000Z,282.12,BRL,sports,0.00,true,282.12,0.0,282.12,2026-07-31T12:59:56.604Z
B0000630,P00054,2023-12-24T18:55:00.000Z,622.84,BRL,sports,0.00,true,622.84,0.0,622.84,2026-07-31T12:59:56.604Z
B0000631,P00054,2023-10-25T03:51:00.000Z,942.31,BRL,sports,0.00,true,942.31,0.0,942.31,2026-07-31T12:59:56.604Z
B0000632,P00054,2023-09-01T11:49:00.000Z,272.70,BRL,casino,0.00,true,272.7,0.0,272.7,2026-07-31T12:59:56.604Z
B0000633,P00054,2024-01-01T03:00:00.000Z,724.59,BRL,casino,2422.99,true,724.59,2422.99,-1698.4,2026-07-31T12:59:56.604Z
B0000634,P00054,2023-09-25T00:08:00.000Z,515.68,BRL,sports,1217.20,true,515.68,1217.2,-701.52,2026-07-31T12:59:56.604Z
B0000635,P00054,2023-08-25T06:50:00.000Z,847.30,BRL,casino,2203.51,true,847.3,2203.51,-1356.21,2026-07-31T12:59:56.604Z
B0000636,P00054,2023-12-09T14:48:00.000Z,179.27,BRL,sports,317.47,true,179.27,317.47,-138.2,2026-07-31T12:59:56.604Z
B0000637,P00054,2023-08-30T10:48:00.000Z,140.22,BRL,casino,338.84,true,140.22,338.84,-198.62,2026-07-31T12:59:56.604Z
B0000638,P00054,2023-12-31T22:33:00.000Z,406.88,BRL,casino,0.00,true,406.88,0.0,406.88,2026-07-31T12:59:56.604Z
B0000639,P00054,2024-01-07T10:26:00.000Z,750.60,BRL,sports,0.00,true,750.6,0.0,750.6,2026-07-31T12:59:56.604Z
B0000640,P00054,2023-12-19T23:53:00.000Z,130.61,BRL,casino,178.79,true,130.61,178.79,-48.18,2026-07-31T12:59:56.604Z
B0000641,P00054,2023-09-11T05:12:00.000Z,415.35,BRL,sports,855.34,true,415.35,855.34,-439.99,2026-07-31T12:59:56.604Z
B0000642,P00054,2023-10-07T18:47:00.000Z,640.26,BRL,sports,2042.40,true,640.26,2042.4,-1402.14,2026-07-31T12:59:56.604Z
B0000643,P00054,2023-10-29T21:16:00.000Z,146.60,BRL,casino,0.00,true,146.6,0.0,146.6,2026-07-31T12:59:56.604Z
B0000644,P00054,2023-11-23T09:26:00.000Z,467.88,BRL,sports,0.00,true,467.88,0.0,467.88,2026-07-31T12:59:56.604Z
B0000645,P00054,2023-10-14T04:03:00.000Z,897.55,BRL,casino,0.00,true,897.55,0.0,897.55,2026-07-31T12:59:56.604Z
B0000646,P00054,2023-12-10T01:18:00.000Z,887.61,BRL,casino,0.00,true,887.61,0.0,887.61,2026-07-31T12:59:56.604Z
B0000647,P00054,2023-12-22T19:04:00.000Z,45.32,BRL,casino,0.00,true,45.32,0.0,45.32,2026-07-31T12:59:56.604Z
B0000648,P00054,2023-11-05T01:45:00.000Z,922.38,BRL,casino,3211.57,true,922.38,3211.57,-2289.19,2026-07-31T12:59:56.604Z
B0000649,P00054,2023-08-28T05:39:00.000Z,632.52,BRL,casino,1411.29,true,632.52,1411.29,-778.77,2026-07-31T12:59:56.604Z
B0000650,P00054,2023-11-09T01:28:00.000Z,288.50,BRL,casino,689.25,true,288.5,689.25,-400.75,2026-07-31T12:59:56.604Z
B0000651,P00054,2023-12-01T16:36:00.000Z,40.98,BRL,sports,0.00,true,40.98,0.0,40.98,2026-07-31T12:59:56.604Z
B0000652,P00055,2024-02-03T03:09:00.000Z,132.46,USD,sports,379.08,true,644.31,1843.92,-1199.61,2026-07-31T12:59:56.604Z
B0000653,P00055,2023-11-01T00:08:00.000Z,55.88,USD,sports,72.71,true,279.41,363.56,-84.15,2026-07-31T12:59:56.604Z
B0000654,P00055,2023-12-13T02:35:00.000Z,84.10,USD,casino,0.00,true,425.23,0.0,425.23,2026-07-31T12:59:56.604Z
B0000655,P00056,2023-09-10T18:14:00.000Z,29.43,EUR,casino,84.54,true,156.57,449.75,-293.18,2026-07-31T12:59:56.604Z
B0000656,P00056,2024-01-05T01:29:00.000Z,161.92,EUR,casino,0.00,true,854.4,0.0,854.4,2026-07-31T12:59:56.604Z
B0000657,P00056,2023-11-27T22:36:00.000Z,65.75,EUR,casino,0.00,true,343.66,0.0,343.66,2026-07-31T12:59:56.604Z
B0000658,P00057,2024-01-24T10:17:00.000Z,683.55,BRL,sports,0.00,true,683.55,0.0,683.55,2026-07-31T12:59:56.604Z
B0000659,P00057,2024-01-15T04:46:00.000Z,436.70,BRL,casino,1468.13,true,436.7,1468.13,-1031.43,2026-07-31T12:59:56.604Z
B0000660,P00057,2024-01-09T01:09:00.000Z,303.84,BRL,sports,0.00,true,303.84,0.0,303.84,2026-07-31T12:59:56.604Z
B0000661,P00057,2024-01-15T21:44:00.000Z,252.49,BRL,casino,0.00,true,252.49,0.0,252.49,2026-07-31T12:59:56.604Z
B0000662,P00057,2024-01-21T02:30:00.000Z,422.20,BRL,sports,585.42,true,422.2,585.42,-163.22,2026-07-31T12:59:56.604Z
B0000663,P00057,2024-01-18T07:01:00.000Z,61.62,BRL,casino,135.19,true,61.62,135.19,-73.57,2026-07-31T12:59:56.604Z
B0000664,P00057,2024-01-19T22:25:00.000Z,489.09,BRL,sports,0.00,true,489.09,0.0,489.09,2026-07-31T12:59:56.604Z
B0000665,P00057,2024-01-20T05:38:00.000Z,238.94,BRL,casino,728.87,true,238.94,728.87,-489.93,2026-07-31T12:59:56.604Z
B0000666,P00057,2024-01-26T00:34:00.000Z,87.46,BRL,casino,265.11,true,87.46,265.11,-177.65,2026-07-31T12:59:56.604Z
B0000667,P00057,2024-01-23T15:09:00.000Z,934.70,BRL,sports,0.00,true,934.7,0.0,934.7,2026-07-31T12:59:56.604Z
B0000668,P00057,2024-01-08T15:58:00.000Z,37.52,BRL,casino,117.82,true,37.52,117.82,-80.3,2026-07-31T12:59:56.604Z
B0000669,P00057,2024-01-26T12:02:00.000Z,893.42,BRL,sports,1152.13,true,893.42,1152.13,-258.71,2026-07-31T12:59:56.604Z
B0000670,P00057,2024-01-14T10:17:00.000Z,897.57,BRL,casino,0.00,true,897.57,0.0,897.57,2026-07-31T12:59:56.604Z
B0000671,P00057,2024-01-27T01:29:00.000Z,76.32,BRL,casino,0.00,true,76.32,0.0,76.32,2026-07-31T12:59:56.604Z
B0000672,P00057,2024-01-13T15:02:00.000Z,701.44,BRL,casino,1820.18,true,701.44,1820.18,-1118.74,2026-07-31T12:59:56.604Z
B0000673,P00057,2024-01-18T06:32:00.000Z,696.43,BRL,casino,0.00,true,696.43,0.0,696.43,2026-07-31T12:59:56.604Z
B0000674,P00057,2024-01-17T18:54:00.000Z,815.56,BRL,casino,2724.09,true,815.56,2724.09,-1908.53,2026-07-31T12:59:56.604Z
B0000675,P00057,2024-01-18T00:03:00.000Z,463.98,BRL,sports,0.00,true,463.98,0.0,463.98,2026-07-31T12:59:56.604Z
B0000676,P00057,2024-01-12T04:21:00.000Z,26.10,USD,casino,0.00,true,127.95,0.0,127.95,2026-07-31T12:59:56.604Z
B0000677,P00057,2024-01-26T14:42:00.000Z,484.19,BRL,casino,1616.57,true,484.19,1616.57,-1132.38,2026-07-31T12:59:56.604Z
B0000678,P00057,2024-01-14T06:03:00.000Z,657.90,BRL,sports,1380.82,true,657.9,1380.82,-722.92,2026-07-31T12:59:56.604Z
B0000679,P00057,2024-01-16T23:50:00.000Z,813.46,BRL,casino,0.00,true,813.46,0.0,813.46,2026-07-31T12:59:56.604Z
B0000680,P00057,2024-01-22T14:58:00.000Z,149.31,USD,sports,0.00,true,722.46,0.0,722.46,2026-07-31T12:59:56.604Z
B0000681,P00057,2024-01-08T20:21:00.000Z,168.36,BRL,sports,238.13,true,168.36,238.13,-69.77,2026-07-31T12:59:56.604Z
B0000682,P00059,2023-12-08T02:02:00.000Z,99.58,USD,sports,165.82,true,498.07,829.38,-331.31,2026-07-31T12:59:56.604Z
B0000683,P00059,2024-01-27T05:06:00.000Z,69.25,USD,casino,0.00,true,335.52,0.0,335.52,2026-07-31T12:59:56.604Z
B0000684,P00059,2024-01-11T20:47:00.000Z,30.41,USD,casino,0.00,true,149.37,0.0,149.37,2026-07-31T12:59:56.604Z
B0000685,P00060,2024-02-06T02:49:00.000Z,103.74,EUR,sports,0.00,true,543.91,0.0,543.91,2026-07-31T12:59:56.604Z
B0000686,P00060,2023-12-13T09:18:00.000Z,103.83,EUR,casino,362.64,true,552.98,1931.35,-1378.37,2026-07-31T12:59:56.604Z
B0000687,P00060,2023-10-18T09:56:00.000Z,110.11,EUR,casino,0.00,true,592.83,0.0,592.83,2026-07-31T12:59:56.604Z
B0000688,P00060,2024-02-11T21:53:00.000Z,154.88,EUR,sports,0.00,true,816.4,0.0,816.4,2026-07-31T12:59:56.604Z
B0000689,P00060,2023-12-12T18:42:00.000Z,156.12,EUR,casino,0.00,true,828.2,0.0,828.2,2026-07-31T12:59:56.604Z
B0000690,P00060,2023-12-05T08:25:00.000Z,93.35,EUR,sports,316.42,true,491.23,1665.07,-1173.84,2026-07-31T12:59:56.604Z
B0000691,P00060,2023-12-10T11:26:00.000Z,803.38,BRL,sports,2468.93,true,803.38,2468.93,-1665.55,2026-07-31T12:59:56.604Z
B0000692,P00060,2023-12-19T18:49:00.000Z,128.50,EUR,sports,0.00,true,680.74,0.0,680.74,2026-07-31T12:59:56.604Z
B0000693,P00060,2023-12-18T04:07:00.000Z,38.13,EUR,sports,0.00,true,202.54,0.0,202.54,2026-07-31T12:59:56.604Z
B0000694,P00060,2024-02-11T02:43:00.000Z,98.57,EUR,casino,241.86,true,519.58,1274.89,-755.31,2026-07-31T12:59:56.604Z
B0000695,P00060,2023-10-26T01:59:00.000Z,43.73,EUR,casino,0.00,true,233.26,0.0,233.26,2026-07-31T12:59:56.604Z
B0000696,P00060,2023-11-06T02:10:00.000Z,117.90,EUR,casino,387.15,true,623.53,2047.48,-1423.95,2026-07-31T12:59:56.604Z
B0000697,P00060,2023-10-28T15:40:00.000Z,51.25,EUR,sports,0.00,true,272.06,0.0,272.06,2026-07-31T12:59:56.604Z
B0000698,P00060,2023-10-25T00:15:00.000Z,152.94,EUR,sports,0.00,true,819.62,0.0,819.62,2026-07-31T12:59:56.604Z
B0000699,P00060,2024-01-23T17:21:00.000Z,132.97,EUR,sports,214.30,true,695.73,1121.26,-425.53,2026-07-31T12:59:56.604Z
B0000700,P00060,2023-12-19T01:42:00.000Z,136.64,EUR,casino,0.00,true,723.86,0.0,723.86,2026-07-31T12:59:56.604Z
B0000701,P00060,2024-01-24T22:46:00.000Z,356.47,BRL,sports,582.97,true,356.47,582.97,-226.5,2026-07-31T12:59:56.604Z
B0000702,P00060,2024-02-09T01:04:00.000Z,140.96,EUR,sports,0.00,true,743.03,0.0,743.03,2026-07-31T12:59:56.604Z
B0000703,P00060,2023-11-03T02:59:00.000Z,91.84,EUR,casino,0.00,true,487.35,0.0,487.35,2026-07-31T12:59:56.604Z
B0000704,P00060,2023-10-19T01:32:00.000Z,68.73,EUR,casino,0.00,true,367.99,0.0,367.99,2026-07-31T12:59:56.604Z
B0000705,P00060,2023-11-12T12:44:00.000Z,109.07,EUR,sports,0.00,true,576.12,0.0,576.12,2026-07-31T12:59:56.604Z
B0000706,P00060,2024-02-17T21:31:00.000Z,40.45,EUR,casino,0.00,true,212.57,0.0,212.57,2026-07-31T12:59:56.604Z
B0000707,P00060,2023-12-04T00:12:00.000Z,65.18,EUR,sports,0.00,true,343.29,0.0,343.29,2026-07-31T12:59:56.604Z
B0000708,P00060,2023-12-28T14:26:00.000Z,172.85,EUR,sports,0.00,true,917.68,0.0,917.68,2026-07-31T12:59:56.604Z
B0000709,P00060,2024-02-17T10:49:00.000Z,81.65,EUR,sports,116.00,true,429.09,609.6,-180.51,2026-07-31T12:59:56.604Z
B0000710,P00060,2023-12-30T17:07:00.000Z,111.16,USD,sports,0.00,true,553.85,0.0,553.85,2026-07-31T12:59:56.604Z
B0000711,P00060,2024-01-24T04:54:00.000Z,56.17,EUR,sports,173.62,true,293.45,907.06,-613.61,2026-07-31T12:59:56.604Z
B0000712,P00062,2023-11-26T02:21:00.000Z,28.25,USD,casino,58.56,true,140.07,290.35,-150.28,2026-07-31T12:59:56.604Z
B0000713,P00062,2023-09-11T16:26:00.000Z,73.39,USD,sports,0.00,true,370.36,0.0,370.36,2026-07-31T12:59:56.604Z
B0000714,P00062,2023-09-05T20:59:00.000Z,66.22,USD,sports,0.00,true,333.63,0.0,333.63,2026-07-31T12:59:56.604Z
B0000715,P00062,2023-10-18T12:37:00.000Z,153.83,USD,sports,228.37,true,786.68,1167.88,-381.2,2026-07-31T12:59:56.604Z
B0000716,P00062,2023-10-01T11:54:00.000Z,168.45,USD,sports,0.00,true,861.12,0.0,861.12,2026-07-31T12:59:56.604Z
B0000717,P00062,2023-12-14T11:58:00.000Z,187.11,USD,casino,0.00,true,948.54,0.0,948.54,2026-07-31T12:59:56.604Z
B0000718,P00063,2023-11-06T08:42:00.000Z,45.53,BRL,casino,0.00,true,45.53,0.0,45.53,2026-07-31T12:59:56.604Z
B0000719,P00063,2023-10-20T00:57:00.000Z,141.21,BRL,casino,476.27,true,141.21,476.27,-335.06,2026-07-31T12:59:56.604Z
B0000720,P00063,2023-09-21T03:37:00.000Z,364.32,BRL,sports,0.00,true,364.32,0.0,364.32,2026-07-31T12:59:56.604Z
B0000721,P00063,2023-09-26T15:06:00.000Z,189.20,BRL,sports,0.00,true,189.2,0.0,189.2,2026-07-31T12:59:56.604Z
B0000722,P00063,2023-11-15T20:32:00.000Z,709.62,BRL,sports,2413.96,true,709.62,2413.96,-1704.34,2026-07-31T12:59:56.604Z
B0000723,P00063,2023-11-07T16:53:00.000Z,153.26,EUR,sports,0.00,true,815.08,0.0,815.08,2026-07-31T12:59:56.604Z
B0000724,P00063,2023-11-18T02:33:00.000Z,64.07,BRL,casino,175.16,true,64.07,175.16,-111.09,2026-07-31T12:59:56.604Z
B0000725,P00063,2023-10-30T04:39:00.000Z,72.61,EUR,sports,0.00,true,386.6,0.0,386.6,2026-07-31T12:59:56.604Z
B0000726,P00063,2023-12-15T23:25:00.000Z,650.10,BRL,sports,0.00,true,650.1,0.0,650.1,2026-07-31T12:59:56.604Z
B0000727,P00063,2023-12-20T01:42:00.000Z,132.55,BRL,sports,354.42,true,132.55,354.42,-221.87,2026-07-31T12:59:56.604Z
B0000728,P00063,2023-10-02T00:25:00.000Z,234.70,BRL,sports,306.78,true,234.7,306.78,-72.08,2026-07-31T12:59:56.604Z
B0000729,P00063,2023-10-13T01:44:00.000Z,117.05,BRL,sports,197.05,true,117.05,197.05,-80.0,2026-07-31T12:59:56.604Z
B0000730,P00064,2023-10-31T01:23:00.000Z,78.79,EUR,casino,211.97,true,419.38,1128.27,-708.89,2026-07-31T12:59:56.604Z
B0000731,P00064,2024-01-17T20:09:00.000Z,91.28,EUR,sports,248.75,true,476.4,1298.25,-821.85,2026-07-31T12:59:56.604Z
B0000732,P00064,2024-01-11T14:31:00.000Z,152.37,EUR,casino,0.00,true,801.65,0.0,801.65,2026-07-31T12:59:56.604Z
B0000733,P00064,2023-12-13T18:53:00.000Z,44.87,EUR,sports,70.21,true,238.97,373.92,-134.95,2026-07-31T12:59:56.604Z
B0000734,P00064,2024-01-29T04:11:00.000Z,36.47,EUR,casino,67.86,true,191.84,356.96,-165.12,2026-07-31T12:59:56.604Z
B0000735,P00064,2023-10-07T04:14:00.000Z,133.70,EUR,casino,300.18,true,710.28,1594.71,-884.43,2026-07-31T12:59:56.604Z
B0000736,P00064,2023-11-24T07:10:00.000Z,48.96,EUR,casino,0.00,true,256.13,0.0,256.13,2026-07-31T12:59:56.604Z
B0000737,P00064,2023-11-29T14:24:00.000Z,24.23,EUR,sports,0.00,true,127.68,0.0,127.68,2026-07-31T12:59:56.604Z
B0000738,P00064,2024-02-22T10:44:00.000Z,163.51,EUR,sports,467.45,true,858.9,2455.47,-1596.57,2026-07-31T12:59:56.604Z
B0000739,P00065,2023-09-07T00:36:00.000Z,140.11,EUR,sports,0.00,true,747.67,0.0,747.67,2026-07-31T12:59:56.604Z
B0000740,P00065,2023-08-18T22:54:00.000Z,44.87,EUR,sports,152.68,true,240.46,818.23,-577.77,2026-07-31T12:59:56.604Z
B0000741,P00065,2023-08-31T17:49:00.000Z,92.93,EUR,casino,115.70,true,494.65,615.85,-121.2,2026-07-31T12:59:56.604Z
B0000742,P00065,2023-08-29T16:27:00.000Z,84.70,EUR,casino,244.36,true,451.27,1301.93,-850.66,2026-07-31T12:59:56.604Z
B0000743,P00065,2023-09-02T14:38:00.000Z,103.00,EUR,casino,0.00,true,546.22,0.0,546.22,2026-07-31T12:59:56.604Z
B0000744,P00065,2023-08-14T05:54:00.000Z,109.68,EUR,casino,0.00,true,584.16,0.0,584.16,2026-07-31T12:59:56.604Z
B0000745,P00066,2023-12-30T08:35:00.000Z,106.96,USD,sports,0.00,true,532.92,0.0,532.92,2026-07-31T12:59:56.604Z
B0000746,P00066,2024-01-03T02:26:00.000Z,156.89,EUR,sports,500.96,true,826.68,2639.66,-1812.98,2026-07-31T12:59:56.604Z
B0000747,P00066,2023-12-24T16:13:00.000Z,195.21,USD,casino,295.19,true,980.78,1483.11,-502.33,2026-07-31T12:59:56.604Z
B0000748,P00066,2023-12-24T14:56:00.000Z,918.61,BRL,casino,3196.79,true,918.61,3196.79,-2278.18,2026-07-31T12:59:56.604Z
B0000749,P00066,2024-01-06T18:50:00.000Z,68.82,USD,sports,101.39,true,341.78,503.53,-161.75,2026-07-31T12:59:56.604Z
B0000750,P00066,2023-12-23T16:59:00.000Z,56.14,USD,casino,165.16,true,282.06,829.8,-547.74,2026-07-31T12:59:56.604Z
B0000751,P00066,2024-01-05T01:32:00.000Z,159.35,USD,sports,0.00,true,791.38,0.0,791.38,2026-07-31T12:59:56.604Z
B0000752,P00066,2024-01-06T22:48:00.000Z,1.02,USD,casino,0.00,true,5.07,0.0,5.07,2026-07-31T12:59:56.604Z
B0000753,P00066,2023-12-31T00:17:00.000Z,6.35,USD,sports,16.78,true,31.64,83.61,-51.97,2026-07-31T12:59:56.604Z
B0000754,P00066,2023-12-25T19:12:00.000Z,47.61,USD,sports,76.78,true,238.72,384.99,-146.27,2026-07-31T12:59:56.604Z
B0000755,P00066,2023-12-27T01:58:00.000Z,132.67,USD,sports,200.25,true,667.0,1006.76,-339.76,2026-07-31T12:59:56.604Z
B0000756,P00066,2023-12-28T02:04:00.000Z,176.15,USD,sports,489.62,true,880.52,2447.45,-1566.93,2026-07-31T12:59:56.604Z
B0000757,P00066,2023-12-30T19:26:00.000Z,35.10,USD,sports,56.26,true,174.88,280.31,-105.43,2026-07-31T12:59:56.604Z
B0000758,P00066,2023-12-24T03:52:00.000Z,43.15,USD,sports,62.54,true,216.8,314.22,-97.42,2026-07-31T12:59:56.604Z
B0000759,P00066,2023-12-27T11:57:00.000Z,143.03,USD,casino,0.00,true,719.09,0.0,719.09,2026-07-31T12:59:56.604Z
B0000760,P00066,2024-01-06T14:13:00.000Z,165.93,USD,casino,0.00,true,824.06,0.0,824.06,2026-07-31T12:59:56.604Z
B0000761,P00066,2023-12-29T13:59:00.000Z,167.50,USD,sports,322.64,true,834.56,1607.54,-772.98,2026-07-31T12:59:56.604Z
B0000762,P00066,2023-12-26T22:55:00.000Z,75.73,USD,sports,0.00,true,381.45,0.0,381.45,2026-07-31T12:59:56.604Z
B0000763,P00066,2024-01-04T22:07:00.000Z,180.27,USD,casino,506.67,true,889.13,2499.0,-1609.87,2026-07-31T12:59:56.604Z
B0000764,P00066,2023-12-29T01:33:00.000Z,116.55,USD,sports,0.00,true,580.7,0.0,580.7,2026-07-31T12:59:56.604Z
B0000765,P00066,2023-12-31T20:34:00.000Z,159.99,USD,sports,210.67,true,797.14,1049.65,-252.51,2026-07-31T12:59:56.604Z
B0000766,P00066,2023-12-26T01:16:00.000Z,17.63,USD,casino,0.00,true,88.8,0.0,88.8,2026-07-31T12:59:56.604Z
B0000767,P00066,2023-12-31T19:08:00.000Z,48.80,BRL,sports,0.00,true,48.8,0.0,48.8,2026-07-31T12:59:56.604Z
B0000768,P00066,2024-01-03T00:46:00.000Z,104.07,USD,sports,0.00,true,513.02,0.0,513.02,2026-07-31T12:59:56.604Z
B0000769,P00067,2024-03-01T00:48:00.000Z,49.08,EUR,sports,0.00,true,259.1,0.0,259.1,2026-07-31T12:59:56.604Z
B0000770,P00067,2024-03-11T16:05:00.000Z,121.21,EUR,casino,0.00,true,639.82,0.0,639.82,2026-07-31T12:59:56.604Z
B0000771,P00067,2024-02-21T01:12:00.000Z,141.59,EUR,casino,0.00,true,746.75,0.0,746.75,2026-07-31T12:59:56.604Z
B0000772,P00067,2024-02-19T00:40:00.000Z,156.61,EUR,sports,0.00,true,819.02,0.0,819.02,2026-07-31T12:59:56.604Z
B0000773,P00067,2024-03-10T18:32:00.000Z,63.26,USD,casino,0.00,true,304.16,0.0,304.16,2026-07-31T12:59:56.604Z
B0000774,P00067,2024-03-11T02:42:00.000Z,28.71,EUR,casino,0.00,true,151.55,0.0,151.55,2026-07-31T12:59:56.604Z
B0000775,P00068,2023-11-25T04:39:00.000Z,153.83,USD,sports,476.26,true,762.72,2361.39,-1598.67,2026-07-31T12:59:56.604Z
B0000776,P00068,2023-11-20T13:00:00.000Z,9.04,USD,casino,11.39,true,44.65,56.26,-11.61,2026-07-31T12:59:56.604Z
B0000777,P00068,2023-12-08T10:33:00.000Z,69.73,USD,sports,141.65,true,348.77,708.49,-359.72,2026-07-31T12:59:56.604Z
B0000778,P00068,2023-11-22T10:20:00.000Z,25.47,USD,casino,77.29,true,125.97,382.26,-256.29,2026-07-31T12:59:56.604Z
B0000779,P00068,2023-12-01T06:02:00.000Z,164.49,USD,sports,0.00,true,829.34,0.0,829.34,2026-07-31T12:59:56.604Z
B0000780,P00068,2023-11-30T13:29:00.000Z,81.94,USD,casino,211.80,true,410.42,1060.85,-650.43,2026-07-31T12:59:56.604Z
B0000781,P00068,2023-12-05T22:54:00.000Z,154.70,USD,sports,0.00,true,778.56,0.0,778.56,2026-07-31T12:59:56.604Z
B0000782,P00068,2023-11-14T20:16:00.000Z,160.60,USD,sports,0.00,true,795.82,0.0,795.82,2026-07-31T12:59:56.604Z
B0000783,P00068,2023-12-08T03:54:00.000Z,106.33,USD,sports,280.59,true,531.83,1403.43,-871.6,2026-07-31T12:59:56.604Z
B0000784,P00068,2023-11-27T10:24:00.000Z,100.19,USD,sports,0.00,true,496.51,0.0,496.51,2026-07-31T12:59:56.604Z
B0000785,P00068,2023-11-26T01:25:00.000Z,80.54,USD,casino,221.32,true,399.33,1097.35,-698.02,2026-07-31T12:59:56.604Z
B0000786,P00068,2023-12-03T16:26:00.000Z,114.71,USD,casino,0.00,true,578.35,0.0,578.35,2026-07-31T12:59:56.604Z
B0000787,P00068,2023-11-15T19:27:00.000Z,151.54,USD,sports,433.58,true,745.69,2133.55,-1387.86,2026-07-31T12:59:56.604Z
B0000788,P00068,2023-11-13T19:18:00.000Z,155.88,USD,casino,500.21,true,777.17,2493.9,-1716.73,2026-07-31T12:59:56.604Z
B0000789,P00068,2023-11-15T20:02:00.000Z,150.31,USD,sports,0.00,true,739.64,0.0,739.64,2026-07-31T12:59:56.604Z
B0000790,P00068,2023-11-22T02:12:00.000Z,144.50,USD,sports,354.02,true,714.67,1750.91,-1036.24,2026-07-31T12:59:56.604Z
B0000791,P00068,2023-12-01T20:32:00.000Z,62.24,USD,sports,0.00,true,313.81,0.0,313.81,2026-07-31T12:59:56.604Z
B0000792,P00068,2023-12-04T10:53:00.000Z,22.68,USD,casino,63.60,true,114.0,319.69,-205.69,2026-07-31T12:59:56.604Z
B0000793,P00068,2023-11-20T15:43:00.000Z,27.72,USD,casino,0.00,true,136.92,0.0,136.92,2026-07-31T12:59:56.604Z
B0000794,P00068,2023-11-11T04:13:00.000Z,128.18,USD,sports,0.00,true,639.34,0.0,639.34,2026-07-31T12:59:56.604Z
B0000795,P00068,2023-11-16T12:56:00.000Z,164.96,USD,sports,397.60,true,818.4,1972.58,-1154.18,2026-07-31T12:59:56.604Z
B0000796,P00069,2024-02-20T09:29:00.000Z,161.38,USD,sports,457.67,true,791.15,2243.68,-1452.53,2026-07-31T12:59:56.604Z
B0000797,P00069,2024-02-20T13:12:00.000Z,40.53,USD,casino,0.00,true,198.69,0.0,198.69,2026-07-31T12:59:56.604Z
B0000798,P00069,2024-02-20T20:46:00.000Z,57.21,EUR,sports,184.76,true,300.58,970.71,-670.13,2026-07-31T12:59:56.604Z
B0000799,P00069,2024-02-20T17:20:00.000Z,122.76,USD,casino,0.00,true,601.82,0.0,601.82,2026-07-31T12:59:56.604Z
B0000800,P00069,2024-02-20T20:57:00.000Z,100.64,USD,sports,248.67,true,493.38,1219.08,-725.7,2026-07-31T12:59:56.604Z
B0000801,P00069,2024-02-20T12:21:00.000Z,42.53,USD,casino,130.34,true,208.5,638.98,-430.48,2026-07-31T12:59:56.604Z
B0000802,P00069,2024-02-20T00:44:00.000Z,167.68,USD,casino,0.00,true,822.03,0.0,822.03,2026-07-31T12:59:56.604Z
B0000803,P00069,2024-02-20T23:07:00.000Z,140.86,USD,casino,260.93,true,690.55,1279.18,-588.63,2026-07-31T12:59:56.604Z
B0000804,P00069,2024-02-20T06:56:00.000Z,136.34,USD,sports,354.81,true,668.39,1739.42,-1071.03,2026-07-31T12:59:56.604Z
B0000805,P00070,2024-03-09T14:36:00.000Z,809.47,BRL,casino,0.00,true,809.47,0.0,809.47,2026-07-31T12:59:56.604Z
B0000806,P00070,2024-03-06T19:37:00.000Z,229.71,BRL,sports,527.85,true,229.71,527.85,-298.14,2026-07-31T12:59:56.604Z
B0000807,P00070,2024-03-17T02:13:00.000Z,198.73,BRL,sports,0.00,true,198.73,0.0,198.73,2026-07-31T12:59:56.604Z
B0000808,P00070,2024-03-06T03:02:00.000Z,278.64,BRL,casino,383.55,true,278.64,383.55,-104.91,2026-07-31T12:59:56.604Z
B0000809,P00070,2024-03-07T19:40:00.000Z,410.21,BRL,sports,0.00,true,410.21,0.0,410.21,2026-07-31T12:59:56.604Z
B0000810,P00070,2024-03-17T08:50:00.000Z,241.46,BRL,sports,0.00,true,241.46,0.0,241.46,2026-07-31T12:59:56.604Z
B0000811,P00070,2024-03-13T00:02:00.000Z,120.93,BRL,sports,362.15,true,120.93,362.15,-241.22,2026-07-31T12:59:56.604Z
B0000812,P00070,2024-03-18T20:05:00.000Z,522.66,BRL,sports,1096.73,true,522.66,1096.73,-574.07,2026-07-31T12:59:56.604Z
B0000813,P00070,2024-03-11T01:11:00.000Z,458.35,BRL,sports,1335.57,true,458.35,1335.57,-877.22,2026-07-31T12:59:56.604Z
B0000814,P00070,2024-03-09T10:11:00.000Z,359.02,BRL,casino,0.00,true,359.02,0.0,359.02,2026-07-31T12:59:56.604Z
B0000815,P00070,2024-03-14T21:39:00.000Z,148.45,EUR,sports,369.81,true,792.25,1973.6,-1181.35,2026-07-31T12:59:56.604Z
B0000816,P00070,2024-03-13T01:19:00.000Z,293.95,BRL,sports,0.00,true,293.95,0.0,293.95,2026-07-31T12:59:56.604Z
B0000817,P00071,2023-11-03T21:47:00.000Z,42.31,EUR,sports,0.00,true,224.52,0.0,224.52,2026-07-31T12:59:56.604Z
B0000818,P00071,2023-12-28T01:06:00.000Z,646.91,BRL,casino,0.00,true,646.91,0.0,646.91,2026-07-31T12:59:56.604Z
B0000819,P00071,2024-01-08T10:36:00.000Z,4.14,EUR,sports,0.00,true,21.87,0.0,21.87,2026-07-31T12:59:56.604Z
B0000820,P00071,2023-11-28T23:37:00.000Z,32.63,EUR,sports,113.86,true,171.0,596.68,-425.68,2026-07-31T12:59:56.604Z
B0000821,P00071,2023-12-27T13:49:00.000Z,123.87,EUR,casino,0.00,true,660.93,0.0,660.93,2026-07-31T12:59:56.604Z
B0000822,P00071,2024-03-01T13:46:00.000Z,97.17,EUR,casino,0.00,true,512.98,0.0,512.98,2026-07-31T12:59:56.604Z
B0000823,P00071,2023-10-07T06:24:00.000Z,52.43,EUR,sports,0.00,true,278.53,0.0,278.53,2026-07-31T12:59:56.604Z
B0000824,P00071,2023-10-22T05:39:00.000Z,18.91,EUR,sports,44.46,true,100.7,236.76,-136.06,2026-07-31T12:59:56.604Z
B0000825,P00071,2023-10-29T18:14:00.000Z,19.85,EUR,casino,0.00,true,105.37,0.0,105.37,2026-07-31T12:59:56.604Z
B0000826,P00071,2023-10-21T22:03:00.000Z,75.80,EUR,casino,0.00,true,403.65,0.0,403.65,2026-07-31T12:59:56.604Z
B0000827,P00071,2024-02-21T07:07:00.000Z,173.26,EUR,casino,0.00,true,913.77,0.0,913.77,2026-07-31T12:59:56.604Z
B0000828,P00071,2023-12-30T05:46:00.000Z,6.31,EUR,sports,18.45,true,33.5,97.96,-64.46,2026-07-31T12:59:56.604Z
B0000829,P00071,2024-01-26T21:41:00.000Z,57.69,EUR,sports,0.00,true,302.94,0.0,302.94,2026-07-31T12:59:56.604Z
B0000830,P00071,2024-01-26T23:52:00.000Z,132.72,EUR,sports,0.00,true,696.93,0.0,696.93,2026-07-31T12:59:56.604Z
B0000831,P00071,2023-12-12T15:39:00.000Z,155.39,EUR,casino,237.38,true,824.33,1259.28,-434.95,2026-07-31T12:59:56.604Z
B0000832,P00071,2023-12-11T11:09:00.000Z,409.20,BRL,casino,0.00,true,409.2,0.0,409.2,2026-07-31T12:59:56.604Z
B0000833,P00071,2024-03-02T07:04:00.000Z,137.35,EUR,sports,284.33,true,725.1,1501.03,-775.93,2026-07-31T12:59:56.604Z
B0000834,P00071,2023-09-18T20:49:00.000Z,141.72,EUR,sports,440.81,true,755.98,2351.41,-1595.43,2026-07-31T12:59:56.604Z
B0000835,P00071,2024-01-28T01:53:00.000Z,59.61,EUR,sports,0.00,true,313.02,0.0,313.02,2026-07-31T12:59:56.604Z
B0000836,P00071,2023-11-22T17:54:00.000Z,26.92,EUR,casino,0.00,true,140.98,0.0,140.98,2026-07-31T12:59:56.604Z
B0000837,P00071,2024-02-22T02:48:00.000Z,149.71,EUR,sports,0.00,true,786.41,0.0,786.41,2026-07-31T12:59:56.604Z
B0000838,P00071,2023-09-15T00:03:00.000Z,76.56,EUR,sports,247.75,true,409.47,1325.07,-915.6,2026-07-31T12:59:56.604Z
B0000839,P00071,2023-12-23T18:21:00.000Z,14.06,EUR,sports,0.00,true,74.88,0.0,74.88,2026-07-31T12:59:56.604Z
B0000840,P00071,2023-09-27T01:40:00.000Z,66.28,EUR,sports,178.36,true,353.7,951.8,-598.1,2026-07-31T12:59:56.604Z
B0000841,P00071,2023-12-06T10:55:00.000Z,154.96,USD,casino,0.00,true,774.53,0.0,774.53,2026-07-31T12:59:56.604Z
B0000842,P00071,2024-02-26T03:17:00.000Z,25.99,EUR,casino,0.00,true,136.68,0.0,136.68,2026-07-31T12:59:56.604Z
B0000843,P00071,2023-09-19T07:03:00.000Z,77.67,EUR,casino,0.00,true,414.6,0.0,414.6,2026-07-31T12:59:56.604Z
B0000844,P00071,2023-10-20T01:01:00.000Z,133.76,EUR,sports,200.52,true,712.3,1067.81,-355.51,2026-07-31T12:59:56.604Z
B0000845,P00071,2024-01-18T21:10:00.000Z,144.73,EUR,sports,0.00,true,759.69,0.0,759.69,2026-07-31T12:59:56.604Z
B0000846,P00071,2023-11-21T02:29:00.000Z,118.39,EUR,sports,406.28,true,620.21,2128.38,-1508.17,2026-07-31T12:59:56.604Z
B0000847,P00072,2024-01-15T02:22:00.000Z,317.63,BRL,casino,0.00,true,317.63,0.0,317.63,2026-07-31T12:59:56.604Z
B0000848,P00072,2024-01-12T02:57:00.000Z,927.53,BRL,sports,0.00,true,927.53,0.0,927.53,2026-07-31T12:59:56.604Z
B0000849,P00072,2024-01-12T03:32:00.000Z,5.46,BRL,casino,15.97,true,5.46,15.97,-10.51,2026-07-31T12:59:56.604Z
B0000850,P00072,2024-01-15T06:12:00.000Z,548.38,BRL,sports,0.00,true,548.38,0.0,548.38,2026-07-31T12:59:56.604Z
B0000851,P00072,2024-02-25T16:10:00.000Z,95.86,EUR,casino,245.68,true,502.44,1287.71,-785.27,2026-07-31T12:59:56.604Z
B0000852,P00072,2024-01-05T08:18:00.000Z,59.51,USD,sports,183.30,true,295.54,910.32,-614.78,2026-07-31T12:59:56.604Z
B0000853,P00072,2024-01-29T07:34:00.000Z,683.64,BRL,sports,0.00,true,683.64,0.0,683.64,2026-07-31T12:59:56.604Z
B0000854,P00072,2024-01-17T10:58:00.000Z,742.21,BRL,sports,0.00,true,742.21,0.0,742.21,2026-07-31T12:59:56.604Z
B0000855,P00072,2024-01-08T21:37:00.000Z,640.87,BRL,sports,0.00,true,640.87,0.0,640.87,2026-07-31T12:59:56.604Z
B0000856,P00072,2024-01-12T08:36:00.000Z,264.79,BRL,casino,0.00,true,264.79,0.0,264.79,2026-07-31T12:59:56.604Z
B0000857,P00072,2024-03-01T20:14:00.000Z,688.35,BRL,sports,2025.90,true,688.35,2025.9,-1337.55,2026-07-31T12:59:56.604Z
B0000858,P00072,2024-01-13T05:01:00.000Z,181.33,BRL,casino,0.00,true,181.33,0.0,181.33,2026-07-31T12:59:56.604Z
B0000859,P00073,2024-01-02T12:46:00.000Z,27.80,BRL,casino,0.00,true,27.8,0.0,27.8,2026-07-31T12:59:56.604Z
B0000860,P00073,2023-12-27T15:25:00.000Z,994.50,BRL,casino,0.00,true,994.5,0.0,994.5,2026-07-31T12:59:56.604Z
B0000861,P00073,2023-12-06T20:00:00.000Z,520.69,BRL,casino,0.00,true,520.69,0.0,520.69,2026-07-31T12:59:56.604Z
B0000862,P00073,2023-11-06T02:14:00.000Z,147.91,BRL,casino,0.00,true,147.91,0.0,147.91,2026-07-31T12:59:56.604Z
B0000863,P00073,2023-12-17T06:49:00.000Z,90.76,BRL,casino,291.24,true,90.76,291.24,-200.48,2026-07-31T12:59:56.604Z
B0000864,P00073,2024-01-14T07:09:00.000Z,937.37,BRL,sports,0.00,true,937.37,0.0,937.37,2026-07-31T12:59:56.604Z
B0000865,P00073,2024-01-11T05:25:00.000Z,937.38,BRL,casino,2355.09,true,937.38,2355.09,-1417.71,2026-07-31T12:59:56.604Z
B0000866,P00073,2023-11-11T03:39:00.000Z,536.59,BRL,casino,0.00,true,536.59,0.0,536.59,2026-07-31T12:59:56.604Z
B0000867,P00073,2024-01-14T19:51:00.000Z,953.32,BRL,sports,3158.11,true,953.32,3158.11,-2204.79,2026-07-31T12:59:56.604Z
B0000868,P00073,2023-12-05T13:44:00.000Z,544.57,BRL,casino,0.00,true,544.57,0.0,544.57,2026-07-31T12:59:56.604Z
B0000869,P00073,2024-01-09T19:39:00.000Z,650.13,BRL,sports,1685.71,true,650.13,1685.71,-1035.58,2026-07-31T12:59:56.604Z
B0000870,P00073,2023-11-16T09:51:00.000Z,454.60,BRL,sports,0.00,true,454.6,0.0,454.6,2026-07-31T12:59:56.604Z
B0000871,P00073,2024-01-01T08:30:00.000Z,239.10,BRL,sports,0.00,true,239.1,0.0,239.1,2026-07-31T12:59:56.604Z
B0000872,P00073,2024-01-14T04:49:00.000Z,658.44,BRL,sports,1722.37,true,658.44,1722.37,-1063.93,2026-07-31T12:59:56.604Z
B0000873,P00073,2023-11-14T13:31:00.000Z,665.37,BRL,casino,0.00,true,665.37,0.0,665.37,2026-07-31T12:59:56.604Z
B0000874,P00073,2024-01-14T19:53:00.000Z,100.98,EUR,sports,236.66,true,529.69,1241.4,-711.71,2026-07-31T12:59:56.604Z
B0000875,P00073,2023-12-16T00:41:00.000Z,200.17,BRL,casino,0.00,true,200.17,0.0,200.17,2026-07-31T12:59:56.604Z
B0000876,P00073,2024-01-12T03:03:00.000Z,33.41,EUR,casino,0.00,true,175.25,0.0,175.25,2026-07-31T12:59:56.604Z
B0000877,P00075,2024-03-02T12:01:00.000Z,108.80,EUR,sports,0.00,true,574.38,0.0,574.38,2026-07-31T12:59:56.604Z
B0000878,P00075,2024-02-03T06:23:00.000Z,95.27,EUR,casino,0.00,true,499.56,0.0,499.56,2026-07-31T12:59:56.604Z
B0000879,P00075,2024-02-14T07:08:00.000Z,92.10,EUR,casino,0.00,true,483.06,0.0,483.06,2026-07-31T12:59:56.604Z
B0000880,P00075,2024-02-19T15:47:00.000Z,43.91,EUR,casino,0.00,true,229.64,0.0,229.64,2026-07-31T12:59:56.604Z
B0000881,P00075,2024-03-03T11:57:00.000Z,39.66,EUR,sports,0.00,true,209.37,0.0,209.37,2026-07-31T12:59:56.604Z
B0000882,P00075,2024-02-25T21:11:00.000Z,46.37,EUR,casino,0.00,true,243.04,0.0,243.04,2026-07-31T12:59:56.604Z
B0000883,P00075,2024-03-14T02:37:00.000Z,165.43,EUR,sports,567.07,true,882.87,3026.34,-2143.47,2026-07-31T12:59:56.604Z
B0000884,P00075,2024-02-10T01:55:00.000Z,106.78,EUR,sports,0.00,true,562.86,0.0,562.86,2026-07-31T12:59:56.604Z
B0000885,P00075,2024-03-24T10:24:00.000Z,65.25,EUR,casino,175.22,true,347.43,932.98,-585.55,2026-07-31T12:59:56.604Z
B0000886,P00075,2024-01-15T04:16:00.000Z,132.54,EUR,sports,0.00,true,696.6,0.0,696.6,2026-07-31T12:59:56.604Z
B0000887,P00075,2024-01-13T10:36:00.000Z,110.29,EUR,sports,303.68,true,578.53,1592.95,-1014.42,2026-07-31T12:59:56.604Z
B0000888,P00075,2024-01-27T19:21:00.000Z,105.23,EUR,sports,174.48,true,552.57,916.21,-363.64,2026-07-31T12:59:56.604Z
B0000889,P00075,2024-02-16T01:18:00.000Z,15.97,EUR,casino,33.66,true,83.93,176.89,-92.96,2026-07-31T12:59:56.604Z
B0000890,P00075,2024-01-26T06:56:00.000Z,58.03,EUR,sports,166.93,true,304.72,876.57,-571.85,2026-07-31T12:59:56.604Z
B0000891,P00075,2024-03-06T03:27:00.000Z,148.18,EUR,casino,0.00,true,785.21,0.0,785.21,2026-07-31T12:59:56.604Z
B0000892,P00075,2024-02-22T15:41:00.000Z,47.24,EUR,sports,0.00,true,248.15,0.0,248.15,2026-07-31T12:59:56.604Z
B0000893,P00075,2024-02-18T09:39:00.000Z,138.89,EUR,sports,279.71,true,729.89,1469.93,-740.04,2026-07-31T12:59:56.604Z
B0000894,P00075,2024-03-20T01:30:00.000Z,11.46,EUR,sports,0.00,true,60.82,0.0,60.82,2026-07-31T12:59:56.604Z
B0000895,P00075,2024-02-16T11:49:00.000Z,41.89,EUR,casino,0.00,true,220.14,0.0,220.14,2026-07-31T12:59:56.604Z
B0000896,P00075,2024-03-04T18:27:00.000Z,24.81,EUR,casino,75.94,true,130.46,399.33,-268.87,2026-07-31T12:59:56.604Z
B0000897,P00075,2024-01-20T08:48:00.000Z,151.34,EUR,casino,0.00,true,790.51,0.0,790.51,2026-07-31T12:59:56.604Z
B0000898,P00075,2024-03-21T05:21:00.000Z,52.97,EUR,casino,123.59,true,280.56,654.61,-374.05,2026-07-31T12:59:56.604Z
B0000899,P00075,2024-03-22T20:50:00.000Z,128.52,EUR,casino,261.74,true,684.32,1393.66,-709.34,2026-07-31T12:59:56.604Z
B0000900,P00075,2024-02-04T01:05:00.000Z,53.99,EUR,casino,0.00,true,283.1,0.0,283.1,2026-07-31T12:59:56.604Z
B0000901,P00076,2023-11-06T06:14:00.000Z,883.08,BRL,sports,2687.86,true,883.08,2687.86,-1804.78,2026-07-31T12:59:56.604Z
B0000902,P00076,2023-11-12T20:52:00.000Z,135.47,BRL,sports,0.00,true,135.47,0.0,135.47,2026-07-31T12:59:56.604Z
B0000903,P00076,2023-12-14T00:13:00.000Z,73.90,BRL,casino,146.46,true,73.9,146.46,-72.56,2026-07-31T12:59:56.604Z
B0000904,P00076,2024-01-13T10:39:00.000Z,683.58,BRL,casino,1267.38,true,683.58,1267.38,-583.8,2026-07-31T12:59:56.604Z
B0000905,P00076,2023-12-22T10:54:00.000Z,995.12,BRL,sports,0.00,true,995.12,0.0,995.12,2026-07-31T12:59:56.604Z
B0000906,P00076,2023-12-27T14:09:00.000Z,639.14,BRL,sports,2162.69,true,639.14,2162.69,-1523.55,2026-07-31T12:59:56.604Z
B0000907,P00077,2023-10-27T21:18:00.000Z,984.87,BRL,sports,0.00,true,984.87,0.0,984.87,2026-07-31T12:59:56.604Z
B0000908,P00077,2023-10-08T18:47:00.000Z,806.36,BRL,sports,1975.37,true,806.36,1975.37,-1169.01,2026-07-31T12:59:56.604Z
B0000909,P00077,2023-10-16T20:41:00.000Z,130.66,BRL,sports,0.00,true,130.66,0.0,130.66,2026-07-31T12:59:56.604Z
B0000910,P00077,2023-11-13T01:15:00.000Z,97.14,BRL,casino,118.38,true,97.14,118.38,-21.24,2026-07-31T12:59:56.604Z
B0000911,P00077,2023-10-20T06:34:00.000Z,207.94,BRL,sports,0.00,true,207.94,0.0,207.94,2026-07-31T12:59:56.604Z
B0000912,P00077,2023-11-22T18:57:00.000Z,521.09,BRL,casino,1171.86,true,521.09,1171.86,-650.77,2026-07-31T12:59:56.604Z
B0000913,P00077,2023-11-03T12:17:00.000Z,264.04,BRL,casino,0.00,true,264.04,0.0,264.04,2026-07-31T12:59:56.604Z
B0000914,P00077,2023-10-12T05:39:00.000Z,863.42,BRL,sports,0.00,true,863.42,0.0,863.42,2026-07-31T12:59:56.604Z
B0000915,P00077,2023-11-05T07:42:00.000Z,855.60,BRL,sports,0.00,true,855.6,0.0,855.6,2026-07-31T12:59:56.604Z
B0000916,P00077,2023-11-19T01:30:00.000Z,551.63,BRL,sports,1219.62,true,551.63,1219.62,-667.99,2026-07-31T12:59:56.604Z
B0000917,P00077,2023-10-08T02:36:00.000Z,218.99,BRL,sports,624.02,true,218.99,624.02,-405.03,2026-07-31T12:59:56.604Z
B0000918,P00077,2023-11-26T12:39:00.000Z,329.19,BRL,sports,831.63,true,329.19,831.63,-502.44,2026-07-31T12:59:56.604Z
B0000919,P00077,2023-11-20T05:54:00.000Z,175.34,BRL,sports,382.65,true,175.34,382.65,-207.31,2026-07-31T12:59:56.604Z
B0000920,P00077,2023-11-13T05:23:00.000Z,555.37,BRL,sports,1811.85,true,555.37,1811.85,-1256.48,2026-07-31T12:59:56.604Z
B0000921,P00077,2023-11-23T05:26:00.000Z,895.05,BRL,sports,2218.53,true,895.05,2218.53,-1323.48,2026-07-31T12:59:56.604Z
B0000922,P00078,2024-02-29T02:51:00.000Z,738.43,BRL,casino,0.00,true,738.43,0.0,738.43,2026-07-31T12:59:56.604Z
B0000923,P00078,2024-02-15T12:49:00.000Z,24.46,BRL,casino,78.04,true,24.46,78.04,-53.58,2026-07-31T12:59:56.604Z
B0000924,P00078,2024-02-25T13:54:00.000Z,120.90,BRL,casino,0.00,true,120.9,0.0,120.9,2026-07-31T12:59:56.604Z
B0000925,P00078,2024-02-06T03:57:00.000Z,178.46,BRL,casino,236.91,true,178.46,236.91,-58.45,2026-07-31T12:59:56.604Z
B0000926,P00078,2024-02-22T19:08:00.000Z,720.17,BRL,sports,2036.79,true,720.17,2036.79,-1316.62,2026-07-31T12:59:56.604Z
B0000927,P00078,2024-02-10T07:50:00.000Z,131.98,EUR,sports,399.17,true,695.69,2104.1,-1408.41,2026-07-31T12:59:56.604Z
B0000928,P00078,2024-02-23T10:51:00.000Z,42.47,BRL,casino,125.30,true,42.47,125.3,-82.83,2026-07-31T12:59:56.604Z
B0000929,P00078,2024-02-22T15:46:00.000Z,864.30,BRL,casino,2396.08,true,864.3,2396.08,-1531.78,2026-07-31T12:59:56.604Z
B0000930,P00078,2024-02-27T07:03:00.000Z,188.73,BRL,sports,0.00,true,188.73,0.0,188.73,2026-07-31T12:59:56.604Z
B0000931,P00078,2024-02-12T12:50:00.000Z,48.02,USD,casino,66.68,true,236.05,327.77,-91.72,2026-07-31T12:59:56.604Z
B0000932,P00078,2024-02-09T22:55:00.000Z,350.15,BRL,sports,0.00,true,350.15,0.0,350.15,2026-07-31T12:59:56.604Z
B0000933,P00078,2024-02-06T22:47:00.000Z,644.70,BRL,casino,2148.00,true,644.7,2148.0,-1503.3,2026-07-31T12:59:56.604Z
B0000934,P00078,2024-02-27T10:03:00.000Z,40.57,USD,sports,129.66,true,199.66,638.11,-438.45,2026-07-31T12:59:56.604Z
B0000935,P00078,2024-02-06T10:38:00.000Z,992.22,BRL,sports,2757.95,true,992.22,2757.95,-1765.73,2026-07-31T12:59:56.604Z
B0000936,P00078,2024-02-10T01:10:00.000Z,635.12,BRL,sports,0.00,true,635.12,0.0,635.12,2026-07-31T12:59:56.604Z
B0000937,P00078,2024-02-27T01:07:00.000Z,960.31,BRL,sports,2814.78,true,960.31,2814.78,-1854.47,2026-07-31T12:59:56.604Z
B0000938,P00078,2024-02-09T00:39:00.000Z,21.80,USD,sports,0.00,true,107.02,0.0,107.02,2026-07-31T12:59:56.604Z
B0000939,P00078,2024-02-20T17:59:00.000Z,132.68,USD,sports,0.00,true,650.45,0.0,650.45,2026-07-31T12:59:56.604Z
B0000940,P00078,2024-02-12T02:24:00.000Z,748.04,BRL,casino,1402.81,true,748.04,1402.81,-654.77,2026-07-31T12:59:56.604Z
B0000941,P00078,2024-02-12T20:51:00.000Z,662.04,BRL,casino,0.00,true,662.04,0.0,662.04,2026-07-31T12:59:56.604Z
B0000942,P00078,2024-02-22T11:25:00.000Z,36.05,USD,sports,45.14,true,177.18,221.85,-44.67,2026-07-31T12:59:56.604Z
B0000943,P00078,2024-02-16T12:24:00.000Z,578.55,BRL,sports,873.41,true,578.55,873.41,-294.86,2026-07-31T12:59:56.604Z
B0000944,P00078,2024-02-06T06:22:00.000Z,593.44,BRL,casino,0.00,true,593.44,0.0,593.44,2026-07-31T12:59:56.604Z
B0000945,P00078,2024-02-08T16:36:00.000Z,737.30,BRL,casino,2463.03,true,737.3,2463.03,-1725.73,2026-07-31T12:59:56.604Z
B0000946,P00078,2024-02-10T17:14:00.000Z,585.54,BRL,casino,0.00,true,585.54,0.0,585.54,2026-07-31T12:59:56.604Z
B0000947,P00078,2024-02-09T06:19:00.000Z,426.74,BRL,sports,832.68,true,426.74,832.68,-405.94,2026-07-31T12:59:56.604Z
B0000948,P00078,2024-02-12T02:09:00.000Z,263.06,BRL,casino,765.00,true,263.06,765.0,-501.94,2026-07-31T12:59:56.604Z
B0000949,P00078,2024-02-07T10:03:00.000Z,365.01,BRL,sports,631.78,true,365.01,631.78,-266.77,2026-07-31T12:59:56.604Z
B0000950,P00078,2024-02-25T01:27:00.000Z,445.90,BRL,sports,0.00,true,445.9,0.0,445.9,2026-07-31T12:59:56.604Z
B0000951,P00078,2024-02-19T21:21:00.000Z,130.85,BRL,casino,352.67,true,130.85,352.67,-221.82,2026-07-31T12:59:56.604Z
B0000952,P00079,2023-09-25T03:45:00.000Z,686.03,BRL,casino,0.00,true,686.03,0.0,686.03,2026-07-31T12:59:56.604Z
B0000953,P00079,2023-09-17T21:25:00.000Z,129.07,BRL,casino,0.00,true,129.07,0.0,129.07,2026-07-31T12:59:56.604Z
B0000954,P00079,2023-10-13T08:43:00.000Z,893.58,BRL,casino,1205.64,true,893.58,1205.64,-312.06,2026-07-31T12:59:56.604Z
B0000955,P00079,2023-10-08T03:53:00.000Z,844.29,BRL,sports,0.00,true,844.29,0.0,844.29,2026-07-31T12:59:56.604Z
B0000956,P00079,2023-09-23T11:49:00.000Z,254.84,BRL,sports,370.61,true,254.84,370.61,-115.77,2026-07-31T12:59:56.604Z
B0000957,P00079,2023-10-17T18:35:00.000Z,31.51,BRL,sports,0.00,true,31.51,0.0,31.51,2026-07-31T12:59:56.604Z
B0000958,P00081,2023-10-29T08:02:00.000Z,188.70,USD,sports,0.00,true,943.93,0.0,943.93,2026-07-31T12:59:56.604Z
B0000959,P00081,2023-11-06T00:46:00.000Z,117.61,EUR,sports,181.20,true,621.99,958.29,-336.3,2026-07-31T12:59:56.604Z
B0000960,P00081,2023-10-25T09:15:00.000Z,93.23,USD,sports,120.98,true,471.93,612.4,-140.47,2026-07-31T12:59:56.604Z
B0000961,P00081,2023-11-02T18:18:00.000Z,67.10,USD,casino,0.00,true,336.14,0.0,336.14,2026-07-31T12:59:56.604Z
B0000962,P00081,2023-11-06T01:12:00.000Z,98.91,USD,sports,209.83,true,493.86,1047.68,-553.82,2026-07-31T12:59:56.604Z
B0000963,P00081,2023-10-05T11:22:00.000Z,37.16,USD,casino,0.00,true,188.44,0.0,188.44,2026-07-31T12:59:56.604Z
B0000964,P00081,2023-10-31T02:35:00.000Z,119.64,USD,sports,0.00,true,601.91,0.0,601.91,2026-07-31T12:59:56.604Z
B0000965,P00081,2023-10-25T02:25:00.000Z,134.54,USD,sports,0.00,true,681.04,0.0,681.04,2026-07-31T12:59:56.604Z
B0000966,P00081,2023-11-01T08:09:00.000Z,167.83,USD,sports,0.00,true,839.18,0.0,839.18,2026-07-31T12:59:56.604Z
B0000967,P00081,2023-10-26T15:30:00.000Z,105.40,USD,sports,0.00,true,531.1,0.0,531.1,2026-07-31T12:59:56.604Z
B0000968,P00081,2023-10-06T05:37:00.000Z,81.19,USD,sports,155.43,true,410.2,785.28,-375.08,2026-07-31T12:59:56.604Z
B0000969,P00081,2023-10-08T14:07:00.000Z,11.06,USD,casino,0.00,true,55.88,0.0,55.88,2026-07-31T12:59:56.604Z
B0000970,P00081,2023-10-06T11:52:00.000Z,46.71,EUR,casino,138.59,true,248.15,736.26,-488.11,2026-07-31T12:59:56.604Z
B0000971,P00081,2023-11-09T05:11:00.000Z,669.37,BRL,sports,0.00,true,669.37,0.0,669.37,2026-07-31T12:59:56.604Z
B0000972,P00081,2023-10-20T04:53:00.000Z,100.87,USD,casino,0.00,true,509.0,0.0,509.0,2026-07-31T12:59:56.604Z
B0000973,P00081,2023-10-29T03:04:00.000Z,106.31,USD,sports,0.00,true,531.79,0.0,531.79,2026-07-31T12:59:56.604Z
B0000974,P00081,2023-11-02T07:35:00.000Z,137.35,USD,casino,0.00,true,688.06,0.0,688.06,2026-07-31T12:59:56.604Z
B0000975,P00081,2023-10-10T04:03:00.000Z,77.02,USD,casino,130.74,true,389.76,661.62,-271.86,2026-07-31T12:59:56.604Z
B0000976,P00081,2023-11-03T17:27:00.000Z,50.40,USD,sports,0.00,true,252.05,0.0,252.05,2026-07-31T12:59:56.604Z
B0000977,P00081,2023-10-17T12:37:00.000Z,193.44,USD,sports,0.00,true,986.46,0.0,986.46,2026-07-31T12:59:56.604Z
B0000978,P00081,2023-11-01T03:56:00.000Z,14.33,USD,casino,0.00,true,71.65,0.0,71.65,2026-07-31T12:59:56.604Z
B0000979,P00081,2023-10-12T21:54:00.000Z,11.15,USD,sports,0.00,true,56.66,0.0,56.66,2026-07-31T12:59:56.604Z
B0000980,P00081,2023-10-10T14:40:00.000Z,841.82,BRL,casino,0.00,true,841.82,0.0,841.82,2026-07-31T12:59:56.604Z
B0000981,P00081,2023-10-10T23:05:00.000Z,180.49,USD,sports,0.00,true,913.38,0.0,913.38,2026-07-31T12:59:56.604Z
B0000982,P00081,2023-10-27T12:56:00.000Z,150.43,USD,casino,0.00,true,752.49,0.0,752.49,2026-07-31T12:59:56.604Z
B0000983,P00081,2023-10-13T19:32:00.000Z,17.62,USD,casino,22.05,true,89.22,111.65,-22.43,2026-07-31T12:59:56.604Z
B0000984,P00081,2023-11-05T21:19:00.000Z,970.66,BRL,sports,0.00,true,970.66,0.0,970.66,2026-07-31T12:59:56.604Z
B0000985,P00081,2023-10-14T06:32:00.000Z,90.81,USD,sports,0.00,true,459.81,0.0,459.81,2026-07-31T12:59:56.604Z
B0000986,P00081,2023-11-09T11:03:00.000Z,194.53,USD,sports,650.66,true,972.89,3254.1,-2281.21,2026-07-31T12:59:56.604Z
B0000987,P00081,2023-10-20T19:11:00.000Z,84.34,USD,sports,230.51,true,425.59,1163.19,-737.6,2026-07-31T12:59:56.604Z
B0000988,P00082,2024-03-04T14:59:00.000Z,71.16,EUR,sports,0.00,true,374.19,0.0,374.19,2026-07-31T12:59:56.604Z
B0000989,P00082,2024-03-03T18:38:00.000Z,675.97,BRL,casino,0.00,true,675.97,0.0,675.97,2026-07-31T12:59:56.604Z
B0000990,P00082,2024-03-03T07:42:00.000Z,154.68,BRL,casino,0.00,true,154.68,0.0,154.68,2026-07-31T12:59:56.604Z
B0000991,P00082,2024-03-05T03:07:00.000Z,270.80,BRL,casino,0.00,true,270.8,0.0,270.8,2026-07-31T12:59:56.604Z
B0000992,P00082,2024-03-09T00:57:00.000Z,791.17,BRL,sports,1594.68,true,791.17,1594.68,-803.51,2026-07-31T12:59:56.604Z
B0000993,P00082,2024-02-26T11:14:00.000Z,675.82,BRL,casino,0.00,true,675.82,0.0,675.82,2026-07-31T12:59:56.604Z
B0000994,P00082,2024-03-06T12:54:00.000Z,111.47,BRL,casino,0.00,true,111.47,0.0,111.47,2026-07-31T12:59:56.604Z
B0000995,P00082,2024-02-26T08:40:00.000Z,49.94,BRL,casino,0.00,true,49.94,0.0,49.94,2026-07-31T12:59:56.604Z
B0000996,P00082,2024-03-08T13:01:00.000Z,386.81,BRL,casino,699.78,true,386.81,699.78,-312.97,2026-07-31T12:59:56.604Z
B0000997,P00082,2024-03-02T05:24:00.000Z,155.93,BRL,sports,241.97,true,155.93,241.97,-86.04,2026-07-31T12:59:56.604Z
B0000998,P00082,2024-02-26T19:26:00.000Z,358.79,BRL,casino,0.00,true,358.79,0.0,358.79,2026-07-31T12:59:56.604Z
B0000999,P00082,2024-03-03T22:49:00.000Z,5.34,BRL,sports,0.00,true,5.34,0.0,5.34,2026-07-31T12:59:56.604Z
B0001000,P00082,2024-02-28T13:56:00.000Z,535.04,BRL,casino,0.00,true,535.04,0.0,535.04,2026-07-31T12:59:56.604Z
B0001001,P00082,2024-02-26T11:38:00.000Z,398.21,BRL,sports,1382.31,true,398.21,1382.31,-984.1,2026-07-31T12:59:56.604Z
B0001002,P00082,2024-03-01T01:57:00.000Z,93.74,BRL,sports,327.81,true,93.74,327.81,-234.07,2026-07-31T12:59:56.604Z
B0001003,P00082,2024-02-29T02:52:00.000Z,987.20,BRL,sports,0.00,true,987.2,0.0,987.2,2026-07-31T12:59:56.604Z
B0001004,P00082,2024-03-06T07:00:00.000Z,236.49,BRL,casino,0.00,true,236.49,0.0,236.49,2026-07-31T12:59:56.604Z
B0001005,P00082,2024-02-26T01:21:00.000Z,48.57,BRL,sports,120.43,true,48.57,120.43,-71.86,2026-07-31T12:59:56.604Z
B0001006,P00082,2024-03-09T01:07:00.000Z,906.90,BRL,sports,1718.40,true,906.9,1718.4,-811.5,2026-07-31T12:59:56.604Z
B0001007,P00082,2024-03-01T00:36:00.000Z,36.41,BRL,casino,67.91,true,36.41,67.91,-31.5,2026-07-31T12:59:56.604Z
B0001008,P00082,2024-03-01T21:59:00.000Z,472.70,BRL,sports,0.00,true,472.7,0.0,472.7,2026-07-31T12:59:56.604Z
B0001009,P00082,2024-03-07T12:34:00.000Z,701.69,BRL,sports,0.00,true,701.69,0.0,701.69,2026-07-31T12:59:56.604Z
B0001010,P00082,2024-03-03T19:09:00.000Z,908.02,BRL,sports,1926.47,true,908.02,1926.47,-1018.45,2026-07-31T12:59:56.604Z
B0001011,P00082,2024-02-28T01:14:00.000Z,83.33,USD,casino,0.00,true,410.46,0.0,410.46,2026-07-31T12:59:56.604Z
B0001012,P00082,2024-03-04T08:42:00.000Z,397.55,BRL,sports,719.39,true,397.55,719.39,-321.84,2026-07-31T12:59:56.604Z
B0001013,P00082,2024-03-06T08:59:00.000Z,398.85,BRL,casino,0.00,true,398.85,0.0,398.85,2026-07-31T12:59:56.604Z
B0001014,P00082,2024-03-04T03:20:00.000Z,893.06,BRL,sports,1770.63,true,893.06,1770.63,-877.57,2026-07-31T12:59:56.604Z
B0001015,P00085,2023-11-01T18:23:00.000Z,184.68,BRL,sports,0.00,true,184.68,0.0,184.68,2026-07-31T12:59:56.604Z
B0001016,P00085,2023-10-29T09:27:00.000Z,889.71,BRL,sports,1299.68,true,889.71,1299.68,-409.97,2026-07-31T12:59:56.604Z
B0001017,P00085,2023-08-30T18:13:00.000Z,540.13,BRL,casino,0.00,true,540.13,0.0,540.13,2026-07-31T12:59:56.604Z
B0001018,P00085,2023-09-10T01:37:00.000Z,975.98,BRL,casino,0.00,true,975.98,0.0,975.98,2026-07-31T12:59:56.604Z
B0001019,P00085,2023-09-11T00:38:00.000Z,60.53,BRL,casino,0.00,true,60.53,0.0,60.53,2026-07-31T12:59:56.604Z
B0001020,P00085,2023-11-12T21:24:00.000Z,170.00,EUR,casino,222.36,true,897.96,1174.53,-276.57,2026-07-31T12:59:56.604Z
B0001021,P00085,2023-11-09T08:26:00.000Z,862.26,BRL,sports,0.00,true,862.26,0.0,862.26,2026-07-31T12:59:56.604Z
B0001022,P00085,2023-09-11T05:27:00.000Z,265.82,BRL,casino,802.29,true,265.82,802.29,-536.47,2026-07-31T12:59:56.604Z
B0001023,P00085,2023-10-02T12:50:00.000Z,343.22,BRL,casino,0.00,true,343.22,0.0,343.22,2026-07-31T12:59:56.604Z
B0001024,P00085,2023-11-07T18:01:00.000Z,224.63,BRL,casino,0.00,true,224.63,0.0,224.63,2026-07-31T12:59:56.604Z
B0001025,P00085,2023-08-17T07:08:00.000Z,783.32,BRL,sports,1668.63,true,783.32,1668.63,-885.31,2026-07-31T12:59:56.604Z
B0001026,P00085,2023-11-07T05:38:00.000Z,702.10,BRL,casino,1482.78,true,702.1,1482.78,-780.68,2026-07-31T12:59:56.604Z
B0001027,P00085,2023-08-30T08:54:00.000Z,14.11,BRL,sports,0.00,true,14.11,0.0,14.11,2026-07-31T12:59:56.604Z
B0001028,P00085,2023-08-16T18:27:00.000Z,297.64,BRL,casino,0.00,true,297.64,0.0,297.64,2026-07-31T12:59:56.604Z
B0001029,P00085,2023-10-28T00:01:00.000Z,314.06,BRL,sports,605.13,true,314.06,605.13,-291.07,2026-07-31T12:59:56.604Z
B0001030,P00087,2023-10-13T10:16:00.000Z,20.88,USD,casino,71.76,true,105.73,363.35,-257.62,2026-07-31T12:59:56.604Z
B0001031,P00087,2023-09-15T10:25:00.000Z,3.61,EUR,casino,0.00,true,19.31,0.0,19.31,2026-07-31T12:59:56.604Z
B0001032,P00087,2023-11-10T02:38:00.000Z,26.44,USD,casino,0.00,true,131.88,0.0,131.88,2026-07-31T12:59:56.604Z
B0001033,P00088,2023-11-21T18:54:00.000Z,276.83,BRL,sports,789.53,true,276.83,789.53,-512.7,2026-07-31T12:59:56.604Z
B0001034,P00088,2023-12-01T21:03:00.000Z,80.76,BRL,sports,0.00,true,80.76,0.0,80.76,2026-07-31T12:59:56.604Z
B0001035,P00088,2023-11-29T06:27:00.000Z,736.74,BRL,casino,0.00,true,736.74,0.0,736.74,2026-07-31T12:59:56.604Z
B0001036,P00088,2023-11-30T09:22:00.000Z,867.07,BRL,sports,0.00,true,867.07,0.0,867.07,2026-07-31T12:59:56.604Z
B0001037,P00088,2023-11-26T15:44:00.000Z,948.25,BRL,sports,1416.88,true,948.25,1416.88,-468.63,2026-07-31T12:59:56.604Z
B0001038,P00088,2023-11-29T23:17:00.000Z,256.95,BRL,sports,0.00,true,256.95,0.0,256.95,2026-07-31T12:59:56.604Z
B0001039,P00088,2023-11-21T14:21:00.000Z,432.09,BRL,sports,883.66,true,432.09,883.66,-451.57,2026-07-31T12:59:56.604Z
B0001040,P00088,2023-11-24T22:28:00.000Z,81.32,BRL,casino,133.78,true,81.32,133.78,-52.46,2026-07-31T12:59:56.604Z
B0001041,P00088,2023-11-29T15:39:00.000Z,737.80,BRL,sports,0.00,true,737.8,0.0,737.8,2026-07-31T12:59:56.604Z
B0001042,P00089,2024-03-15T14:43:00.000Z,401.15,BRL,sports,1094.48,true,401.15,1094.48,-693.33,2026-07-31T12:59:56.604Z
B0001043,P00089,2024-03-15T11:43:00.000Z,195.67,BRL,sports,0.00,true,195.67,0.0,195.67,2026-07-31T12:59:56.604Z
B0001044,P00089,2024-03-15T18:04:00.000Z,356.86,BRL,casino,873.83,true,356.86,873.83,-516.97,2026-07-31T12:59:56.604Z
B0001045,P00089,2024-03-15T02:24:00.000Z,258.66,BRL,sports,0.00,true,258.66,0.0,258.66,2026-07-31T12:59:56.604Z
B0001046,P00089,2024-03-15T03:54:00.000Z,505.53,BRL,sports,1332.32,true,505.53,1332.32,-826.79,2026-07-31T12:59:56.604Z
B0001047,P00089,2024-03-15T10:45:00.000Z,138.08,EUR,casino,0.00,true,734.6,0.0,734.6,2026-07-31T12:59:56.604Z
B0001048,P00089,2024-03-15T19:22:00.000Z,290.17,BRL,sports,0.00,true,290.17,0.0,290.17,2026-07-31T12:59:56.604Z
B0001049,P00089,2024-03-15T03:27:00.000Z,917.21,BRL,sports,0.00,true,917.21,0.0,917.21,2026-07-31T12:59:56.604Z
B0001050,P00089,2024-03-15T09:39:00.000Z,879.61,BRL,sports,0.00,true,879.61,0.0,879.61,2026-07-31T12:59:56.604Z
B0001051,P00089,2024-03-15T17:51:00.000Z,554.71,BRL,casino,1541.18,true,554.71,1541.18,-986.47,2026-07-31T12:59:56.604Z
B0001052,P00089,2024-03-15T22:32:00.000Z,127.72,BRL,casino,0.00,true,127.72,0.0,127.72,2026-07-31T12:59:56.604Z
B0001053,P00089,2024-03-15T10:09:00.000Z,570.06,BRL,sports,1452.83,true,570.06,1452.83,-882.77,2026-07-31T12:59:56.604Z
B0001054,P00089,2024-03-15T01:30:00.000Z,317.93,BRL,sports,0.00,true,317.93,0.0,317.93,2026-07-31T12:59:56.604Z
B0001055,P00089,2024-03-15T18:55:00.000Z,682.62,BRL,casino,1184.26,true,682.62,1184.26,-501.64,2026-07-31T12:59:56.604Z
B0001056,P00089,2024-03-15T03:28:00.000Z,136.54,BRL,sports,338.69,true,136.54,338.69,-202.15,2026-07-31T12:59:56.604Z
B0001057,P00089,2024-03-15T14:35:00.000Z,793.39,BRL,casino,1157.78,true,793.39,1157.78,-364.39,2026-07-31T12:59:56.604Z
B0001058,P00089,2024-03-15T12:11:00.000Z,817.83,BRL,sports,0.00,true,817.83,0.0,817.83,2026-07-31T12:59:56.604Z
B0001059,P00089,2024-03-15T00:14:00.000Z,125.52,BRL,sports,0.00,true,125.52,0.0,125.52,2026-07-31T12:59:56.604Z
B0001060,P00089,2024-03-15T07:02:00.000Z,91.83,EUR,sports,0.00,true,488.54,0.0,488.54,2026-07-31T12:59:56.604Z
B0001061,P00089,2024-03-15T19:12:00.000Z,126.09,BRL,casino,0.00,true,126.09,0.0,126.09,2026-07-31T12:59:56.604Z
B0001062,P00089,2024-03-15T03:35:00.000Z,292.32,BRL,casino,0.00,true,292.32,0.0,292.32,2026-07-31T12:59:56.604Z
B0001063,P00089,2024-03-15T00:30:00.000Z,642.95,BRL,casino,1526.22,true,642.95,1526.22,-883.27,2026-07-31T12:59:56.604Z
B0001064,P00089,2024-03-15T01:20:00.000Z,767.60,BRL,casino,0.00,true,767.6,0.0,767.6,2026-07-31T12:59:56.604Z
B0001065,P00089,2024-03-15T18:02:00.000Z,590.76,BRL,sports,0.00,true,590.76,0.0,590.76,2026-07-31T12:59:56.604Z
B0001066,P00089,2024-03-15T17:58:00.000Z,994.61,BRL,sports,0.00,true,994.61,0.0,994.61,2026-07-31T12:59:56.604Z
B0001067,P00089,2024-03-15T22:37:00.000Z,816.50,BRL,casino,0.00,true,816.5,0.0,816.5,2026-07-31T12:59:56.604Z
B0001068,P00089,2024-03-15T00:27:00.000Z,334.75,BRL,casino,0.00,true,334.75,0.0,334.75,2026-07-31T12:59:56.604Z
B0001069,P00089,2024-03-15T07:23:00.000Z,78.46,BRL,casino,0.00,true,78.46,0.0,78.46,2026-07-31T12:59:56.604Z
B0001070,P00089,2024-03-15T22:18:00.000Z,705.56,BRL,sports,0.00,true,705.56,0.0,705.56,2026-07-31T12:59:56.604Z
B0001071,P00089,2024-03-15T21:37:00.000Z,105.07,BRL,casino,0.00,true,105.07,0.0,105.07,2026-07-31T12:59:56.604Z
B0001072,P00090,2024-02-13T17:27:00.000Z,19.97,BRL,casino,0.00,true,19.97,0.0,19.97,2026-07-31T12:59:56.604Z
B0001073,P00090,2024-02-29T12:25:00.000Z,556.19,BRL,sports,1595.66,true,556.19,1595.66,-1039.47,2026-07-31T12:59:56.604Z
B0001074,P00090,2024-02-24T11:35:00.000Z,785.99,BRL,sports,0.00,true,785.99,0.0,785.99,2026-07-31T12:59:56.604Z
B0001075,P00090,2024-02-27T18:04:00.000Z,683.72,BRL,casino,0.00,true,683.72,0.0,683.72,2026-07-31T12:59:56.604Z
B0001076,P00090,2024-02-12T01:29:00.000Z,593.41,BRL,casino,1331.10,true,593.41,1331.1,-737.69,2026-07-31T12:59:56.604Z
B0001077,P00090,2024-02-12T08:44:00.000Z,240.56,BRL,casino,336.79,true,240.56,336.79,-96.23,2026-07-31T12:59:56.604Z
B0001078,P00090,2024-02-26T19:11:00.000Z,632.90,BRL,casino,0.00,true,632.9,0.0,632.9,2026-07-31T12:59:56.604Z
B0001079,P00090,2024-02-12T17:57:00.000Z,83.27,BRL,casino,0.00,true,83.27,0.0,83.27,2026-07-31T12:59:56.604Z
B0001080,P00090,2024-02-16T23:07:00.000Z,785.05,BRL,casino,1863.82,true,785.05,1863.82,-1078.77,2026-07-31T12:59:56.604Z
B0001081,P00091,2023-09-30T10:24:00.000Z,18.95,USD,sports,0.00,true,96.87,0.0,96.87,2026-07-31T12:59:56.604Z
B0001082,P00091,2023-10-11T11:17:00.000Z,118.10,EUR,sports,0.00,true,629.76,0.0,629.76,2026-07-31T12:59:56.604Z
B0001083,P00091,2023-10-05T02:38:00.000Z,81.16,USD,casino,147.10,true,411.57,745.96,-334.39,2026-07-31T12:59:56.604Z
B0001084,P00091,2023-09-26T23:56:00.000Z,15.82,USD,casino,44.71,true,80.42,227.28,-146.86,2026-07-31T12:59:56.604Z
B0001085,P00091,2023-10-09T06:18:00.000Z,54.01,USD,casino,167.09,true,271.55,840.09,-568.54,2026-07-31T12:59:56.604Z
B0001086,P00091,2023-10-01T00:36:00.000Z,10.03,USD,sports,23.70,true,51.27,121.15,-69.88,2026-07-31T12:59:56.604Z
B0001087,P00091,2023-09-20T16:01:00.000Z,74.07,USD,sports,0.00,true,376.12,0.0,376.12,2026-07-31T12:59:56.604Z
B0001088,P00091,2023-09-18T06:17:00.000Z,44.69,USD,sports,0.00,true,226.91,0.0,226.91,2026-07-31T12:59:56.604Z
B0001089,P00091,2023-09-30T23:32:00.000Z,165.63,USD,sports,528.09,true,846.7,2699.6,-1852.9,2026-07-31T12:59:56.604Z
B0001090,P00092,2024-03-21T10:58:00.000Z,788.61,BRL,sports,1107.69,true,788.61,1107.69,-319.08,2026-07-31T12:59:56.604Z
B0001091,P00092,2024-03-09T08:24:00.000Z,718.49,BRL,casino,1087.34,true,718.49,1087.34,-368.85,2026-07-31T12:59:56.604Z
B0001092,P00092,2024-03-07T15:03:00.000Z,63.62,BRL,sports,158.65,true,63.62,158.65,-95.03,2026-07-31T12:59:56.604Z
B0001093,P00092,2024-03-08T19:56:00.000Z,974.85,BRL,sports,0.00,true,974.85,0.0,974.85,2026-07-31T12:59:56.604Z
B0001094,P00092,2024-03-20T00:23:00.000Z,318.41,BRL,sports,929.54,true,318.41,929.54,-611.13,2026-07-31T12:59:56.604Z
B0001095,P00092,2024-03-20T01:02:00.000Z,443.39,BRL,sports,0.00,true,443.39,0.0,443.39,2026-07-31T12:59:56.604Z
B0001096,P00092,2024-03-14T00:30:00.000Z,119.14,USD,casino,0.00,true,580.61,0.0,580.61,2026-07-31T12:59:56.604Z
B0001097,P00092,2024-03-21T18:35:00.000Z,988.03,BRL,casino,2331.37,true,988.03,2331.37,-1343.34,2026-07-31T12:59:56.604Z
B0001098,P00092,2024-03-18T09:37:00.000Z,811.67,BRL,sports,2033.41,true,811.67,2033.41,-1221.74,2026-07-31T12:59:56.604Z
B0001099,P00092,2024-03-20T04:30:00.000Z,347.89,BRL,sports,0.00,true,347.89,0.0,347.89,2026-07-31T12:59:56.604Z
B0001100,P00092,2024-03-13T16:59:00.000Z,92.65,BRL,sports,0.00,true,92.65,0.0,92.65,2026-07-31T12:59:56.604Z
B0001101,P00092,2024-03-14T02:49:00.000Z,314.30,BRL,sports,0.00,true,314.3,0.0,314.3,2026-07-31T12:59:56.604Z
B0001102,P00092,2024-03-07T13:14:00.000Z,50.18,BRL,sports,125.02,true,50.18,125.02,-74.84,2026-07-31T12:59:56.604Z
B0001103,P00092,2024-03-08T18:46:00.000Z,300.29,BRL,casino,0.00,true,300.29,0.0,300.29,2026-07-31T12:59:56.604Z
B0001104,P00092,2024-03-14T05:58:00.000Z,765.12,BRL,sports,0.00,true,765.12,0.0,765.12,2026-07-31T12:59:56.604Z
B0001105,P00092,2024-03-13T00:27:00.000Z,408.60,BRL,casino,1003.13,true,408.6,1003.13,-594.53,2026-07-31T12:59:56.604Z
B0001106,P00092,2024-03-10T03:19:00.000Z,222.93,BRL,sports,0.00,true,222.93,0.0,222.93,2026-07-31T12:59:56.604Z
B0001107,P00092,2024-03-15T07:51:00.000Z,180.99,BRL,casino,0.00,true,180.99,0.0,180.99,2026-07-31T12:59:56.604Z
B0001108,P00092,2024-03-13T18:59:00.000Z,542.49,BRL,casino,717.21,true,542.49,717.21,-174.72,2026-07-31T12:59:56.604Z
B0001109,P00092,2024-03-18T22:10:00.000Z,90.35,USD,sports,125.06,true,438.26,606.63,-168.37,2026-07-31T12:59:56.604Z
B0001110,P00092,2024-03-16T11:21:00.000Z,825.53,BRL,casino,0.00,true,825.53,0.0,825.53,2026-07-31T12:59:56.604Z
B0001111,P00092,2024-03-08T14:38:00.000Z,122.77,EUR,sports,0.00,true,645.83,0.0,645.83,2026-07-31T12:59:56.604Z
B0001112,P00092,2024-03-21T09:32:00.000Z,951.29,BRL,casino,0.00,true,951.29,0.0,951.29,2026-07-31T12:59:56.604Z
B0001113,P00092,2024-03-08T15:28:00.000Z,688.24,BRL,casino,2100.86,true,688.24,2100.86,-1412.62,2026-07-31T12:59:56.604Z
B0001114,P00094,2023-11-24T21:20:00.000Z,409.09,BRL,casino,0.00,true,409.09,0.0,409.09,2026-07-31T12:59:56.604Z
B0001115,P00094,2023-11-19T14:11:00.000Z,998.22,BRL,casino,0.00,true,998.22,0.0,998.22,2026-07-31T12:59:56.604Z
B0001116,P00094,2023-12-04T00:55:00.000Z,900.60,BRL,casino,3073.34,true,900.6,3073.34,-2172.74,2026-07-31T12:59:56.604Z
B0001117,P00094,2023-11-17T22:58:00.000Z,340.57,BRL,casino,0.00,true,340.57,0.0,340.57,2026-07-31T12:59:56.604Z
B0001118,P00094,2023-11-30T00:53:00.000Z,891.14,BRL,casino,1967.23,true,891.14,1967.23,-1076.09,2026-07-31T12:59:56.604Z
B0001119,P00094,2023-11-20T09:35:00.000Z,705.66,BRL,sports,0.00,true,705.66,0.0,705.66,2026-07-31T12:59:56.604Z
B0001120,P00094,2023-12-06T03:48:00.000Z,591.94,BRL,sports,748.52,true,591.94,748.52,-156.58,2026-07-31T12:59:56.604Z
B0001121,P00094,2023-11-17T02:19:00.000Z,58.28,USD,sports,0.00,true,287.81,0.0,287.81,2026-07-31T12:59:56.604Z
B0001122,P00094,2023-11-27T22:56:00.000Z,581.08,BRL,sports,1162.67,true,581.08,1162.67,-581.59,2026-07-31T12:59:56.604Z
B0001123,P00094,2023-12-11T00:34:00.000Z,122.58,EUR,casino,0.00,true,646.82,0.0,646.82,2026-07-31T12:59:56.604Z
B0001124,P00094,2023-11-20T21:34:00.000Z,990.53,BRL,casino,2590.59,true,990.53,2590.59,-1600.06,2026-07-31T12:59:56.604Z
B0001125,P00094,2023-12-06T02:23:00.000Z,247.41,BRL,casino,619.59,true,247.41,619.59,-372.18,2026-07-31T12:59:56.604Z
B0001126,P00094,2023-11-18T12:41:00.000Z,192.79,USD,sports,0.00,true,952.08,0.0,952.08,2026-07-31T12:59:56.604Z
B0001127,P00094,2023-12-09T11:04:00.000Z,943.19,BRL,casino,0.00,true,943.19,0.0,943.19,2026-07-31T12:59:56.604Z
B0001128,P00094,2023-12-12T03:30:00.000Z,48.87,BRL,casino,0.00,true,48.87,0.0,48.87,2026-07-31T12:59:56.604Z
B0001129,P00095,2023-11-09T22:23:00.000Z,572.42,BRL,sports,1451.90,true,572.42,1451.9,-879.48,2026-07-31T12:59:56.604Z
B0001130,P00095,2023-10-15T19:21:00.000Z,92.24,USD,casino,0.00,true,467.05,0.0,467.05,2026-07-31T12:59:56.604Z
B0001131,P00095,2023-10-14T00:13:00.000Z,634.72,BRL,casino,0.00,true,634.72,0.0,634.72,2026-07-31T12:59:56.604Z
B0001132,P00095,2023-11-22T11:11:00.000Z,899.35,BRL,sports,1298.00,true,899.35,1298.0,-398.65,2026-07-31T12:59:56.604Z
B0001133,P00095,2023-11-05T02:14:00.000Z,574.82,BRL,casino,0.00,true,574.82,0.0,574.82,2026-07-31T12:59:56.604Z
B0001134,P00095,2023-11-24T00:02:00.000Z,74.40,BRL,casino,0.00,true,74.4,0.0,74.4,2026-07-31T12:59:56.604Z
B0001135,P00095,2023-10-18T11:58:00.000Z,10.59,BRL,casino,0.00,true,10.59,0.0,10.59,2026-07-31T12:59:56.604Z
B0001136,P00095,2023-12-17T01:24:00.000Z,18.87,BRL,casino,0.00,true,18.87,0.0,18.87,2026-07-31T12:59:56.604Z
B0001137,P00095,2023-12-08T04:43:00.000Z,140.40,BRL,casino,0.00,true,140.4,0.0,140.4,2026-07-31T12:59:56.604Z
B0001138,P00095,2023-12-10T18:34:00.000Z,877.08,BRL,casino,0.00,true,877.08,0.0,877.08,2026-07-31T12:59:56.604Z
B0001139,P00095,2023-11-23T12:27:00.000Z,861.40,BRL,casino,2209.37,true,861.4,2209.37,-1347.97,2026-07-31T12:59:56.604Z
B0001140,P00095,2023-11-03T08:51:00.000Z,234.79,BRL,sports,0.00,true,234.79,0.0,234.79,2026-07-31T12:59:56.604Z
B0001141,P00095,2023-10-14T01:29:00.000Z,145.76,BRL,casino,349.46,true,145.76,349.46,-203.7,2026-07-31T12:59:56.604Z
B0001142,P00095,2023-10-16T01:51:00.000Z,130.45,BRL,casino,0.00,true,130.45,0.0,130.45,2026-07-31T12:59:56.604Z
B0001143,P00095,2023-11-02T15:10:00.000Z,753.17,BRL,sports,1231.29,true,753.17,1231.29,-478.12,2026-07-31T12:59:56.604Z
B0001144,P00096,2023-12-22T10:58:00.000Z,910.83,BRL,casino,0.00,true,910.83,0.0,910.83,2026-07-31T12:59:56.604Z
B0001145,P00096,2023-12-20T10:13:00.000Z,567.72,BRL,casino,1690.36,true,567.72,1690.36,-1122.64,2026-07-31T12:59:56.604Z
B0001146,P00096,2023-12-30T05:47:00.000Z,86.15,BRL,casino,0.00,true,86.15,0.0,86.15,2026-07-31T12:59:56.604Z
B0001147,P00097,2023-12-11T00:03:00.000Z,19.75,USD,casino,0.00,true,99.04,0.0,99.04,2026-07-31T12:59:56.604Z
B0001148,P00097,2023-12-13T20:04:00.000Z,153.35,USD,casino,0.00,true,775.38,0.0,775.38,2026-07-31T12:59:56.604Z
B0001149,P00097,2023-12-10T18:17:00.000Z,116.80,USD,casino,0.00,true,584.2,0.0,584.2,2026-07-31T12:59:56.604Z
B0001150,P00097,2023-12-15T01:46:00.000Z,131.81,USD,casino,0.00,true,670.27,0.0,670.27,2026-07-31T12:59:56.604Z
B0001151,P00097,2023-12-11T11:40:00.000Z,553.44,BRL,sports,0.00,true,553.44,0.0,553.44,2026-07-31T12:59:56.604Z
B0001152,P00097,2023-12-10T09:17:00.000Z,31.94,USD,sports,58.71,true,159.75,293.65,-133.9,2026-07-31T12:59:56.604Z
B0001153,P00097,2023-12-10T00:23:00.000Z,172.19,USD,sports,0.00,true,861.25,0.0,861.25,2026-07-31T12:59:56.604Z
B0001154,P00097,2023-12-06T01:40:00.000Z,147.41,USD,sports,0.00,true,736.8,0.0,736.8,2026-07-31T12:59:56.604Z
B0001155,P00097,2023-12-07T01:28:00.000Z,143.16,USD,casino,452.45,true,712.57,2252.03,-1539.46,2026-07-31T12:59:56.604Z
B0001156,P00098,2023-12-09T21:48:00.000Z,107.72,BRL,sports,177.32,true,107.72,177.32,-69.6,2026-07-31T12:59:56.604Z
B0001157,P00098,2024-03-14T00:52:00.000Z,177.38,USD,sports,374.36,true,864.43,1824.39,-959.96,2026-07-31T12:59:56.604Z
B0001158,P00098,2024-02-03T08:29:00.000Z,596.90,BRL,casino,0.00,true,596.9,0.0,596.9,2026-07-31T12:59:56.604Z
B0001159,P00098,2024-02-16T01:04:00.000Z,100.47,BRL,sports,0.00,true,100.47,0.0,100.47,2026-07-31T12:59:56.604Z
B0001160,P00098,2023-12-18T18:47:00.000Z,94.21,BRL,sports,0.00,true,94.21,0.0,94.21,2026-07-31T12:59:56.604Z
B0001161,P00098,2024-03-06T12:33:00.000Z,865.86,BRL,sports,2920.76,true,865.86,2920.76,-2054.9,2026-07-31T12:59:56.604Z
B0001162,P00098,2023-12-07T11:17:00.000Z,34.03,BRL,sports,116.39,true,34.03,116.39,-82.36,2026-07-31T12:59:56.604Z
B0001163,P00098,2024-02-14T22:26:00.000Z,155.08,BRL,casino,495.92,true,155.08,495.92,-340.84,2026-07-31T12:59:56.604Z
B0001164,P00098,2023-11-10T06:53:00.000Z,370.06,BRL,casino,0.00,true,370.06,0.0,370.06,2026-07-31T12:59:56.604Z
B0001165,P00098,2024-02-15T07:44:00.000Z,754.38,BRL,casino,0.00,true,754.38,0.0,754.38,2026-07-31T12:59:56.604Z
B0001166,P00098,2023-12-16T12:49:00.000Z,140.93,EUR,casino,188.71,true,749.61,1003.75,-254.14,2026-07-31T12:59:56.604Z
B0001167,P00098,2024-01-22T15:38:00.000Z,443.77,BRL,sports,1532.47,true,443.77,1532.47,-1088.7,2026-07-31T12:59:56.604Z
B0001168,P00098,2024-01-03T02:12:00.000Z,347.07,BRL,sports,899.05,true,347.07,899.05,-551.98,2026-07-31T12:59:56.604Z
B0001169,P00098,2023-12-20T01:09:00.000Z,436.67,BRL,casino,0.00,true,436.67,0.0,436.67,2026-07-31T12:59:56.604Z
B0001170,P00098,2024-01-01T16:41:00.000Z,667.14,BRL,casino,0.00,true,667.14,0.0,667.14,2026-07-31T12:59:56.604Z
B0001171,P00098,2024-01-14T10:56:00.000Z,105.90,BRL,sports,0.00,true,105.9,0.0,105.9,2026-07-31T12:59:56.604Z
B0001172,P00098,2024-03-12T01:39:00.000Z,596.15,BRL,casino,0.00,true,596.15,0.0,596.15,2026-07-31T12:59:56.604Z
B0001173,P00098,2023-12-14T16:42:00.000Z,725.73,BRL,casino,0.00,true,725.73,0.0,725.73,2026-07-31T12:59:56.604Z
B0001174,P00098,2024-01-13T20:46:00.000Z,561.91,BRL,casino,0.00,true,561.91,0.0,561.91,2026-07-31T12:59:56.604Z
B0001175,P00098,2024-03-03T11:14:00.000Z,190.73,BRL,sports,254.15,true,190.73,254.15,-63.42,2026-07-31T12:59:56.604Z
B0001176,P00098,2024-01-12T01:45:00.000Z,949.62,BRL,casino,2645.55,true,949.62,2645.55,-1695.93,2026-07-31T12:59:56.604Z
B0001177,P00098,2024-03-13T06:29:00.000Z,376.99,BRL,casino,0.00,true,376.99,0.0,376.99,2026-07-31T12:59:56.604Z
B0001178,P00098,2024-01-14T16:17:00.000Z,797.09,BRL,casino,2262.02,true,797.09,2262.02,-1464.93,2026-07-31T12:59:56.604Z
B0001179,P00098,2023-12-28T20:25:00.000Z,243.73,BRL,casino,557.17,true,243.73,557.17,-313.44,2026-07-31T12:59:56.604Z
B0001180,P00099,2024-01-19T04:01:00.000Z,906.42,BRL,sports,1456.88,true,906.42,1456.88,-550.46,2026-07-31T12:59:56.604Z
B0001181,P00099,2023-12-20T22:32:00.000Z,146.95,EUR,sports,0.00,true,778.09,0.0,778.09,2026-07-31T12:59:56.604Z
B0001182,P00099,2024-01-20T05:23:00.000Z,133.31,EUR,casino,0.00,true,696.33,0.0,696.33,2026-07-31T12:59:56.604Z
B0001183,P00099,2023-11-27T00:55:00.000Z,78.72,EUR,casino,261.51,true,411.45,1366.86,-955.41,2026-07-31T12:59:56.604Z
B0001184,P00099,2023-10-25T01:11:00.000Z,136.18,EUR,casino,0.00,true,729.8,0.0,729.8,2026-07-31T12:59:56.604Z
B0001185,P00099,2023-10-23T22:41:00.000Z,50.75,EUR,sports,0.00,true,271.41,0.0,271.41,2026-07-31T12:59:56.604Z
B0001186,P00099,2023-11-08T17:56:00.000Z,28.39,EUR,casino,41.66,true,150.88,221.41,-70.53,2026-07-31T12:59:56.604Z
B0001187,P00099,2023-11-04T03:49:00.000Z,10.72,EUR,casino,0.00,true,56.89,0.0,56.89,2026-07-31T12:59:56.604Z
B0001188,P00099,2023-11-05T16:31:00.000Z,158.24,EUR,casino,424.86,true,839.7,2254.52,-1414.82,2026-07-31T12:59:56.604Z
B0001189,P00099,2023-10-29T08:58:00.000Z,84.00,BRL,casino,0.00,true,84.0,0.0,84.0,2026-07-31T12:59:56.604Z
B0001190,P00099,2023-11-17T04:57:00.000Z,64.12,EUR,sports,0.00,true,335.33,0.0,335.33,2026-07-31T12:59:56.604Z
B0001191,P00099,2023-12-02T03:43:00.000Z,88.95,EUR,casino,0.00,true,470.14,0.0,470.14,2026-07-31T12:59:56.604Z
B0001192,P00099,2023-10-14T18:01:00.000Z,644.60,BRL,casino,1734.39,true,644.6,1734.39,-1089.79,2026-07-31T12:59:56.604Z
B0001193,P00099,2024-01-17T09:08:00.000Z,130.10,EUR,casino,426.90,true,679.0,2228.03,-1549.03,2026-07-31T12:59:56.604Z
B0001194,P00099,2023-11-28T04:03:00.000Z,71.77,EUR,sports,86.69,true,376.11,454.3,-78.19,2026-07-31T12:59:56.604Z
B0001195,P00099,2024-01-13T11:01:00.000Z,63.14,EUR,casino,139.57,true,331.2,732.11,-400.91,2026-07-31T12:59:56.604Z
B0001196,P00099,2023-11-18T02:54:00.000Z,115.54,EUR,sports,145.38,true,604.25,760.31,-156.06,2026-07-31T12:59:56.604Z
B0001197,P00099,2024-01-09T19:12:00.000Z,38.08,USD,sports,0.00,true,188.78,0.0,188.78,2026-07-31T12:59:56.604Z
B0001198,P00099,2023-12-01T18:49:00.000Z,46.12,USD,sports,0.00,true,232.53,0.0,232.53,2026-07-31T12:59:56.604Z
B0001199,P00099,2024-01-13T10:10:00.000Z,141.27,EUR,sports,0.00,true,741.03,0.0,741.03,2026-07-31T12:59:56.604Z
B0001200,P00099,2023-11-02T17:11:00.000Z,124.86,USD,sports,194.11,true,625.49,972.4,-346.91,2026-07-31T12:59:56.604Z
B0001201,P00099,2023-12-23T09:15:00.000Z,101.16,EUR,casino,0.00,true,538.75,0.0,538.75,2026-07-31T12:59:56.604Z
B0001202,P00099,2023-10-24T14:13:00.000Z,169.15,EUR,sports,550.49,true,902.65,2937.63,-2034.98,2026-07-31T12:59:56.604Z
B0001203,P00099,2023-10-26T08:44:00.000Z,112.35,EUR,sports,0.00,true,599.3,0.0,599.3,2026-07-31T12:59:56.604Z
B0001204,P00099,2024-01-30T09:44:00.000Z,106.78,EUR,sports,217.43,true,563.73,1147.9,-584.17,2026-07-31T12:59:56.604Z
B0001205,P00099,2024-01-16T06:02:00.000Z,23.48,EUR,casino,32.88,true,123.15,172.45,-49.3,2026-07-31T12:59:56.604Z
B0001206,P00099,2023-11-27T10:24:00.000Z,553.47,BRL,casino,0.00,true,553.47,0.0,553.47,2026-07-31T12:59:56.604Z
B0001207,P00100,2024-01-09T07:06:00.000Z,162.60,BRL,sports,0.00,true,162.6,0.0,162.6,2026-07-31T12:59:56.604Z
B0001208,P00100,2023-12-31T22:35:00.000Z,20.86,USD,sports,0.00,true,103.93,0.0,103.93,2026-07-31T12:59:56.604Z
B0001209,P00100,2024-01-13T02:05:00.000Z,679.38,BRL,casino,0.00,true,679.38,0.0,679.38,2026-07-31T12:59:56.604Z
B0001210,P00100,2024-01-06T17:34:00.000Z,632.12,BRL,casino,0.00,true,632.12,0.0,632.12,2026-07-31T12:59:56.604Z
B0001211,P00100,2024-01-09T01:13:00.000Z,204.30,BRL,sports,368.58,true,204.3,368.58,-164.28,2026-07-31T12:59:56.604Z
B0001212,P00100,2023-12-20T14:48:00.000Z,920.04,BRL,casino,0.00,true,920.04,0.0,920.04,2026-07-31T12:59:56.604Z
B0001213,P00100,2023-12-24T20:36:00.000Z,349.38,BRL,sports,0.00,true,349.38,0.0,349.38,2026-07-31T12:59:56.604Z
B0001214,P00100,2024-01-07T02:46:00.000Z,990.86,BRL,casino,0.00,true,990.86,0.0,990.86,2026-07-31T12:59:56.604Z
B0001215,P00100,2023-12-28T23:13:00.000Z,821.95,BRL,casino,0.00,true,821.95,0.0,821.95,2026-07-31T12:59:56.604Z
B0001216,P00100,2024-01-05T18:30:00.000Z,49.21,USD,sports,0.00,true,244.39,0.0,244.39,2026-07-31T12:59:56.604Z
B0001217,P00100,2023-12-18T18:17:00.000Z,119.17,BRL,sports,251.77,true,119.17,251.77,-132.6,2026-07-31T12:59:56.604Z
B0001218,P00100,2024-01-11T22:49:00.000Z,488.14,BRL,sports,1547.68,true,488.14,1547.68,-1059.54,2026-07-31T12:59:56.604Z
B0001219,P00101,2024-01-03T02:42:00.000Z,13.48,EUR,sports,0.00,true,71.03,0.0,71.03,2026-07-31T12:59:56.604Z
B0001220,P00101,2024-01-26T09:23:00.000Z,665.65,BRL,casino,2066.71,true,665.65,2066.71,-1401.06,2026-07-31T12:59:56.604Z
B0001221,P00101,2023-12-29T06:16:00.000Z,280.46,BRL,sports,0.00,true,280.46,0.0,280.46,2026-07-31T12:59:56.604Z
B0001222,P00101,2024-01-05T16:04:00.000Z,661.39,BRL,sports,1444.92,true,661.39,1444.92,-783.53,2026-07-31T12:59:56.604Z
B0001223,P00101,2024-01-30T12:42:00.000Z,674.86,BRL,sports,1231.43,true,674.86,1231.43,-556.57,2026-07-31T12:59:56.604Z
B0001224,P00101,2024-01-30T11:22:00.000Z,594.46,BRL,sports,1152.30,true,594.46,1152.3,-557.84,2026-07-31T12:59:56.604Z
B0001225,P00101,2023-12-28T08:10:00.000Z,5.53,BRL,sports,9.86,true,5.53,9.86,-4.33,2026-07-31T12:59:56.604Z
B0001226,P00101,2023-12-29T01:19:00.000Z,653.77,BRL,sports,1880.65,true,653.77,1880.65,-1226.88,2026-07-31T12:59:56.604Z
B0001227,P00101,2024-01-06T07:34:00.000Z,753.14,BRL,casino,2543.55,true,753.14,2543.55,-1790.41,2026-07-31T12:59:56.604Z
B0001228,P00101,2024-01-19T21:14:00.000Z,83.57,EUR,sports,182.24,true,436.52,951.91,-515.39,2026-07-31T12:59:56.604Z
B0001229,P00101,2024-02-01T17:29:00.000Z,189.45,BRL,casino,397.02,true,189.45,397.02,-207.57,2026-07-31T12:59:56.604Z
B0001230,P00101,2024-02-07T14:26:00.000Z,532.77,BRL,casino,0.00,true,532.77,0.0,532.77,2026-07-31T12:59:56.604Z
B0001231,P00101,2024-01-09T15:57:00.000Z,936.29,BRL,casino,0.00,true,936.29,0.0,936.29,2026-07-31T12:59:56.604Z
B0001232,P00101,2024-01-06T00:32:00.000Z,631.82,BRL,casino,1206.88,true,631.82,1206.88,-575.06,2026-07-31T12:59:56.604Z
B0001233,P00101,2024-01-05T06:01:00.000Z,149.01,BRL,casino,379.68,true,149.01,379.68,-230.67,2026-07-31T12:59:56.604Z
B0001234,P00101,2024-01-25T18:18:00.000Z,275.93,BRL,casino,737.34,true,275.93,737.34,-461.41,2026-07-31T12:59:56.604Z
B0001235,P00101,2023-12-25T07:19:00.000Z,6.18,BRL,casino,15.39,true,6.18,15.39,-9.21,2026-07-31T12:59:56.604Z
B0001236,P00101,2024-01-25T21:56:00.000Z,574.53,BRL,sports,0.00,true,574.53,0.0,574.53,2026-07-31T12:59:56.604Z
B0001237,P00101,2024-01-20T00:54:00.000Z,388.73,BRL,casino,1083.95,true,388.73,1083.95,-695.22,2026-07-31T12:59:56.604Z
B0001238,P00101,2023-12-27T09:02:00.000Z,356.24,BRL,casino,0.00,true,356.24,0.0,356.24,2026-07-31T12:59:56.604Z
B0001239,P00101,2024-01-11T08:07:00.000Z,618.38,BRL,casino,0.00,true,618.38,0.0,618.38,2026-07-31T12:59:56.604Z
B0001240,P00101,2024-01-02T06:29:00.000Z,383.26,BRL,sports,503.59,true,383.26,503.59,-120.33,2026-07-31T12:59:56.604Z
B0001241,P00101,2024-01-05T09:43:00.000Z,114.57,BRL,sports,0.00,true,114.57,0.0,114.57,2026-07-31T12:59:56.604Z
B0001242,P00101,2024-01-21T13:58:00.000Z,987.51,BRL,casino,0.00,true,987.51,0.0,987.51,2026-07-31T12:59:56.604Z
B0001243,P00102,2024-01-22T05:16:00.000Z,73.03,EUR,casino,137.78,true,380.44,717.74,-337.3,2026-07-31T12:59:56.604Z
B0001244,P00102,2024-01-28T18:19:00.000Z,124.37,EUR,sports,0.00,true,653.08,0.0,653.08,2026-07-31T12:59:56.604Z
B0001245,P00102,2024-01-23T19:54:00.000Z,106.01,EUR,casino,275.32,true,554.67,1440.53,-885.86,2026-07-31T12:59:56.604Z
B0001246,P00102,2024-01-21T04:26:00.000Z,50.61,EUR,casino,0.00,true,264.36,0.0,264.36,2026-07-31T12:59:56.604Z
B0001247,P00102,2024-01-17T12:09:00.000Z,118.63,EUR,sports,0.00,true,619.14,0.0,619.14,2026-07-31T12:59:56.604Z
B0001248,P00102,2024-01-17T16:13:00.000Z,88.09,EUR,casino,252.18,true,459.75,1316.15,-856.4,2026-07-31T12:59:56.604Z
B0001249,P00102,2024-01-18T12:08:00.000Z,19.03,EUR,sports,61.97,true,99.89,325.28,-225.39,2026-07-31T12:59:56.604Z
B0001250,P00102,2024-01-28T09:19:00.000Z,150.71,EUR,casino,0.00,true,791.39,0.0,791.39,2026-07-31T12:59:56.604Z
B0001251,P00102,2024-01-20T18:08:00.000Z,124.50,EUR,sports,245.81,true,650.31,1283.96,-633.65,2026-07-31T12:59:56.604Z
B0001252,P00103,2024-03-18T22:09:00.000Z,56.35,USD,sports,107.07,true,273.34,519.36,-246.02,2026-07-31T12:59:56.604Z
B0001253,P00103,2024-03-12T06:08:00.000Z,25.61,EUR,sports,0.00,true,135.66,0.0,135.66,2026-07-31T12:59:56.604Z
B0001254,P00103,2024-03-17T20:33:00.000Z,81.30,EUR,casino,0.00,true,432.52,0.0,432.52,2026-07-31T12:59:56.604Z
B0001255,P00103,2024-03-17T09:00:00.000Z,59.70,EUR,casino,0.00,true,317.61,0.0,317.61,2026-07-31T12:59:56.604Z
B0001256,P00103,2024-03-13T03:23:00.000Z,107.05,EUR,casino,0.00,true,568.92,0.0,568.92,2026-07-31T12:59:56.604Z
B0001257,P00103,2024-03-17T03:34:00.000Z,57.94,EUR,casino,80.81,true,308.25,429.92,-121.67,2026-07-31T12:59:56.604Z
B0001258,P00103,2024-03-12T02:42:00.000Z,52.61,EUR,sports,163.42,true,278.69,865.67,-586.98,2026-07-31T12:59:56.604Z
B0001259,P00103,2024-03-12T02:26:00.000Z,34.91,EUR,sports,0.00,true,184.93,0.0,184.93,2026-07-31T12:59:56.604Z
B0001260,P00103,2024-03-14T08:47:00.000Z,664.97,BRL,casino,0.00,true,664.97,0.0,664.97,2026-07-31T12:59:56.604Z
B0001261,P00104,2024-02-18T05:45:00.000Z,180.42,USD,sports,0.00,true,888.27,0.0,888.27,2026-07-31T12:59:56.604Z
B0001262,P00104,2024-03-06T00:56:00.000Z,76.90,USD,sports,0.00,true,374.74,0.0,374.74,2026-07-31T12:59:56.604Z
B0001263,P00104,2024-03-08T00:16:00.000Z,97.97,USD,sports,0.00,true,471.05,0.0,471.05,2026-07-31T12:59:56.604Z
B0001264,P00104,2024-02-18T18:53:00.000Z,168.45,USD,casino,290.62,true,829.34,1430.83,-601.49,2026-07-31T12:59:56.604Z
B0001265,P00104,2024-02-18T04:25:00.000Z,163.20,USD,casino,0.00,true,803.49,0.0,803.49,2026-07-31T12:59:56.604Z
B0001266,P00104,2024-02-22T21:10:00.000Z,68.02,USD,sports,0.00,true,334.3,0.0,334.3,2026-07-31T12:59:56.604Z
B0001267,P00104,2024-02-23T01:25:00.000Z,625.49,BRL,sports,946.66,true,625.49,946.66,-321.17,2026-07-31T12:59:56.604Z
B0001268,P00104,2024-02-23T07:28:00.000Z,2.98,USD,sports,4.93,true,14.56,24.09,-9.53,2026-07-31T12:59:56.604Z
B0001269,P00104,2024-03-11T22:00:00.000Z,134.40,USD,casino,302.33,true,646.3,1453.84,-807.54,2026-07-31T12:59:56.604Z
B0001270,P00105,2023-11-08T03:47:00.000Z,611.62,BRL,sports,1878.78,true,611.62,1878.78,-1267.16,2026-07-31T12:59:56.604Z
B0001271,P00105,2023-11-12T02:14:00.000Z,373.34,BRL,casino,1256.51,true,373.34,1256.51,-883.17,2026-07-31T12:59:56.604Z
B0001272,P00105,2023-12-22T18:02:00.000Z,33.90,BRL,sports,112.25,true,33.9,112.25,-78.35,2026-07-31T12:59:56.604Z
B0001273,P00105,2023-12-29T12:47:00.000Z,72.76,BRL,sports,0.00,true,72.76,0.0,72.76,2026-07-31T12:59:56.604Z
B0001274,P00105,2023-11-01T04:56:00.000Z,167.23,BRL,casino,507.25,true,167.23,507.25,-340.02,2026-07-31T12:59:56.604Z
B0001275,P00105,2023-10-28T14:34:00.000Z,879.28,BRL,casino,2736.36,true,879.28,2736.36,-1857.08,2026-07-31T12:59:56.604Z
B0001276,P00105,2023-11-03T10:52:00.000Z,478.91,BRL,casino,0.00,true,478.91,0.0,478.91,2026-07-31T12:59:56.604Z
B0001277,P00105,2023-12-12T07:40:00.000Z,163.81,EUR,sports,295.93,true,869.0,1569.88,-700.88,2026-07-31T12:59:56.604Z
B0001278,P00105,2023-12-28T09:09:00.000Z,443.50,BRL,casino,0.00,true,443.5,0.0,443.5,2026-07-31T12:59:56.604Z
B0001279,P00107,2023-09-16T18:21:00.000Z,44.90,BRL,casino,0.00,true,44.9,0.0,44.9,2026-07-31T12:59:56.604Z
B0001280,P00107,2023-11-16T16:15:00.000Z,285.34,BRL,casino,675.23,true,285.34,675.23,-389.89,2026-07-31T12:59:56.604Z
B0001281,P00107,2023-10-10T01:11:00.000Z,454.11,BRL,sports,0.00,true,454.11,0.0,454.11,2026-07-31T12:59:56.604Z
B0001282,P00108,2024-02-21T10:15:00.000Z,123.63,BRL,casino,0.00,true,123.63,0.0,123.63,2026-07-31T12:59:56.604Z
B0001283,P00108,2024-03-12T00:58:00.000Z,808.31,BRL,sports,0.00,true,808.31,0.0,808.31,2026-07-31T12:59:56.604Z
B0001284,P00108,2024-03-04T15:51:00.000Z,863.64,BRL,sports,0.00,true,863.64,0.0,863.64,2026-07-31T12:59:56.604Z
B0001285,P00108,2024-03-09T13:44:00.000Z,108.05,BRL,casino,0.00,true,108.05,0.0,108.05,2026-07-31T12:59:56.604Z
B0001286,P00108,2024-02-24T01:06:00.000Z,736.54,BRL,sports,0.00,true,736.54,0.0,736.54,2026-07-31T12:59:56.604Z
B0001287,P00108,2024-02-24T03:35:00.000Z,189.12,USD,casino,0.00,true,923.99,0.0,923.99,2026-07-31T12:59:56.604Z
B0001288,P00108,2024-02-24T06:24:00.000Z,363.91,BRL,casino,557.51,true,363.91,557.51,-193.6,2026-07-31T12:59:56.604Z
B0001289,P00108,2024-03-11T19:12:00.000Z,593.15,BRL,sports,0.00,true,593.15,0.0,593.15,2026-07-31T12:59:56.604Z
B0001290,P00108,2024-03-13T02:18:00.000Z,693.89,BRL,casino,0.00,true,693.89,0.0,693.89,2026-07-31T12:59:56.604Z
B0001291,P00108,2024-02-28T10:32:00.000Z,905.32,BRL,casino,2132.09,true,905.32,2132.09,-1226.77,2026-07-31T12:59:56.604Z
B0001292,P00108,2024-02-19T13:24:00.000Z,25.71,BRL,casino,81.72,true,25.71,81.72,-56.01,2026-07-31T12:59:56.604Z
B0001293,P00108,2024-02-21T10:39:00.000Z,875.58,BRL,sports,2423.87,true,875.58,2423.87,-1548.29,2026-07-31T12:59:56.604Z
B0001294,P00108,2024-03-02T16:26:00.000Z,659.64,BRL,sports,2123.11,true,659.64,2123.11,-1463.47,2026-07-31T12:59:56.604Z
B0001295,P00108,2024-02-27T18:10:00.000Z,921.68,BRL,casino,0.00,true,921.68,0.0,921.68,2026-07-31T12:59:56.604Z
B0001296,P00108,2024-03-08T06:05:00.000Z,421.27,BRL,sports,0.00,true,421.27,0.0,421.27,2026-07-31T12:59:56.604Z
B0001297,P00109,2024-01-11T02:18:00.000Z,574.84,BRL,sports,0.00,true,574.84,0.0,574.84,2026-07-31T12:59:56.604Z
B0001298,P00109,2024-01-12T07:02:00.000Z,865.36,BRL,sports,0.00,true,865.36,0.0,865.36,2026-07-31T12:59:56.604Z
B0001299,P00109,2024-01-20T07:27:00.000Z,758.66,BRL,sports,0.00,true,758.66,0.0,758.66,2026-07-31T12:59:56.604Z
B0001300,P00110,2024-01-03T16:42:00.000Z,31.68,USD,sports,98.25,true,156.17,484.33,-328.16,2026-07-31T12:59:56.604Z
B0001301,P00110,2023-11-24T13:01:00.000Z,16.12,USD,casino,0.00,true,79.93,0.0,79.93,2026-07-31T12:59:56.604Z
B0001302,P00110,2023-11-28T19:02:00.000Z,145.05,USD,casino,353.65,true,719.48,1754.19,-1034.71,2026-07-31T12:59:56.604Z
B0001303,P00110,2023-12-28T02:52:00.000Z,170.35,USD,sports,0.00,true,851.53,0.0,851.53,2026-07-31T12:59:56.604Z
B0001304,P00110,2023-12-03T18:23:00.000Z,19.78,USD,casino,0.00,true,99.73,0.0,99.73,2026-07-31T12:59:56.604Z
B0001305,P00110,2023-12-24T11:55:00.000Z,176.80,USD,casino,0.00,true,888.29,0.0,888.29,2026-07-31T12:59:56.604Z
B0001306,P00110,2023-12-26T01:37:00.000Z,100.40,USD,sports,326.84,true,505.71,1646.27,-1140.56,2026-07-31T12:59:56.604Z
B0001307,P00110,2023-12-25T05:08:00.000Z,111.70,USD,sports,213.50,true,560.08,1070.53,-510.45,2026-07-31T12:59:56.604Z
B0001308,P00110,2023-11-24T21:31:00.000Z,36.35,USD,casino,0.00,true,180.23,0.0,180.23,2026-07-31T12:59:56.604Z
B0001309,P00111,2023-12-08T22:40:00.000Z,91.62,EUR,casino,0.00,true,480.71,0.0,480.71,2026-07-31T12:59:56.604Z
B0001310,P00111,2023-12-13T12:46:00.000Z,70.48,EUR,sports,205.40,true,375.36,1093.92,-718.56,2026-07-31T12:59:56.604Z
B0001311,P00111,2023-12-04T16:27:00.000Z,32.37,EUR,sports,0.00,true,170.49,0.0,170.49,2026-07-31T12:59:56.604Z
B0001312,P00111,2023-11-29T00:10:00.000Z,22.02,BRL,casino,0.00,true,22.02,0.0,22.02,2026-07-31T12:59:56.604Z
B0001313,P00111,2024-01-14T10:56:00.000Z,170.23,EUR,sports,394.40,true,892.94,2068.83,-1175.89,2026-07-31T12:59:56.604Z
B0001314,P00111,2023-11-18T12:38:00.000Z,108.01,EUR,casino,318.50,true,564.87,1665.69,-1100.82,2026-07-31T12:59:56.604Z
B0001315,P00111,2024-01-19T01:35:00.000Z,17.80,EUR,sports,49.95,true,92.98,260.91,-167.93,2026-07-31T12:59:56.604Z
B0001316,P00111,2023-11-14T17:45:00.000Z,76.17,EUR,sports,220.61,true,399.15,1156.04,-756.89,2026-07-31T12:59:56.604Z
B0001317,P00111,2023-11-14T02:25:00.000Z,749.26,BRL,sports,0.00,true,749.26,0.0,749.26,2026-07-31T12:59:56.604Z
B0001318,P00111,2023-11-19T04:56:00.000Z,9.08,EUR,sports,0.00,true,47.49,0.0,47.49,2026-07-31T12:59:56.604Z
B0001319,P00111,2024-01-16T02:26:00.000Z,163.75,EUR,sports,0.00,true,858.84,0.0,858.84,2026-07-31T12:59:56.604Z
B0001320,P00111,2024-01-30T11:27:00.000Z,134.51,EUR,sports,300.97,true,710.13,1588.94,-878.81,2026-07-31T12:59:56.604Z
B0001321,P00111,2024-01-04T02:35:00.000Z,163.44,EUR,sports,0.00,true,858.6,0.0,858.6,2026-07-31T12:59:56.604Z
B0001322,P00111,2024-01-10T22:13:00.000Z,68.05,EUR,casino,0.00,true,359.23,0.0,359.23,2026-07-31T12:59:56.604Z
B0001323,P00111,2023-12-29T13:34:00.000Z,15.49,EUR,casino,22.65,true,82.24,120.26,-38.02,2026-07-31T12:59:56.604Z
B0001324,P00111,2023-11-29T17:00:00.000Z,19.23,EUR,sports,36.55,true,101.33,192.6,-91.27,2026-07-31T12:59:56.604Z
B0001325,P00111,2023-12-01T16:09:00.000Z,89.02,EUR,sports,291.11,true,470.51,1538.63,-1068.12,2026-07-31T12:59:56.604Z
B0001326,P00111,2024-02-01T06:11:00.000Z,89.41,EUR,casino,0.00,true,470.94,0.0,470.94,2026-07-31T12:59:56.604Z
B0001327,P00111,2024-02-09T05:48:00.000Z,149.97,EUR,sports,0.00,true,790.52,0.0,790.52,2026-07-31T12:59:56.604Z
B0001328,P00111,2023-12-28T08:40:00.000Z,84.92,EUR,casino,228.98,true,450.85,1215.68,-764.83,2026-07-31T12:59:56.604Z
B0001329,P00111,2024-01-20T10:54:00.000Z,111.46,EUR,casino,0.00,true,582.2,0.0,582.2,2026-07-31T12:59:56.604Z
B0001330,P00111,2023-12-08T08:26:00.000Z,109.08,EUR,sports,0.00,true,572.32,0.0,572.32,2026-07-31T12:59:56.604Z
B0001331,P00111,2024-01-04T12:34:00.000Z,121.89,EUR,sports,312.63,true,640.32,1642.34,-1002.02,2026-07-31T12:59:56.604Z
B0001332,P00111,2024-01-15T16:01:00.000Z,61.89,EUR,sports,0.00,true,325.28,0.0,325.28,2026-07-31T12:59:56.604Z
B0001333,P00111,2024-02-04T07:24:00.000Z,65.14,EUR,sports,0.00,true,341.57,0.0,341.57,2026-07-31T12:59:56.604Z
B0001334,P00111,2024-01-24T02:39:00.000Z,101.01,EUR,sports,196.41,true,527.72,1026.12,-498.4,2026-07-31T12:59:56.604Z
B0001335,P00111,2023-12-20T13:00:00.000Z,105.81,EUR,casino,0.00,true,560.25,0.0,560.25,2026-07-31T12:59:56.604Z
B0001336,P00111,2024-02-09T00:17:00.000Z,24.75,EUR,casino,0.00,true,130.46,0.0,130.46,2026-07-31T12:59:56.604Z
B0001337,P00111,2023-11-25T23:04:00.000Z,72.69,EUR,casino,0.00,true,380.27,0.0,380.27,2026-07-31T12:59:56.604Z
B0001338,P00111,2024-01-19T11:38:00.000Z,85.29,EUR,casino,0.00,true,445.5,0.0,445.5,2026-07-31T12:59:56.604Z
B0001339,P00112,2023-11-22T12:25:00.000Z,258.64,BRL,casino,677.88,true,258.64,677.88,-419.24,2026-07-31T12:59:56.604Z
B0001340,P00112,2023-10-14T10:19:00.000Z,197.57,BRL,sports,0.00,true,197.57,0.0,197.57,2026-07-31T12:59:56.604Z
B0001341,P00112,2023-11-05T22:21:00.000Z,292.53,BRL,sports,0.00,true,292.53,0.0,292.53,2026-07-31T12:59:56.604Z
B0001342,P00112,2023-11-04T23:18:00.000Z,538.75,BRL,sports,0.00,true,538.75,0.0,538.75,2026-07-31T12:59:56.604Z
B0001343,P00112,2023-10-26T14:32:00.000Z,14.83,BRL,casino,0.00,true,14.83,0.0,14.83,2026-07-31T12:59:56.604Z
B0001344,P00112,2023-12-05T00:25:00.000Z,122.68,BRL,sports,0.00,true,122.68,0.0,122.68,2026-07-31T12:59:56.604Z
B0001345,P00112,2023-11-08T00:53:00.000Z,58.69,USD,sports,0.00,true,294.01,0.0,294.01,2026-07-31T12:59:56.604Z
B0001346,P00112,2023-10-27T17:00:00.000Z,256.40,BRL,sports,0.00,true,256.4,0.0,256.4,2026-07-31T12:59:56.604Z
B0001347,P00112,2023-12-04T14:34:00.000Z,45.94,BRL,sports,0.00,true,45.94,0.0,45.94,2026-07-31T12:59:56.604Z
B0001348,P00112,2023-11-18T16:06:00.000Z,476.36,BRL,casino,0.00,true,476.36,0.0,476.36,2026-07-31T12:59:56.604Z
B0001349,P00112,2023-11-05T18:58:00.000Z,240.38,BRL,sports,819.29,true,240.38,819.29,-578.91,2026-07-31T12:59:56.604Z
B0001350,P00112,2023-10-13T17:25:00.000Z,681.26,BRL,sports,0.00,true,681.26,0.0,681.26,2026-07-31T12:59:56.604Z
B0001351,P00112,2023-11-16T21:22:00.000Z,779.66,BRL,casino,1300.16,true,779.66,1300.16,-520.5,2026-07-31T12:59:56.604Z
B0001352,P00112,2023-10-28T11:54:00.000Z,153.68,USD,casino,339.33,true,768.75,1697.42,-928.67,2026-07-31T12:59:56.604Z
B0001353,P00112,2023-11-06T21:58:00.000Z,56.53,BRL,sports,0.00,true,56.53,0.0,56.53,2026-07-31T12:59:56.604Z
B0001354,P00112,2023-11-20T18:01:00.000Z,33.24,USD,sports,0.00,true,164.19,0.0,164.19,2026-07-31T12:59:56.604Z
B0001355,P00112,2023-11-19T01:14:00.000Z,430.59,BRL,casino,0.00,true,430.59,0.0,430.59,2026-07-31T12:59:56.604Z
B0001356,P00112,2023-12-07T22:25:00.000Z,949.95,BRL,casino,2454.05,true,949.95,2454.05,-1504.1,2026-07-31T12:59:56.604Z
B0001357,P00112,2023-10-27T22:52:00.000Z,954.92,BRL,casino,0.00,true,954.92,0.0,954.92,2026-07-31T12:59:56.604Z
B0001358,P00112,2023-10-20T01:58:00.000Z,43.43,BRL,casino,129.84,true,43.43,129.84,-86.41,2026-07-31T12:59:56.604Z
B0001359,P00112,2023-11-18T17:11:00.000Z,872.88,BRL,sports,2919.44,true,872.88,2919.44,-2046.56,2026-07-31T12:59:56.604Z
B0001360,P00113,2024-01-03T14:28:00.000Z,38.49,EUR,sports,0.00,true,202.81,0.0,202.81,2026-07-31T12:59:56.604Z
B0001361,P00113,2024-01-11T15:20:00.000Z,84.59,EUR,casino,206.80,true,445.04,1088.02,-642.98,2026-07-31T12:59:56.604Z
B0001362,P00113,2024-01-10T03:14:00.000Z,57.77,EUR,casino,178.82,true,304.96,943.97,-639.01,2026-07-31T12:59:56.604Z
B0001363,P00113,2024-01-03T06:06:00.000Z,15.24,EUR,sports,29.96,true,80.3,157.87,-77.57,2026-07-31T12:59:56.604Z
B0001364,P00113,2024-01-04T22:59:00.000Z,397.41,BRL,sports,0.00,true,397.41,0.0,397.41,2026-07-31T12:59:56.604Z
B0001365,P00113,2024-01-18T10:27:00.000Z,136.51,EUR,casino,468.34,true,716.54,2458.32,-1741.78,2026-07-31T12:59:56.604Z
B0001366,P00113,2024-01-20T11:45:00.000Z,128.28,EUR,casino,0.00,true,670.06,0.0,670.06,2026-07-31T12:59:56.604Z
B0001367,P00113,2024-01-20T02:53:00.000Z,32.48,EUR,casino,0.00,true,169.66,0.0,169.66,2026-07-31T12:59:56.604Z
B0001368,P00113,2024-01-07T05:23:00.000Z,55.40,EUR,sports,191.03,true,292.33,1008.01,-715.68,2026-07-31T12:59:56.604Z
B0001369,P00113,2024-01-17T14:23:00.000Z,183.33,USD,casino,0.00,true,894.14,0.0,894.14,2026-07-31T12:59:56.604Z
B0001370,P00113,2024-01-05T06:13:00.000Z,80.01,EUR,casino,138.40,true,422.19,730.3,-308.11,2026-07-31T12:59:56.604Z
B0001371,P00113,2024-01-07T19:18:00.000Z,153.05,EUR,sports,0.00,true,807.6,0.0,807.6,2026-07-31T12:59:56.604Z
B0001372,P00114,2024-01-09T12:12:00.000Z,303.78,BRL,casino,0.00,true,303.78,0.0,303.78,2026-07-31T12:59:56.604Z
B0001373,P00114,2024-01-12T10:01:00.000Z,605.02,BRL,sports,1047.98,true,605.02,1047.98,-442.96,2026-07-31T12:59:56.604Z
B0001374,P00114,2024-01-11T00:12:00.000Z,424.18,BRL,sports,0.00,true,424.18,0.0,424.18,2026-07-31T12:59:56.604Z
B0001375,P00114,2024-01-18T10:32:00.000Z,602.87,BRL,sports,2021.77,true,602.87,2021.77,-1418.9,2026-07-31T12:59:56.604Z
B0001376,P00114,2024-01-16T00:52:00.000Z,482.52,BRL,casino,0.00,true,482.52,0.0,482.52,2026-07-31T12:59:56.604Z
B0001377,P00114,2024-01-10T05:20:00.000Z,67.28,BRL,sports,149.62,true,67.28,149.62,-82.34,2026-07-31T12:59:56.604Z
B0001378,P00114,2024-01-13T10:06:00.000Z,485.22,BRL,sports,0.00,true,485.22,0.0,485.22,2026-07-31T12:59:56.604Z
B0001379,P00114,2024-01-13T10:47:00.000Z,480.97,BRL,casino,1538.87,true,480.97,1538.87,-1057.9,2026-07-31T12:59:56.604Z
B0001380,P00114,2024-01-15T07:59:00.000Z,933.85,BRL,sports,0.00,true,933.85,0.0,933.85,2026-07-31T12:59:56.604Z
B0001381,P00115,2023-10-22T12:56:00.000Z,399.07,BRL,casino,0.00,true,399.07,0.0,399.07,2026-07-31T12:59:56.604Z
B0001382,P00115,2023-11-04T00:37:00.000Z,265.68,BRL,sports,0.00,true,265.68,0.0,265.68,2026-07-31T12:59:56.604Z
B0001383,P00115,2023-10-16T00:57:00.000Z,104.63,EUR,sports,180.39,true,559.94,965.38,-405.44,2026-07-31T12:59:56.604Z
B0001384,P00115,2023-11-05T11:26:00.000Z,167.91,BRL,casino,0.00,true,167.91,0.0,167.91,2026-07-31T12:59:56.604Z
B0001385,P00115,2023-10-24T17:19:00.000Z,298.34,BRL,casino,1001.57,true,298.34,1001.57,-703.23,2026-07-31T12:59:56.604Z
B0001386,P00115,2023-11-02T06:49:00.000Z,174.84,BRL,casino,0.00,true,174.84,0.0,174.84,2026-07-31T12:59:56.604Z
B0001387,P00115,2023-10-25T01:33:00.000Z,573.16,BRL,sports,0.00,true,573.16,0.0,573.16,2026-07-31T12:59:56.604Z
B0001388,P00115,2023-11-02T09:34:00.000Z,76.10,BRL,sports,0.00,true,76.1,0.0,76.1,2026-07-31T12:59:56.604Z
B0001389,P00115,2023-10-19T21:28:00.000Z,542.75,BRL,sports,0.00,true,542.75,0.0,542.75,2026-07-31T12:59:56.604Z
B0001390,P00115,2023-10-29T21:16:00.000Z,150.37,USD,casino,0.00,true,752.19,0.0,752.19,2026-07-31T12:59:56.604Z
B0001391,P00115,2023-10-18T20:33:00.000Z,795.83,BRL,casino,1863.50,true,795.83,1863.5,-1067.67,2026-07-31T12:59:56.604Z
B0001392,P00115,2023-10-31T02:32:00.000Z,727.49,BRL,casino,0.00,true,727.49,0.0,727.49,2026-07-31T12:59:56.604Z
B0001393,P00115,2023-10-28T23:31:00.000Z,118.51,BRL,sports,209.20,true,118.51,209.2,-90.69,2026-07-31T12:59:56.604Z
B0001394,P00115,2023-10-23T16:39:00.000Z,339.88,BRL,sports,1049.70,true,339.88,1049.7,-709.82,2026-07-31T12:59:56.604Z
B0001395,P00115,2023-10-18T20:59:00.000Z,579.21,BRL,casino,891.96,true,579.21,891.96,-312.75,2026-07-31T12:59:56.604Z
B0001396,P00115,2023-11-02T14:47:00.000Z,824.00,BRL,sports,2178.99,true,824.0,2178.99,-1354.99,2026-07-31T12:59:56.604Z
B0001397,P00115,2023-10-29T05:08:00.000Z,16.83,BRL,casino,0.00,true,16.83,0.0,16.83,2026-07-31T12:59:56.604Z
B0001398,P00115,2023-10-15T18:05:00.000Z,125.93,BRL,sports,0.00,true,125.93,0.0,125.93,2026-07-31T12:59:56.604Z
B0001399,P00115,2023-10-22T23:19:00.000Z,534.98,BRL,sports,0.00,true,534.98,0.0,534.98,2026-07-31T12:59:56.604Z
B0001400,P00115,2023-11-04T12:44:00.000Z,352.81,BRL,casino,769.54,true,352.81,769.54,-416.73,2026-07-31T12:59:56.604Z
B0001401,P00115,2023-11-01T00:20:00.000Z,856.31,BRL,sports,0.00,true,856.31,0.0,856.31,2026-07-31T12:59:56.604Z
B0001402,P00115,2023-10-19T06:44:00.000Z,716.06,BRL,casino,974.03,true,716.06,974.03,-257.97,2026-07-31T12:59:56.604Z
B0001403,P00115,2023-10-21T01:44:00.000Z,405.05,BRL,casino,0.00,true,405.05,0.0,405.05,2026-07-31T12:59:56.604Z
B0001404,P00115,2023-10-31T18:03:00.000Z,403.94,BRL,sports,812.90,true,403.94,812.9,-408.96,2026-07-31T12:59:56.604Z
B0001405,P00115,2023-11-04T17:27:00.000Z,325.15,BRL,sports,0.00,true,325.15,0.0,325.15,2026-07-31T12:59:56.604Z
B0001406,P00115,2023-10-26T01:21:00.000Z,295.44,BRL,casino,0.00,true,295.44,0.0,295.44,2026-07-31T12:59:56.604Z
B0001407,P00115,2023-10-27T20:06:00.000Z,489.91,BRL,casino,978.57,true,489.91,978.57,-488.66,2026-07-31T12:59:56.604Z
B0001408,P00115,2023-10-24T14:53:00.000Z,956.74,BRL,sports,0.00,true,956.74,0.0,956.74,2026-07-31T12:59:56.604Z
B0001409,P00115,2023-10-30T11:26:00.000Z,459.65,BRL,casino,0.00,true,459.65,0.0,459.65,2026-07-31T12:59:56.604Z
B0001410,P00115,2023-10-28T06:16:00.000Z,298.51,BRL,casino,0.00,true,298.51,0.0,298.51,2026-07-31T12:59:56.604Z
B0001411,P00115,2023-10-17T13:44:00.000Z,684.54,BRL,casino,2227.90,true,684.54,2227.9,-1543.36,2026-07-31T12:59:56.604Z
B0001412,P00115,2023-10-25T19:58:00.000Z,208.71,BRL,casino,0.00,true,208.71,0.0,208.71,2026-07-31T12:59:56.604Z
B0001413,P00115,2023-10-28T02:35:00.000Z,47.64,BRL,sports,70.80,true,47.64,70.8,-23.16,2026-07-31T12:59:56.604Z
B0001414,P00115,2023-10-19T02:08:00.000Z,217.92,BRL,sports,505.40,true,217.92,505.4,-287.48,2026-07-31T12:59:56.604Z
B0001415,P00115,2023-10-23T11:37:00.000Z,678.05,BRL,sports,0.00,true,678.05,0.0,678.05,2026-07-31T12:59:56.604Z
B0001416,P00115,2023-11-02T18:26:00.000Z,215.36,BRL,casino,462.39,true,215.36,462.39,-247.03,2026-07-31T12:59:56.604Z
B0001417,P00115,2023-10-27T20:40:00.000Z,757.39,BRL,sports,0.00,true,757.39,0.0,757.39,2026-07-31T12:59:56.604Z
B0001418,P00115,2023-11-02T04:39:00.000Z,508.13,BRL,casino,0.00,true,508.13,0.0,508.13,2026-07-31T12:59:56.604Z
B0001419,P00115,2023-10-23T03:53:00.000Z,755.63,BRL,casino,2393.88,true,755.63,2393.88,-1638.25,2026-07-31T12:59:56.604Z
B0001420,P00115,2023-11-01T01:17:00.000Z,456.41,BRL,sports,0.00,true,456.41,0.0,456.41,2026-07-31T12:59:56.604Z
B0001421,P00115,2023-10-15T11:07:00.000Z,427.69,BRL,sports,0.00,true,427.69,0.0,427.69,2026-07-31T12:59:56.604Z
B0001422,P00115,2023-10-27T17:02:00.000Z,821.66,BRL,sports,0.00,true,821.66,0.0,821.66,2026-07-31T12:59:56.604Z
B0001423,P00115,2023-10-24T21:32:00.000Z,592.69,BRL,casino,0.00,true,592.69,0.0,592.69,2026-07-31T12:59:56.604Z
B0001424,P00115,2023-10-21T22:14:00.000Z,445.97,BRL,sports,0.00,true,445.97,0.0,445.97,2026-07-31T12:59:56.604Z
B0001425,P00115,2023-10-21T01:45:00.000Z,762.18,BRL,sports,2368.57,true,762.18,2368.57,-1606.39,2026-07-31T12:59:56.604Z
B0001426,P00115,2023-11-03T14:26:00.000Z,942.37,BRL,sports,2241.99,true,942.37,2241.99,-1299.62,2026-07-31T12:59:56.604Z
B0001427,P00115,2023-10-20T23:59:00.000Z,398.92,BRL,casino,1201.27,true,398.92,1201.27,-802.35,2026-07-31T12:59:56.604Z
B0001428,P00115,2023-10-17T21:39:00.000Z,174.53,BRL,sports,0.00,true,174.53,0.0,174.53,2026-07-31T12:59:56.604Z
B0001429,P00115,2023-11-04T00:03:00.000Z,464.52,BRL,casino,1367.23,true,464.52,1367.23,-902.71,2026-07-31T12:59:56.604Z
B0001430,P00115,2023-11-02T02:23:00.000Z,275.75,BRL,sports,0.00,true,275.75,0.0,275.75,2026-07-31T12:59:56.604Z
B0001431,P00115,2023-11-01T13:06:00.000Z,64.20,BRL,sports,0.00,true,64.2,0.0,64.2,2026-07-31T12:59:56.604Z
B0001432,P00115,2023-10-19T12:47:00.000Z,546.27,BRL,casino,0.00,true,546.27,0.0,546.27,2026-07-31T12:59:56.604Z
B0001433,P00115,2023-10-19T12:13:00.000Z,983.05,BRL,sports,0.00,true,983.05,0.0,983.05,2026-07-31T12:59:56.604Z
B0001434,P00115,2023-10-20T18:11:00.000Z,991.90,BRL,casino,0.00,true,991.9,0.0,991.9,2026-07-31T12:59:56.604Z
B0001435,P00115,2023-10-15T02:26:00.000Z,890.62,BRL,sports,0.00,true,890.62,0.0,890.62,2026-07-31T12:59:56.604Z
B0001436,P00115,2023-10-18T11:06:00.000Z,623.75,BRL,casino,1186.75,true,623.75,1186.75,-563.0,2026-07-31T12:59:56.604Z
B0001437,P00115,2023-10-21T02:59:00.000Z,153.56,BRL,sports,429.55,true,153.56,429.55,-275.99,2026-07-31T12:59:56.604Z
B0001438,P00118,2023-10-28T07:08:00.000Z,240.26,BRL,sports,0.00,true,240.26,0.0,240.26,2026-07-31T12:59:56.604Z
B0001439,P00118,2023-11-12T00:21:00.000Z,412.22,BRL,casino,0.00,true,412.22,0.0,412.22,2026-07-31T12:59:56.604Z
B0001440,P00118,2023-11-06T05:51:00.000Z,34.87,BRL,sports,61.36,true,34.87,61.36,-26.49,2026-07-31T12:59:56.604Z
B0001441,P00118,2023-10-08T02:49:00.000Z,220.11,BRL,sports,0.00,true,220.11,0.0,220.11,2026-07-31T12:59:56.604Z
B0001442,P00118,2023-11-17T07:02:00.000Z,164.45,BRL,casino,401.79,true,164.45,401.79,-237.34,2026-07-31T12:59:56.604Z
B0001443,P00118,2023-12-02T19:20:00.000Z,99.63,USD,casino,125.27,true,502.32,631.6,-129.28,2026-07-31T12:59:56.604Z
B0001444,P00118,2023-11-23T12:35:00.000Z,116.32,BRL,sports,0.00,true,116.32,0.0,116.32,2026-07-31T12:59:56.604Z
B0001445,P00118,2023-11-06T23:09:00.000Z,457.51,BRL,sports,977.35,true,457.51,977.35,-519.84,2026-07-31T12:59:56.604Z
B0001446,P00118,2023-11-24T01:23:00.000Z,857.54,BRL,sports,0.00,true,857.54,0.0,857.54,2026-07-31T12:59:56.604Z
B0001447,P00118,2023-10-12T12:48:00.000Z,20.32,BRL,sports,34.42,true,20.32,34.42,-14.1,2026-07-31T12:59:56.604Z
B0001448,P00118,2023-10-16T00:17:00.000Z,914.29,BRL,casino,0.00,true,914.29,0.0,914.29,2026-07-31T12:59:56.604Z
B0001449,P00118,2023-11-23T02:39:00.000Z,798.85,BRL,sports,0.00,true,798.85,0.0,798.85,2026-07-31T12:59:56.604Z
B0001450,P00118,2023-10-20T05:14:00.000Z,423.56,BRL,sports,0.00,true,423.56,0.0,423.56,2026-07-31T12:59:56.604Z
B0001451,P00118,2023-11-06T04:35:00.000Z,653.29,BRL,sports,0.00,true,653.29,0.0,653.29,2026-07-31T12:59:56.604Z
B0001452,P00118,2023-11-19T01:02:00.000Z,165.61,USD,sports,404.44,true,817.85,1997.3,-1179.45,2026-07-31T12:59:56.604Z
B0001453,P00118,2023-10-13T11:59:00.000Z,20.22,EUR,sports,0.00,true,108.08,0.0,108.08,2026-07-31T12:59:56.604Z
B0001454,P00118,2023-10-17T04:38:00.000Z,542.79,BRL,casino,1596.96,true,542.79,1596.96,-1054.17,2026-07-31T12:59:56.604Z
B0001455,P00118,2023-10-23T23:43:00.000Z,430.82,BRL,casino,0.00,true,430.82,0.0,430.82,2026-07-31T12:59:56.604Z
B0001456,P00118,2023-10-15T11:19:00.000Z,382.47,BRL,casino,467.47,true,382.47,467.47,-85.0,2026-07-31T12:59:56.604Z
B0001457,P00118,2023-10-23T11:05:00.000Z,41.15,EUR,sports,0.00,true,220.07,0.0,220.07,2026-07-31T12:59:56.604Z
B0001458,P00118,2023-11-12T01:19:00.000Z,124.32,USD,sports,0.00,true,620.09,0.0,620.09,2026-07-31T12:59:56.604Z
B0001459,P00118,2023-10-10T22:49:00.000Z,738.29,BRL,sports,0.00,true,738.29,0.0,738.29,2026-07-31T12:59:56.604Z
B0001460,P00118,2023-11-01T05:14:00.000Z,731.71,BRL,casino,1210.23,true,731.71,1210.23,-478.52,2026-07-31T12:59:56.604Z
B0001461,P00118,2023-11-10T10:07:00.000Z,439.86,BRL,sports,1489.52,true,439.86,1489.52,-1049.66,2026-07-31T12:59:56.604Z
B0001462,P00118,2023-11-12T16:00:00.000Z,413.17,BRL,sports,673.98,true,413.17,673.98,-260.81,2026-07-31T12:59:56.604Z
B0001463,P00118,2023-10-11T15:47:00.000Z,203.31,BRL,sports,0.00,true,203.31,0.0,203.31,2026-07-31T12:59:56.604Z
B0001464,P00118,2023-12-01T00:01:00.000Z,1.30,USD,casino,2.21,true,6.55,11.14,-4.59,2026-07-31T12:59:56.604Z
B0001465,P00118,2023-10-22T09:37:00.000Z,745.06,BRL,sports,0.00,true,745.06,0.0,745.06,2026-07-31T12:59:56.604Z
B0001466,P00118,2023-11-15T12:05:00.000Z,91.67,EUR,sports,0.00,true,478.87,0.0,478.87,2026-07-31T12:59:56.604Z
B0001467,P00118,2023-10-23T19:24:00.000Z,28.03,BRL,sports,0.00,true,28.03,0.0,28.03,2026-07-31T12:59:56.604Z
B0001468,P00118,2023-11-28T19:43:00.000Z,687.08,BRL,casino,1546.28,true,687.08,1546.28,-859.2,2026-07-31T12:59:56.604Z
B0001469,P00118,2023-11-23T05:34:00.000Z,49.51,BRL,sports,149.96,true,49.51,149.96,-100.45,2026-07-31T12:59:56.604Z
B0001470,P00118,2023-12-06T07:02:00.000Z,910.19,BRL,sports,3185.61,true,910.19,3185.61,-2275.42,2026-07-31T12:59:56.604Z
B0001471,P00118,2023-10-08T10:43:00.000Z,816.86,BRL,sports,0.00,true,816.86,0.0,816.86,2026-07-31T12:59:56.604Z
B0001472,P00118,2023-10-22T03:28:00.000Z,890.87,BRL,sports,0.00,true,890.87,0.0,890.87,2026-07-31T12:59:56.604Z
B0001473,P00118,2023-12-05T11:23:00.000Z,321.75,BRL,casino,0.00,true,321.75,0.0,321.75,2026-07-31T12:59:56.604Z
B0001474,P00118,2023-10-28T05:01:00.000Z,760.43,BRL,sports,0.00,true,760.43,0.0,760.43,2026-07-31T12:59:56.604Z
B0001475,P00118,2023-11-16T05:15:00.000Z,848.63,BRL,casino,1726.91,true,848.63,1726.91,-878.28,2026-07-31T12:59:56.604Z
B0001476,P00118,2023-11-02T12:18:00.000Z,449.25,BRL,casino,1132.98,true,449.25,1132.98,-683.73,2026-07-31T12:59:56.604Z
B0001477,P00118,2023-12-01T01:35:00.000Z,444.41,BRL,sports,0.00,true,444.41,0.0,444.41,2026-07-31T12:59:56.604Z
B0001478,P00118,2023-10-24T15:34:00.000Z,722.41,BRL,sports,0.00,true,722.41,0.0,722.41,2026-07-31T12:59:56.604Z
B0001479,P00118,2023-11-20T10:38:00.000Z,921.05,BRL,casino,0.00,true,921.05,0.0,921.05,2026-07-31T12:59:56.604Z
B0001480,P00118,2023-10-07T10:04:00.000Z,29.01,USD,casino,0.00,true,146.57,0.0,146.57,2026-07-31T12:59:56.604Z
B0001481,P00118,2023-10-23T18:22:00.000Z,905.31,BRL,sports,0.00,true,905.31,0.0,905.31,2026-07-31T12:59:56.604Z
B0001482,P00118,2023-11-02T00:18:00.000Z,951.28,BRL,sports,3320.17,true,951.28,3320.17,-2368.89,2026-07-31T12:59:56.604Z
B0001483,P00118,2023-10-17T01:44:00.000Z,992.53,BRL,casino,0.00,true,992.53,0.0,992.53,2026-07-31T12:59:56.604Z
B0001484,P00118,2023-10-13T13:50:00.000Z,688.19,BRL,casino,0.00,true,688.19,0.0,688.19,2026-07-31T12:59:56.604Z
B0001485,P00118,2023-10-29T07:56:00.000Z,290.43,BRL,sports,0.00,true,290.43,0.0,290.43,2026-07-31T12:59:56.604Z
B0001486,P00118,2023-10-10T00:05:00.000Z,177.03,BRL,sports,386.08,true,177.03,386.08,-209.05,2026-07-31T12:59:56.604Z
B0001487,P00118,2023-11-11T20:58:00.000Z,147.61,BRL,sports,207.60,true,147.61,207.6,-59.99,2026-07-31T12:59:56.604Z
B0001488,P00118,2023-10-19T21:27:00.000Z,131.52,BRL,sports,0.00,true,131.52,0.0,131.52,2026-07-31T12:59:56.604Z
B0001489,P00118,2023-10-29T06:31:00.000Z,656.59,BRL,casino,1591.84,true,656.59,1591.84,-935.25,2026-07-31T12:59:56.604Z
B0001490,P00118,2023-11-03T21:58:00.000Z,228.27,BRL,casino,0.00,true,228.27,0.0,228.27,2026-07-31T12:59:56.604Z
B0001491,P00118,2023-10-26T14:57:00.000Z,50.77,BRL,sports,0.00,true,50.77,0.0,50.77,2026-07-31T12:59:56.604Z
B0001492,P00118,2023-11-04T07:01:00.000Z,222.67,BRL,sports,0.00,true,222.67,0.0,222.67,2026-07-31T12:59:56.604Z
B0001493,P00118,2023-11-15T16:40:00.000Z,11.81,BRL,sports,0.00,true,11.81,0.0,11.81,2026-07-31T12:59:56.604Z
B0001494,P00118,2023-11-22T22:05:00.000Z,846.12,BRL,casino,1695.93,true,846.12,1695.93,-849.81,2026-07-31T12:59:56.604Z
B0001495,P00118,2023-11-02T15:52:00.000Z,167.37,BRL,casino,239.94,true,167.37,239.94,-72.57,2026-07-31T12:59:56.604Z
B0001496,P00118,2023-11-18T10:54:00.000Z,397.27,BRL,casino,0.00,true,397.27,0.0,397.27,2026-07-31T12:59:56.604Z
B0001497,P00118,2023-11-21T18:09:00.000Z,935.27,BRL,sports,0.00,true,935.27,0.0,935.27,2026-07-31T12:59:56.604Z
B0001498,P00118,2023-10-24T08:26:00.000Z,956.61,BRL,casino,0.00,true,956.61,0.0,956.61,2026-07-31T12:59:56.604Z
B0001499,P00118,2023-11-08T09:53:00.000Z,273.21,BRL,sports,0.00,true,273.21,0.0,273.21,2026-07-31T12:59:56.604Z
B0001500,P00118,2023-11-18T07:59:00.000Z,64.79,BRL,sports,79.99,true,64.79,79.99,-15.2,2026-07-31T12:59:56.604Z
B0001501,P00118,2023-11-27T04:09:00.000Z,503.10,BRL,sports,0.00,true,503.1,0.0,503.1,2026-07-31T12:59:56.604Z
B0001502,P00118,2023-10-22T16:56:00.000Z,275.52,BRL,casino,364.62,true,275.52,364.62,-89.1,2026-07-31T12:59:56.604Z
B0001503,P00118,2023-11-11T08:16:00.000Z,114.91,BRL,casino,346.85,true,114.91,346.85,-231.94,2026-07-31T12:59:56.604Z
B0001504,P00118,2023-10-17T14:17:00.000Z,576.96,BRL,casino,1979.41,true,576.96,1979.41,-1402.45,2026-07-31T12:59:56.604Z
B0001505,P00118,2023-11-17T10:12:00.000Z,767.58,BRL,sports,2175.01,true,767.58,2175.01,-1407.43,2026-07-31T12:59:56.604Z
B0001506,P00118,2023-11-09T03:14:00.000Z,7.51,BRL,casino,0.00,true,7.51,0.0,7.51,2026-07-31T12:59:56.604Z
B0001507,P00118,2023-11-19T10:11:00.000Z,291.06,BRL,sports,0.00,true,291.06,0.0,291.06,2026-07-31T12:59:56.604Z
B0001508,P00118,2023-11-09T07:16:00.000Z,588.75,BRL,sports,737.91,true,588.75,737.91,-149.16,2026-07-31T12:59:56.604Z
B0001509,P00118,2023-10-29T02:10:00.000Z,817.48,BRL,casino,0.00,true,817.48,0.0,817.48,2026-07-31T12:59:56.604Z
B0001510,P00118,2023-10-26T03:01:00.000Z,751.00,BRL,sports,2155.58,true,751.0,2155.58,-1404.58,2026-07-31T12:59:56.604Z
B0001511,P00118,2023-11-21T11:00:00.000Z,314.40,BRL,sports,0.00,true,314.4,0.0,314.4,2026-07-31T12:59:56.604Z
B0001512,P00118,2023-11-07T07:03:00.000Z,128.02,EUR,sports,0.00,true,680.85,0.0,680.85,2026-07-31T12:59:56.604Z
B0001513,P00118,2023-10-17T11:37:00.000Z,36.09,EUR,sports,0.00,true,193.71,0.0,193.71,2026-07-31T12:59:56.604Z
B0001514,P00118,2023-10-12T22:52:00.000Z,7.45,USD,sports,14.04,true,37.86,71.35,-33.49,2026-07-31T12:59:56.604Z
B0001515,P00118,2023-10-22T17:35:00.000Z,87.37,EUR,casino,270.15,true,465.26,1438.6,-973.34,2026-07-31T12:59:56.604Z
B0001516,P00118,2023-10-09T07:59:00.000Z,109.44,BRL,sports,0.00,true,109.44,0.0,109.44,2026-07-31T12:59:56.604Z
B0001517,P00118,2023-11-24T23:03:00.000Z,358.00,BRL,casino,0.00,true,358.0,0.0,358.0,2026-07-31T12:59:56.604Z
B0001518,P00118,2023-10-13T09:33:00.000Z,288.47,BRL,casino,0.00,true,288.47,0.0,288.47,2026-07-31T12:59:56.604Z
B0001519,P00118,2023-12-01T08:14:00.000Z,14.38,BRL,casino,24.07,true,14.38,24.07,-9.69,2026-07-31T12:59:56.604Z
B0001520,P00118,2023-11-09T02:33:00.000Z,123.78,BRL,casino,0.00,true,123.78,0.0,123.78,2026-07-31T12:59:56.604Z
B0001521,P00118,2023-11-09T13:03:00.000Z,474.32,BRL,sports,0.00,true,474.32,0.0,474.32,2026-07-31T12:59:56.604Z
B0001522,P00118,2023-11-05T01:39:00.000Z,22.05,USD,casino,61.47,true,110.27,307.41,-197.14,2026-07-31T12:59:56.604Z
B0001523,P00118,2023-11-29T20:37:00.000Z,894.29,BRL,casino,0.00,true,894.29,0.0,894.29,2026-07-31T12:59:56.604Z
B0001524,P00118,2023-10-23T09:53:00.000Z,776.02,BRL,sports,0.00,true,776.02,0.0,776.02,2026-07-31T12:59:56.604Z
B0001525,P00120,2024-01-27T02:18:00.000Z,110.51,BRL,sports,0.00,true,110.51,0.0,110.51,2026-07-31T12:59:56.604Z
B0001526,P00120,2024-01-27T00:10:00.000Z,468.19,BRL,casino,0.00,true,468.19,0.0,468.19,2026-07-31T12:59:56.604Z
B0001527,P00120,2024-01-27T02:52:00.000Z,769.19,BRL,sports,1622.30,true,769.19,1622.3,-853.11,2026-07-31T12:59:56.604Z
B0001528,P00120,2024-01-27T07:22:00.000Z,790.40,BRL,casino,2164.47,true,790.4,2164.47,-1374.07,2026-07-31T12:59:56.604Z
B0001529,P00120,2024-01-27T15:04:00.000Z,474.80,BRL,casino,1052.97,true,474.8,1052.97,-578.17,2026-07-31T12:59:56.604Z
B0001530,P00120,2024-01-27T06:47:00.000Z,850.46,BRL,sports,0.00,true,850.46,0.0,850.46,2026-07-31T12:59:56.604Z
B0001531,P00120,2024-01-27T21:52:00.000Z,737.12,BRL,sports,0.00,true,737.12,0.0,737.12,2026-07-31T12:59:56.604Z
B0001532,P00120,2024-01-27T23:52:00.000Z,185.62,USD,casino,378.14,true,899.34,1832.12,-932.78,2026-07-31T12:59:56.604Z
B0001533,P00120,2024-01-27T01:34:00.000Z,215.82,BRL,sports,0.00,true,215.82,0.0,215.82,2026-07-31T12:59:56.604Z
B0001534,P00120,2024-01-27T03:00:00.000Z,856.00,BRL,casino,0.00,true,856.0,0.0,856.0,2026-07-31T12:59:56.604Z
B0001535,P00120,2024-01-27T18:20:00.000Z,602.68,BRL,sports,0.00,true,602.68,0.0,602.68,2026-07-31T12:59:56.604Z
B0001536,P00120,2024-01-27T17:45:00.000Z,182.41,USD,casino,520.84,true,883.79,2523.51,-1639.72,2026-07-31T12:59:56.604Z
B0001537,P00120,2024-01-27T13:21:00.000Z,795.22,BRL,sports,2541.36,true,795.22,2541.36,-1746.14,2026-07-31T12:59:56.604Z
B0001538,P00120,2024-01-27T20:17:00.000Z,98.01,BRL,casino,302.50,true,98.01,302.5,-204.49,2026-07-31T12:59:56.604Z
B0001539,P00120,2024-01-27T19:37:00.000Z,993.66,BRL,casino,0.00,true,993.66,0.0,993.66,2026-07-31T12:59:56.604Z
B0001540,P00120,2024-01-27T21:07:00.000Z,250.55,BRL,sports,729.67,true,250.55,729.67,-479.12,2026-07-31T12:59:56.604Z
B0001541,P00120,2024-01-27T03:23:00.000Z,908.07,BRL,casino,1295.37,true,908.07,1295.37,-387.3,2026-07-31T12:59:56.604Z
B0001542,P00120,2024-01-27T00:42:00.000Z,263.30,BRL,casino,884.54,true,263.3,884.54,-621.24,2026-07-31T12:59:56.604Z
B0001543,P00120,2024-01-27T08:47:00.000Z,386.44,BRL,casino,1163.02,true,386.44,1163.02,-776.58,2026-07-31T12:59:56.604Z
B0001544,P00120,2024-01-27T08:01:00.000Z,465.26,BRL,casino,941.52,true,465.26,941.52,-476.26,2026-07-31T12:59:56.604Z
B0001545,P00120,2024-01-27T17:30:00.000Z,81.71,EUR,sports,249.43,true,429.07,1309.78,-880.71,2026-07-31T12:59:56.604Z
B0001546,P00120,2024-01-27T23:33:00.000Z,65.90,BRL,sports,127.29,true,65.9,127.29,-61.39,2026-07-31T12:59:56.604Z
B0001547,P00120,2024-01-27T19:45:00.000Z,300.02,BRL,casino,568.22,true,300.02,568.22,-268.2,2026-07-31T12:59:56.604Z
B0001548,P00120,2024-01-27T17:43:00.000Z,166.19,BRL,casino,298.64,true,166.19,298.64,-132.45,2026-07-31T12:59:56.604Z
B0001549,P00120,2024-01-27T04:02:00.000Z,190.01,BRL,casino,0.00,true,190.01,0.0,190.01,2026-07-31T12:59:56.604Z
B0001550,P00120,2024-01-27T15:09:00.000Z,140.43,BRL,casino,456.74,true,140.43,456.74,-316.31,2026-07-31T12:59:56.604Z
B0001551,P00120,2024-01-27T02:35:00.000Z,707.87,BRL,casino,0.00,true,707.87,0.0,707.87,2026-07-31T12:59:56.604Z
B0001552,P00120,2024-01-27T02:33:00.000Z,142.67,BRL,casino,0.00,true,142.67,0.0,142.67,2026-07-31T12:59:56.604Z
B0001553,P00120,2024-01-27T00:16:00.000Z,409.40,BRL,casino,0.00,true,409.4,0.0,409.4,2026-07-31T12:59:56.604Z
B0001554,P00120,2024-01-27T17:16:00.000Z,695.45,BRL,sports,0.00,true,695.45,0.0,695.45,2026-07-31T12:59:56.604Z
B0001555,P00120,2024-01-27T13:09:00.000Z,688.87,BRL,casino,0.00,true,688.87,0.0,688.87,2026-07-31T12:59:56.604Z
B0001556,P00120,2024-01-27T05:54:00.000Z,743.49,BRL,casino,0.00,true,743.49,0.0,743.49,2026-07-31T12:59:56.604Z
B0001557,P00120,2024-01-27T16:26:00.000Z,777.63,BRL,casino,2152.61,true,777.63,2152.61,-1374.98,2026-07-31T12:59:56.604Z
B0001558,P00120,2024-01-27T10:21:00.000Z,502.69,BRL,casino,0.00,true,502.69,0.0,502.69,2026-07-31T12:59:56.604Z
B0001559,P00120,2024-01-27T20:15:00.000Z,851.29,BRL,casino,0.00,true,851.29,0.0,851.29,2026-07-31T12:59:56.604Z
B0001560,P00120,2024-01-27T17:08:00.000Z,479.47,BRL,casino,0.00,true,479.47,0.0,479.47,2026-07-31T12:59:56.604Z
B0001561,P00120,2024-01-27T09:06:00.000Z,707.64,BRL,sports,1896.45,true,707.64,1896.45,-1188.81,2026-07-31T12:59:56.604Z
B0001562,P00120,2024-01-27T13:31:00.000Z,652.99,BRL,sports,0.00,true,652.99,0.0,652.99,2026-07-31T12:59:56.604Z
B0001563,P00120,2024-01-27T06:18:00.000Z,780.54,BRL,casino,2521.92,true,780.54,2521.92,-1741.38,2026-07-31T12:59:56.604Z
B0001564,P00120,2024-01-27T19:37:00.000Z,236.53,BRL,sports,795.21,true,236.53,795.21,-558.68,2026-07-31T12:59:56.604Z
B0001565,P00120,2024-01-27T17:36:00.000Z,807.44,BRL,sports,2637.52,true,807.44,2637.52,-1830.08,2026-07-31T12:59:56.604Z
B0001566,P00120,2024-01-27T10:04:00.000Z,891.03,BRL,sports,1883.90,true,891.03,1883.9,-992.87,2026-07-31T12:59:56.604Z
B0001567,P00120,2024-01-27T20:48:00.000Z,869.01,BRL,sports,0.00,true,869.01,0.0,869.01,2026-07-31T12:59:56.604Z
B0001568,P00120,2024-01-27T08:49:00.000Z,84.98,BRL,sports,0.00,true,84.98,0.0,84.98,2026-07-31T12:59:56.604Z
B0001569,P00120,2024-01-27T02:53:00.000Z,941.66,BRL,casino,1559.44,true,941.66,1559.44,-617.78,2026-07-31T12:59:56.604Z
B0001570,P00120,2024-01-27T19:55:00.000Z,283.26,BRL,casino,0.00,true,283.26,0.0,283.26,2026-07-31T12:59:56.604Z
B0001571,P00120,2024-01-27T11:34:00.000Z,783.61,BRL,sports,1375.89,true,783.61,1375.89,-592.28,2026-07-31T12:59:56.604Z
B0001572,P00120,2024-01-27T20:39:00.000Z,757.45,BRL,casino,1014.98,true,757.45,1014.98,-257.53,2026-07-31T12:59:56.604Z
B0001573,P00120,2024-01-27T01:44:00.000Z,222.89,BRL,sports,0.00,true,222.89,0.0,222.89,2026-07-31T12:59:56.604Z
B0001574,P00120,2024-01-27T19:14:00.000Z,861.87,BRL,casino,2169.29,true,861.87,2169.29,-1307.42,2026-07-31T12:59:56.604Z
B0001575,P00120,2024-01-27T00:53:00.000Z,773.54,BRL,casino,0.00,true,773.54,0.0,773.54,2026-07-31T12:59:56.604Z
B0001576,P00120,2024-01-27T09:10:00.000Z,647.65,BRL,casino,0.00,true,647.65,0.0,647.65,2026-07-31T12:59:56.604Z
B0001577,P00120,2024-01-27T12:01:00.000Z,590.17,BRL,casino,1724.78,true,590.17,1724.78,-1134.61,2026-07-31T12:59:56.604Z
B0001578,P00120,2024-01-27T17:23:00.000Z,548.40,BRL,casino,661.60,true,548.4,661.6,-113.2,2026-07-31T12:59:56.604Z
B0001579,P00120,2024-01-27T21:36:00.000Z,547.91,BRL,sports,0.00,true,547.91,0.0,547.91,2026-07-31T12:59:56.604Z
B0001580,P00120,2024-01-27T17:19:00.000Z,772.79,BRL,sports,0.00,true,772.79,0.0,772.79,2026-07-31T12:59:56.604Z
B0001581,P00120,2024-01-27T12:11:00.000Z,544.50,BRL,sports,0.00,true,544.5,0.0,544.5,2026-07-31T12:59:56.604Z
B0001582,P00120,2024-01-27T03:04:00.000Z,251.03,BRL,sports,854.01,true,251.03,854.01,-602.98,2026-07-31T12:59:56.604Z
B0001583,P00120,2024-01-27T06:03:00.000Z,906.34,BRL,sports,0.00,true,906.34,0.0,906.34,2026-07-31T12:59:56.604Z
B0001584,P00120,2024-01-27T15:02:00.000Z,287.26,BRL,sports,0.00,true,287.26,0.0,287.26,2026-07-31T12:59:56.604Z
B0001585,P00120,2024-01-27T04:50:00.000Z,814.09,BRL,sports,0.00,true,814.09,0.0,814.09,2026-07-31T12:59:56.604Z
B0001586,P00120,2024-01-27T04:15:00.000Z,249.38,BRL,casino,0.00,true,249.38,0.0,249.38,2026-07-31T12:59:56.604Z
B0001587,P00120,2024-01-27T00:36:00.000Z,136.60,BRL,sports,0.00,true,136.6,0.0,136.6,2026-07-31T12:59:56.604Z
B0001588,P00120,2024-01-27T00:49:00.000Z,150.78,USD,casino,486.01,true,730.54,2354.76,-1624.22,2026-07-31T12:59:56.604Z
B0001589,P00120,2024-01-27T01:03:00.000Z,875.19,BRL,sports,0.00,true,875.19,0.0,875.19,2026-07-31T12:59:56.604Z
B0001590,P00120,2024-01-27T05:23:00.000Z,498.93,BRL,casino,1150.82,true,498.93,1150.82,-651.89,2026-07-31T12:59:56.604Z
B0001591,P00120,2024-01-27T20:41:00.000Z,387.01,BRL,sports,0.00,true,387.01,0.0,387.01,2026-07-31T12:59:56.604Z
B0001592,P00120,2024-01-27T01:08:00.000Z,345.19,BRL,sports,0.00,true,345.19,0.0,345.19,2026-07-31T12:59:56.604Z
B0001593,P00120,2024-01-27T16:08:00.000Z,704.48,BRL,casino,1448.74,true,704.48,1448.74,-744.26,2026-07-31T12:59:56.604Z
B0001594,P00120,2024-01-27T13:25:00.000Z,155.39,BRL,casino,0.00,true,155.39,0.0,155.39,2026-07-31T12:59:56.604Z
B0001595,P00120,2024-01-27T08:28:00.000Z,702.71,BRL,sports,0.00,true,702.71,0.0,702.71,2026-07-31T12:59:56.604Z
B0001596,P00120,2024-01-27T11:17:00.000Z,28.55,EUR,casino,0.00,true,149.92,0.0,149.92,2026-07-31T12:59:56.604Z
B0001597,P00121,2023-11-16T20:22:00.000Z,706.62,BRL,sports,1971.11,true,706.62,1971.11,-1264.49,2026-07-31T12:59:56.604Z
B0001598,P00121,2023-11-18T01:15:00.000Z,721.20,BRL,sports,1830.65,true,721.2,1830.65,-1109.45,2026-07-31T12:59:56.604Z
B0001599,P00121,2023-11-24T14:16:00.000Z,487.69,BRL,casino,0.00,true,487.69,0.0,487.69,2026-07-31T12:59:56.604Z
B0001600,P00122,2024-03-12T10:15:00.000Z,255.07,BRL,casino,875.58,true,255.07,875.58,-620.51,2026-07-31T12:59:56.604Z
B0001601,P00122,2024-03-21T18:37:00.000Z,324.73,BRL,sports,0.00,true,324.73,0.0,324.73,2026-07-31T12:59:56.604Z
B0001602,P00122,2024-03-24T09:02:00.000Z,12.39,BRL,casino,0.00,true,12.39,0.0,12.39,2026-07-31T12:59:56.604Z
B0001603,P00123,2023-11-25T02:37:00.000Z,202.28,BRL,casino,351.83,true,202.28,351.83,-149.55,2026-07-31T12:59:56.604Z
B0001604,P00123,2023-11-23T11:18:00.000Z,165.04,EUR,casino,375.42,true,867.38,1973.06,-1105.68,2026-07-31T12:59:56.604Z
B0001605,P00123,2023-11-18T18:47:00.000Z,59.04,EUR,sports,0.00,true,308.77,0.0,308.77,2026-07-31T12:59:56.604Z
B0001606,P00123,2023-11-11T01:50:00.000Z,324.04,BRL,sports,980.41,true,324.04,980.41,-656.37,2026-07-31T12:59:56.604Z
B0001607,P00123,2023-11-02T14:49:00.000Z,269.79,BRL,sports,0.00,true,269.79,0.0,269.79,2026-07-31T12:59:56.604Z
B0001608,P00123,2023-11-24T20:47:00.000Z,220.62,BRL,casino,0.00,true,220.62,0.0,220.62,2026-07-31T12:59:56.604Z
B0001609,P00123,2023-11-06T02:55:00.000Z,394.83,BRL,casino,0.00,true,394.83,0.0,394.83,2026-07-31T12:59:56.604Z
B0001610,P00123,2023-11-01T22:25:00.000Z,535.62,BRL,sports,1623.13,true,535.62,1623.13,-1087.51,2026-07-31T12:59:56.604Z
B0001611,P00123,2023-11-20T20:41:00.000Z,554.71,BRL,sports,1635.90,true,554.71,1635.9,-1081.19,2026-07-31T12:59:56.604Z
B0001612,P00125,2023-12-28T12:50:00.000Z,277.16,BRL,sports,698.11,true,277.16,698.11,-420.95,2026-07-31T12:59:56.604Z
B0001613,P00125,2024-01-05T07:16:00.000Z,832.32,BRL,casino,1256.03,true,832.32,1256.03,-423.71,2026-07-31T12:59:56.604Z
B0001614,P00125,2023-12-24T19:41:00.000Z,364.50,BRL,sports,493.36,true,364.5,493.36,-128.86,2026-07-31T12:59:56.604Z
B0001615,P00125,2023-12-23T12:15:00.000Z,616.45,BRL,casino,1817.66,true,616.45,1817.66,-1201.21,2026-07-31T12:59:56.604Z
B0001616,P00125,2023-12-29T01:37:00.000Z,181.75,BRL,sports,567.72,true,181.75,567.72,-385.97,2026-07-31T12:59:56.604Z
B0001617,P00125,2024-01-04T11:29:00.000Z,696.35,BRL,casino,869.68,true,696.35,869.68,-173.33,2026-07-31T12:59:56.604Z
B0001618,P00125,2023-12-24T08:53:00.000Z,284.58,BRL,sports,789.91,true,284.58,789.91,-505.33,2026-07-31T12:59:56.604Z
B0001619,P00125,2024-01-07T11:22:00.000Z,870.96,BRL,sports,1482.63,true,870.96,1482.63,-611.67,2026-07-31T12:59:56.604Z
B0001620,P00125,2023-12-23T01:52:00.000Z,232.13,BRL,casino,423.44,true,232.13,423.44,-191.31,2026-07-31T12:59:56.604Z
B0001621,P00125,2023-12-27T02:26:00.000Z,674.93,BRL,sports,2156.33,true,674.93,2156.33,-1481.4,2026-07-31T12:59:56.604Z
B0001622,P00125,2023-12-23T23:19:00.000Z,793.60,BRL,sports,2252.93,true,793.6,2252.93,-1459.33,2026-07-31T12:59:56.604Z
B0001623,P00125,2023-12-29T01:47:00.000Z,392.14,BRL,sports,1207.55,true,392.14,1207.55,-815.41,2026-07-31T12:59:56.604Z
B0001624,P00125,2024-01-06T10:30:00.000Z,472.52,BRL,casino,0.00,true,472.52,0.0,472.52,2026-07-31T12:59:56.604Z
B0001625,P00125,2023-12-24T13:11:00.000Z,694.08,BRL,sports,0.00,true,694.08,0.0,694.08,2026-07-31T12:59:56.604Z
B0001626,P00125,2023-12-31T20:06:00.000Z,809.81,BRL,casino,0.00,true,809.81,0.0,809.81,2026-07-31T12:59:56.604Z
B0001627,P00128,2023-09-08T20:18:00.000Z,33.85,EUR,sports,54.85,true,180.08,291.8,-111.72,2026-07-31T12:59:56.604Z
B0001628,P00128,2023-09-06T02:22:00.000Z,135.24,EUR,casino,316.64,true,718.9,1683.16,-964.26,2026-07-31T12:59:56.604Z
B0001629,P00128,2023-09-04T12:00:00.000Z,88.17,EUR,sports,157.62,true,465.79,832.69,-366.9,2026-07-31T12:59:56.604Z
B0001630,P00128,2023-09-04T19:08:00.000Z,135.45,EUR,casino,232.76,true,715.57,1229.65,-514.08,2026-07-31T12:59:56.604Z
B0001631,P00128,2023-09-07T02:27:00.000Z,49.87,EUR,casino,0.00,true,266.12,0.0,266.12,2026-07-31T12:59:56.604Z
B0001632,P00128,2023-08-31T10:21:00.000Z,171.39,EUR,casino,339.26,true,912.27,1805.81,-893.54,2026-07-31T12:59:56.604Z
B0001633,P00128,2023-09-06T03:49:00.000Z,47.62,EUR,sports,136.67,true,253.13,726.5,-473.37,2026-07-31T12:59:56.604Z
B0001634,P00128,2023-08-30T03:27:00.000Z,39.35,EUR,sports,0.00,true,209.11,0.0,209.11,2026-07-31T12:59:56.604Z
B0001635,P00128,2023-09-03T03:32:00.000Z,113.67,EUR,casino,160.94,true,602.8,853.48,-250.68,2026-07-31T12:59:56.604Z
B0001636,P00129,2024-02-16T09:41:00.000Z,69.94,EUR,casino,171.15,true,367.55,899.43,-531.88,2026-07-31T12:59:56.604Z
B0001637,P00129,2024-02-29T15:24:00.000Z,73.05,EUR,sports,0.00,true,386.06,0.0,386.06,2026-07-31T12:59:56.604Z
B0001638,P00129,2024-02-28T00:42:00.000Z,141.79,EUR,casino,0.00,true,746.95,0.0,746.95,2026-07-31T12:59:56.604Z
B0001639,P00129,2024-03-18T12:03:00.000Z,163.48,USD,sports,0.00,true,792.99,0.0,792.99,2026-07-31T12:59:56.604Z
B0001640,P00129,2024-03-02T01:49:00.000Z,122.07,EUR,casino,0.00,true,644.43,0.0,644.43,2026-07-31T12:59:56.604Z
B0001641,P00129,2024-02-24T07:18:00.000Z,130.31,USD,sports,0.00,true,636.66,0.0,636.66,2026-07-31T12:59:56.604Z
B0001642,P00130,2024-01-02T15:28:00.000Z,431.26,BRL,casino,553.72,true,431.26,553.72,-122.46,2026-07-31T12:59:56.604Z
B0001643,P00130,2024-01-04T08:13:00.000Z,249.42,BRL,sports,576.41,true,249.42,576.41,-326.99,2026-07-31T12:59:56.604Z
B0001644,P00130,2024-01-01T11:08:00.000Z,792.50,BRL,sports,0.00,true,792.5,0.0,792.5,2026-07-31T12:59:56.604Z
B0001645,P00130,2023-12-04T12:17:00.000Z,888.41,BRL,sports,0.00,true,888.41,0.0,888.41,2026-07-31T12:59:56.604Z
B0001646,P00130,2023-11-13T08:13:00.000Z,454.86,BRL,casino,0.00,true,454.86,0.0,454.86,2026-07-31T12:59:56.604Z
B0001647,P00130,2023-11-16T02:43:00.000Z,752.67,BRL,sports,0.00,true,752.67,0.0,752.67,2026-07-31T12:59:56.604Z
B0001648,P00130,2024-01-15T09:25:00.000Z,869.12,BRL,sports,0.00,true,869.12,0.0,869.12,2026-07-31T12:59:56.604Z
B0001649,P00130,2023-12-21T19:40:00.000Z,639.49,BRL,casino,0.00,true,639.49,0.0,639.49,2026-07-31T12:59:56.604Z
B0001650,P00130,2023-11-28T12:48:00.000Z,696.00,BRL,sports,1872.38,true,696.0,1872.38,-1176.38,2026-07-31T12:59:56.604Z
B0001651,P00130,2024-01-19T02:53:00.000Z,684.38,BRL,sports,1462.12,true,684.38,1462.12,-777.74,2026-07-31T12:59:56.604Z
B0001652,P00130,2023-11-19T15:56:00.000Z,167.04,BRL,sports,0.00,true,167.04,0.0,167.04,2026-07-31T12:59:56.604Z
B0001653,P00130,2024-01-10T17:32:00.000Z,810.54,BRL,sports,0.00,true,810.54,0.0,810.54,2026-07-31T12:59:56.604Z
B0001654,P00130,2024-01-18T08:20:00.000Z,493.09,BRL,sports,0.00,true,493.09,0.0,493.09,2026-07-31T12:59:56.604Z
B0001655,P00130,2023-12-10T00:27:00.000Z,460.25,BRL,casino,0.00,true,460.25,0.0,460.25,2026-07-31T12:59:56.604Z
B0001656,P00130,2023-12-14T15:34:00.000Z,589.38,BRL,sports,986.84,true,589.38,986.84,-397.46,2026-07-31T12:59:56.604Z
B0001657,P00130,2023-11-22T14:44:00.000Z,241.22,BRL,sports,670.66,true,241.22,670.66,-429.44,2026-07-31T12:59:56.604Z
B0001658,P00130,2023-11-25T08:01:00.000Z,776.21,BRL,casino,0.00,true,776.21,0.0,776.21,2026-07-31T12:59:56.604Z
B0001659,P00130,2023-12-03T03:38:00.000Z,164.09,USD,sports,197.66,true,827.32,996.58,-169.26,2026-07-31T12:59:56.604Z
B0001660,P00130,2023-12-15T04:50:00.000Z,912.90,BRL,sports,0.00,true,912.9,0.0,912.9,2026-07-31T12:59:56.604Z
B0001661,P00130,2023-11-17T19:04:00.000Z,783.90,BRL,casino,0.00,true,783.9,0.0,783.9,2026-07-31T12:59:56.604Z
B0001662,P00130,2024-01-18T07:24:00.000Z,100.90,USD,casino,0.00,true,492.63,0.0,492.63,2026-07-31T12:59:56.604Z
B0001663,P00130,2023-12-09T12:48:00.000Z,347.02,BRL,sports,0.00,true,347.02,0.0,347.02,2026-07-31T12:59:56.604Z
B0001664,P00130,2023-11-24T12:46:00.000Z,851.66,BRL,sports,0.00,true,851.66,0.0,851.66,2026-07-31T12:59:56.604Z
B0001665,P00130,2024-01-15T09:59:00.000Z,203.71,BRL,sports,266.18,true,203.71,266.18,-62.47,2026-07-31T12:59:56.604Z
B0001666,P00131,2024-02-16T13:02:00.000Z,449.04,BRL,sports,570.96,true,449.04,570.96,-121.92,2026-07-31T12:59:56.604Z
B0001667,P00131,2024-02-05T11:41:00.000Z,154.47,BRL,casino,521.41,true,154.47,521.41,-366.94,2026-07-31T12:59:56.604Z
B0001668,P00131,2024-02-29T00:54:00.000Z,528.94,BRL,sports,0.00,true,528.94,0.0,528.94,2026-07-31T12:59:56.604Z
B0001669,P00131,2024-02-05T22:11:00.000Z,115.80,EUR,casino,0.00,true,605.63,0.0,605.63,2026-07-31T12:59:56.604Z
B0001670,P00131,2024-02-16T08:37:00.000Z,79.89,BRL,sports,0.00,true,79.89,0.0,79.89,2026-07-31T12:59:56.604Z
B0001671,P00131,2024-02-22T02:30:00.000Z,894.87,BRL,casino,0.00,true,894.87,0.0,894.87,2026-07-31T12:59:56.604Z
B0001672,P00131,2024-02-01T13:29:00.000Z,6.76,EUR,sports,8.37,true,35.61,44.09,-8.48,2026-07-31T12:59:56.604Z
B0001673,P00131,2024-02-16T02:57:00.000Z,179.35,BRL,casino,0.00,true,179.35,0.0,179.35,2026-07-31T12:59:56.604Z
B0001674,P00131,2024-01-24T13:11:00.000Z,329.43,BRL,casino,0.00,true,329.43,0.0,329.43,2026-07-31T12:59:56.604Z
B0001675,P00132,2023-10-31T01:00:00.000Z,153.26,EUR,casino,0.00,true,815.77,0.0,815.77,2026-07-31T12:59:56.604Z
B0001676,P00132,2023-11-18T02:38:00.000Z,25.81,EUR,sports,83.03,true,134.98,434.23,-299.25,2026-07-31T12:59:56.604Z
B0001677,P00132,2023-11-08T03:11:00.000Z,957.04,BRL,casino,0.00,true,957.04,0.0,957.04,2026-07-31T12:59:56.604Z
B0001678,P00132,2023-11-06T00:39:00.000Z,144.19,EUR,casino,0.00,true,762.56,0.0,762.56,2026-07-31T12:59:56.604Z
B0001679,P00132,2023-11-17T04:24:00.000Z,1.13,EUR,casino,0.00,true,5.91,0.0,5.91,2026-07-31T12:59:56.604Z
B0001680,P00132,2023-09-12T03:48:00.000Z,156.10,EUR,casino,313.67,true,826.02,1659.82,-833.8,2026-07-31T12:59:56.604Z
B0001681,P00133,2024-03-15T18:49:00.000Z,701.41,BRL,casino,0.00,true,701.41,0.0,701.41,2026-07-31T12:59:56.604Z
B0001682,P00133,2024-03-20T04:56:00.000Z,874.34,BRL,sports,0.00,true,874.34,0.0,874.34,2026-07-31T12:59:56.604Z
B0001683,P00133,2024-03-02T10:33:00.000Z,718.27,BRL,casino,0.00,true,718.27,0.0,718.27,2026-07-31T12:59:56.604Z
B0001684,P00133,2024-03-07T01:27:00.000Z,403.07,BRL,sports,666.86,true,403.07,666.86,-263.79,2026-07-31T12:59:56.604Z
B0001685,P00133,2024-03-11T23:26:00.000Z,466.27,BRL,casino,0.00,true,466.27,0.0,466.27,2026-07-31T12:59:56.604Z
B0001686,P00133,2024-03-17T09:58:00.000Z,116.71,USD,sports,0.00,true,565.39,0.0,565.39,2026-07-31T12:59:56.604Z
B0001687,P00134,2023-08-30T02:26:00.000Z,190.07,BRL,sports,0.00,true,190.07,0.0,190.07,2026-07-31T12:59:56.604Z
B0001688,P00134,2023-08-20T22:36:00.000Z,401.16,BRL,casino,0.00,true,401.16,0.0,401.16,2026-07-31T12:59:56.604Z
B0001689,P00134,2023-10-02T12:56:00.000Z,348.03,BRL,sports,0.00,true,348.03,0.0,348.03,2026-07-31T12:59:56.604Z
B0001690,P00135,2024-01-29T11:30:00.000Z,735.35,BRL,casino,1424.68,true,735.35,1424.68,-689.33,2026-07-31T12:59:56.604Z
B0001691,P00135,2024-01-26T02:58:00.000Z,711.56,BRL,casino,0.00,true,711.56,0.0,711.56,2026-07-31T12:59:56.604Z
B0001692,P00135,2023-12-22T00:55:00.000Z,250.82,BRL,casino,0.00,true,250.82,0.0,250.82,2026-07-31T12:59:56.604Z
B0001693,P00135,2024-01-29T02:48:00.000Z,100.17,BRL,sports,241.82,true,100.17,241.82,-141.65,2026-07-31T12:59:56.604Z
B0001694,P00135,2023-12-31T04:03:00.000Z,405.44,BRL,casino,1322.81,true,405.44,1322.81,-917.37,2026-07-31T12:59:56.604Z
B0001695,P00135,2024-01-16T22:19:00.000Z,127.04,EUR,sports,0.00,true,666.3,0.0,666.3,2026-07-31T12:59:56.604Z
B0001696,P00135,2023-12-24T02:07:00.000Z,732.43,BRL,sports,0.00,true,732.43,0.0,732.43,2026-07-31T12:59:56.604Z
B0001697,P00135,2024-01-04T19:30:00.000Z,577.04,BRL,sports,1888.42,true,577.04,1888.42,-1311.38,2026-07-31T12:59:56.604Z
B0001698,P00135,2023-12-24T19:24:00.000Z,542.45,BRL,casino,0.00,true,542.45,0.0,542.45,2026-07-31T12:59:56.604Z
B0001699,P00135,2024-01-01T04:00:00.000Z,668.79,BRL,casino,0.00,true,668.79,0.0,668.79,2026-07-31T12:59:56.604Z
B0001700,P00135,2024-01-30T05:14:00.000Z,650.72,BRL,sports,1054.23,true,650.72,1054.23,-403.51,2026-07-31T12:59:56.604Z
B0001701,P00135,2024-01-27T01:16:00.000Z,993.36,BRL,casino,3345.18,true,993.36,3345.18,-2351.82,2026-07-31T12:59:56.604Z
B0001702,P00135,2023-12-30T17:58:00.000Z,570.54,BRL,sports,0.00,true,570.54,0.0,570.54,2026-07-31T12:59:56.604Z
B0001703,P00135,2024-02-01T20:05:00.000Z,373.17,BRL,casino,0.00,true,373.17,0.0,373.17,2026-07-31T12:59:56.604Z
B0001704,P00135,2024-02-02T07:59:00.000Z,629.81,BRL,casino,1647.63,true,629.81,1647.63,-1017.82,2026-07-31T12:59:56.604Z
B0001705,P00135,2024-01-27T14:46:00.000Z,482.89,BRL,casino,0.00,true,482.89,0.0,482.89,2026-07-31T12:59:56.604Z
B0001706,P00135,2023-12-22T16:20:00.000Z,796.43,BRL,sports,1427.64,true,796.43,1427.64,-631.21,2026-07-31T12:59:56.604Z
B0001707,P00135,2023-12-26T19:06:00.000Z,484.75,BRL,sports,0.00,true,484.75,0.0,484.75,2026-07-31T12:59:56.604Z
B0001708,P00135,2023-12-25T01:22:00.000Z,498.39,BRL,sports,0.00,true,498.39,0.0,498.39,2026-07-31T12:59:56.604Z
B0001709,P00135,2024-01-05T02:02:00.000Z,758.78,BRL,sports,0.00,true,758.78,0.0,758.78,2026-07-31T12:59:56.604Z
B0001710,P00135,2024-02-04T13:04:00.000Z,623.90,BRL,sports,0.00,true,623.9,0.0,623.9,2026-07-31T12:59:56.604Z
B0001711,P00135,2024-01-24T02:18:00.000Z,213.92,BRL,casino,403.46,true,213.92,403.46,-189.54,2026-07-31T12:59:56.604Z
B0001712,P00135,2024-01-08T17:31:00.000Z,290.18,BRL,casino,0.00,true,290.18,0.0,290.18,2026-07-31T12:59:56.604Z
B0001713,P00135,2023-12-23T03:04:00.000Z,958.98,BRL,sports,1434.58,true,958.98,1434.58,-475.6,2026-07-31T12:59:56.604Z
B0001714,P00135,2024-02-04T00:30:00.000Z,416.47,BRL,sports,1224.93,true,416.47,1224.93,-808.46,2026-07-31T12:59:56.604Z
B0001715,P00135,2024-02-04T03:42:00.000Z,782.34,BRL,sports,1808.49,true,782.34,1808.49,-1026.15,2026-07-31T12:59:56.604Z
B0001716,P00135,2024-01-25T03:38:00.000Z,83.06,BRL,sports,136.46,true,83.06,136.46,-53.4,2026-07-31T12:59:56.604Z
B0001717,P00135,2024-01-26T01:47:00.000Z,511.34,BRL,sports,1254.11,true,511.34,1254.11,-742.77,2026-07-31T12:59:56.604Z
B0001718,P00135,2024-01-11T07:23:00.000Z,454.63,BRL,sports,1382.88,true,454.63,1382.88,-928.25,2026-07-31T12:59:56.604Z
B0001719,P00135,2024-01-29T09:03:00.000Z,922.22,BRL,casino,2150.03,true,922.22,2150.03,-1227.81,2026-07-31T12:59:56.604Z
B0001720,P00135,2023-12-22T16:20:00.000Z,892.80,BRL,casino,0.00,true,892.8,0.0,892.8,2026-07-31T12:59:56.604Z
B0001721,P00135,2023-12-29T03:59:00.000Z,984.79,BRL,sports,0.00,true,984.79,0.0,984.79,2026-07-31T12:59:56.604Z
B0001722,P00135,2024-01-02T17:49:00.000Z,5.20,EUR,sports,10.82,true,27.37,56.95,-29.58,2026-07-31T12:59:56.604Z
B0001723,P00135,2024-01-06T07:17:00.000Z,915.76,BRL,sports,0.00,true,915.76,0.0,915.76,2026-07-31T12:59:56.604Z
B0001724,P00135,2024-02-02T13:21:00.000Z,542.78,BRL,sports,1052.94,true,542.78,1052.94,-510.16,2026-07-31T12:59:56.604Z
B0001725,P00135,2024-01-15T20:46:00.000Z,440.14,BRL,sports,0.00,true,440.14,0.0,440.14,2026-07-31T12:59:56.604Z
B0001726,P00135,2024-01-12T23:19:00.000Z,136.49,BRL,casino,223.39,true,136.49,223.39,-86.9,2026-07-31T12:59:56.604Z
B0001727,P00135,2023-12-23T08:02:00.000Z,509.69,BRL,casino,1512.67,true,509.69,1512.67,-1002.98,2026-07-31T12:59:56.604Z
B0001728,P00135,2023-12-24T01:44:00.000Z,45.82,BRL,sports,0.00,true,45.82,0.0,45.82,2026-07-31T12:59:56.604Z
B0001729,P00135,2024-01-25T23:55:00.000Z,823.21,BRL,sports,0.00,true,823.21,0.0,823.21,2026-07-31T12:59:56.604Z
B0001730,P00135,2023-12-27T01:21:00.000Z,149.97,EUR,casino,314.42,true,800.19,1677.65,-877.46,2026-07-31T12:59:56.604Z
B0001731,P00135,2024-01-26T02:07:00.000Z,51.81,BRL,sports,109.76,true,51.81,109.76,-57.95,2026-07-31T12:59:56.604Z
B0001732,P00135,2024-01-29T18:43:00.000Z,37.19,BRL,sports,0.00,true,37.19,0.0,37.19,2026-07-31T12:59:56.604Z
B0001733,P00135,2023-12-31T00:30:00.000Z,602.62,BRL,casino,0.00,true,602.62,0.0,602.62,2026-07-31T12:59:56.604Z
B0001734,P00135,2024-01-14T22:03:00.000Z,299.78,BRL,sports,0.00,true,299.78,0.0,299.78,2026-07-31T12:59:56.604Z
B0001735,P00135,2024-01-31T04:47:00.000Z,84.53,BRL,sports,0.00,true,84.53,0.0,84.53,2026-07-31T12:59:56.604Z
B0001736,P00135,2024-01-30T08:50:00.000Z,730.55,BRL,casino,0.00,true,730.55,0.0,730.55,2026-07-31T12:59:56.604Z
B0001737,P00135,2024-01-15T15:36:00.000Z,136.61,BRL,casino,241.92,true,136.61,241.92,-105.31,2026-07-31T12:59:56.604Z
B0001738,P00135,2023-12-22T16:19:00.000Z,976.34,BRL,sports,2034.74,true,976.34,2034.74,-1058.4,2026-07-31T12:59:56.604Z
B0001739,P00135,2023-12-30T00:58:00.000Z,813.89,BRL,casino,0.00,true,813.89,0.0,813.89,2026-07-31T12:59:56.604Z
B0001740,P00135,2024-01-24T07:02:00.000Z,333.99,BRL,casino,0.00,true,333.99,0.0,333.99,2026-07-31T12:59:56.604Z
B0001741,P00135,2024-01-16T11:41:00.000Z,830.09,BRL,sports,1242.90,true,830.09,1242.9,-412.81,2026-07-31T12:59:56.604Z
B0001742,P00135,2024-02-01T01:55:00.000Z,269.65,BRL,sports,661.60,true,269.65,661.6,-391.95,2026-07-31T12:59:56.604Z
B0001743,P00135,2024-01-28T14:09:00.000Z,988.49,BRL,casino,2870.37,true,988.49,2870.37,-1881.88,2026-07-31T12:59:56.604Z
B0001744,P00135,2023-12-30T17:29:00.000Z,68.45,USD,casino,0.00,true,341.05,0.0,341.05,2026-07-31T12:59:56.604Z
B0001745,P00135,2024-01-27T14:11:00.000Z,599.47,BRL,casino,873.94,true,599.47,873.94,-274.47,2026-07-31T12:59:56.604Z
B0001746,P00135,2023-12-24T09:58:00.000Z,93.82,EUR,casino,298.82,true,499.66,1591.43,-1091.77,2026-07-31T12:59:56.604Z
B0001747,P00135,2024-01-09T22:02:00.000Z,261.50,BRL,casino,692.81,true,261.5,692.81,-431.31,2026-07-31T12:59:56.604Z
B0001748,P00135,2024-01-09T05:32:00.000Z,962.83,BRL,sports,1787.22,true,962.83,1787.22,-824.39,2026-07-31T12:59:56.604Z
B0001749,P00135,2023-12-29T07:40:00.000Z,632.47,BRL,casino,1556.16,true,632.47,1556.16,-923.69,2026-07-31T12:59:56.604Z
B0001750,P00135,2024-01-24T17:25:00.000Z,886.88,BRL,casino,0.00,true,886.88,0.0,886.88,2026-07-31T12:59:56.604Z
B0001751,P00135,2024-01-01T02:31:00.000Z,599.13,BRL,casino,0.00,true,599.13,0.0,599.13,2026-07-31T12:59:56.604Z
B0001752,P00135,2023-12-25T07:51:00.000Z,410.36,BRL,casino,1407.48,true,410.36,1407.48,-997.12,2026-07-31T12:59:56.604Z
B0001753,P00135,2023-12-30T20:09:00.000Z,425.94,BRL,casino,801.43,true,425.94,801.43,-375.49,2026-07-31T12:59:56.604Z
B0001754,P00135,2024-01-16T06:23:00.000Z,356.55,BRL,sports,0.00,true,356.55,0.0,356.55,2026-07-31T12:59:56.604Z
B0001755,P00135,2023-12-26T15:40:00.000Z,203.05,BRL,sports,449.72,true,203.05,449.72,-246.67,2026-07-31T12:59:56.604Z
B0001756,P00135,2024-01-18T08:03:00.000Z,98.42,BRL,casino,196.62,true,98.42,196.62,-98.2,2026-07-31T12:59:56.604Z
B0001757,P00135,2023-12-30T05:36:00.000Z,305.71,BRL,casino,782.21,true,305.71,782.21,-476.5,2026-07-31T12:59:56.604Z
B0001758,P00135,2023-12-25T06:06:00.000Z,968.79,BRL,casino,0.00,true,968.79,0.0,968.79,2026-07-31T12:59:56.604Z
B0001759,P00135,2024-02-04T05:29:00.000Z,918.31,BRL,sports,0.00,true,918.31,0.0,918.31,2026-07-31T12:59:56.604Z
B0001760,P00135,2024-01-27T11:36:00.000Z,84.55,BRL,casino,0.00,true,84.55,0.0,84.55,2026-07-31T12:59:56.604Z
B0001761,P00135,2024-01-18T07:13:00.000Z,937.05,BRL,casino,0.00,true,937.05,0.0,937.05,2026-07-31T12:59:56.604Z
B0001762,P00135,2024-01-12T16:31:00.000Z,127.44,BRL,casino,411.19,true,127.44,411.19,-283.75,2026-07-31T12:59:56.604Z
B0001763,P00135,2024-01-31T00:43:00.000Z,462.71,BRL,casino,0.00,true,462.71,0.0,462.71,2026-07-31T12:59:56.604Z
B0001764,P00135,2023-12-25T15:54:00.000Z,970.72,BRL,casino,0.00,true,970.72,0.0,970.72,2026-07-31T12:59:56.604Z
B0001765,P00135,2023-12-27T12:10:00.000Z,248.14,BRL,sports,664.39,true,248.14,664.39,-416.25,2026-07-31T12:59:56.604Z
B0001766,P00135,2024-01-29T01:45:00.000Z,491.42,BRL,casino,1550.78,true,491.42,1550.78,-1059.36,2026-07-31T12:59:56.604Z
B0001767,P00135,2024-01-04T20:18:00.000Z,137.60,BRL,casino,0.00,true,137.6,0.0,137.6,2026-07-31T12:59:56.604Z
B0001768,P00135,2023-12-24T02:25:00.000Z,562.87,BRL,casino,986.24,true,562.87,986.24,-423.37,2026-07-31T12:59:56.604Z
B0001769,P00135,2024-01-15T09:15:00.000Z,595.77,BRL,sports,941.48,true,595.77,941.48,-345.71,2026-07-31T12:59:56.604Z
B0001770,P00135,2024-01-05T00:15:00.000Z,868.13,BRL,sports,0.00,true,868.13,0.0,868.13,2026-07-31T12:59:56.604Z
B0001771,P00135,2023-12-23T00:39:00.000Z,255.11,BRL,sports,0.00,true,255.11,0.0,255.11,2026-07-31T12:59:56.604Z
B0001772,P00135,2024-01-05T22:31:00.000Z,179.31,BRL,sports,272.21,true,179.31,272.21,-92.9,2026-07-31T12:59:56.604Z
B0001773,P00135,2024-01-29T18:30:00.000Z,153.60,BRL,casino,0.00,true,153.6,0.0,153.6,2026-07-31T12:59:56.604Z
B0001774,P00136,2023-09-17T00:59:00.000Z,272.39,BRL,casino,888.65,true,272.39,888.65,-616.26,2026-07-31T12:59:56.604Z
B0001775,P00136,2023-11-17T02:14:00.000Z,691.28,BRL,sports,0.00,true,691.28,0.0,691.28,2026-07-31T12:59:56.604Z
B0001776,P00136,2023-09-03T02:09:00.000Z,157.93,USD,sports,0.00,true,794.46,0.0,794.46,2026-07-31T12:59:56.604Z
B0001777,P00136,2024-03-08T21:31:00.000Z,627.29,BRL,casino,0.00,true,627.29,0.0,627.29,2026-07-31T12:59:56.604Z
B0001778,P00136,2023-12-24T10:02:00.000Z,207.73,BRL,casino,672.92,true,207.73,672.92,-465.19,2026-07-31T12:59:56.604Z
B0001779,P00136,2023-12-07T00:35:00.000Z,731.46,BRL,casino,2228.11,true,731.46,2228.11,-1496.65,2026-07-31T12:59:56.604Z
B0001780,P00136,2023-09-09T13:50:00.000Z,798.58,BRL,casino,1533.55,true,798.58,1533.55,-734.97,2026-07-31T12:59:56.604Z
B0001781,P00136,2023-09-30T14:50:00.000Z,89.39,BRL,casino,0.00,true,89.39,0.0,89.39,2026-07-31T12:59:56.604Z
B0001782,P00136,2024-02-29T20:30:00.000Z,54.78,USD,casino,0.00,true,269.74,0.0,269.74,2026-07-31T12:59:56.604Z
B0001783,P00136,2024-01-03T00:59:00.000Z,456.18,BRL,casino,1144.60,true,456.18,1144.6,-688.42,2026-07-31T12:59:56.604Z
B0001784,P00136,2023-10-06T14:22:00.000Z,248.88,BRL,casino,759.37,true,248.88,759.37,-510.49,2026-07-31T12:59:56.604Z
B0001785,P00136,2023-11-02T05:31:00.000Z,730.28,BRL,sports,1628.51,true,730.28,1628.51,-898.23,2026-07-31T12:59:56.604Z
B0001786,P00136,2023-09-22T17:43:00.000Z,221.50,BRL,casino,0.00,true,221.5,0.0,221.5,2026-07-31T12:59:56.604Z
B0001787,P00136,2024-03-05T18:16:00.000Z,543.98,BRL,casino,1900.50,true,543.98,1900.5,-1356.52,2026-07-31T12:59:56.604Z
B0001788,P00136,2023-09-04T20:38:00.000Z,622.12,BRL,sports,1195.24,true,622.12,1195.24,-573.12,2026-07-31T12:59:56.604Z
B0001789,P00136,2023-10-02T01:14:00.000Z,776.20,BRL,casino,1317.91,true,776.2,1317.91,-541.71,2026-07-31T12:59:56.604Z
B0001790,P00136,2023-12-02T15:56:00.000Z,161.16,BRL,sports,0.00,true,161.16,0.0,161.16,2026-07-31T12:59:56.604Z
B0001791,P00136,2024-02-12T12:21:00.000Z,108.81,BRL,sports,0.00,true,108.81,0.0,108.81,2026-07-31T12:59:56.604Z
B0001792,P00136,2023-10-30T08:44:00.000Z,13.74,EUR,sports,0.00,true,73.16,0.0,73.16,2026-07-31T12:59:56.604Z
B0001793,P00136,2023-10-01T15:19:00.000Z,817.54,BRL,casino,0.00,true,817.54,0.0,817.54,2026-07-31T12:59:56.604Z
B0001794,P00136,2023-11-11T05:45:00.000Z,890.06,BRL,casino,0.00,true,890.06,0.0,890.06,2026-07-31T12:59:56.604Z
B0001795,P00136,2024-03-05T17:33:00.000Z,494.24,BRL,sports,0.00,true,494.24,0.0,494.24,2026-07-31T12:59:56.604Z
B0001796,P00136,2023-09-28T09:21:00.000Z,528.23,BRL,casino,0.00,true,528.23,0.0,528.23,2026-07-31T12:59:56.604Z
B0001797,P00136,2023-09-13T23:12:00.000Z,54.23,BRL,casino,0.00,true,54.23,0.0,54.23,2026-07-31T12:59:56.604Z
B0001798,P00137,2023-10-14T11:55:00.000Z,748.86,BRL,casino,0.00,true,748.86,0.0,748.86,2026-07-31T12:59:56.604Z
B0001799,P00137,2023-10-14T04:49:00.000Z,57.47,EUR,casino,127.63,true,307.18,682.18,-375.0,2026-07-31T12:59:56.604Z
B0001800,P00137,2023-10-12T20:54:00.000Z,543.87,BRL,casino,0.00,true,543.87,0.0,543.87,2026-07-31T12:59:56.604Z
B0001801,P00137,2023-10-12T12:09:00.000Z,804.97,BRL,casino,1971.30,true,804.97,1971.3,-1166.33,2026-07-31T12:59:56.604Z
B0001802,P00137,2023-10-11T21:46:00.000Z,136.75,BRL,casino,265.58,true,136.75,265.58,-128.83,2026-07-31T12:59:56.604Z
B0001803,P00137,2023-10-16T10:25:00.000Z,951.33,BRL,casino,2597.77,true,951.33,2597.77,-1646.44,2026-07-31T12:59:56.604Z
B0001804,P00137,2023-10-13T01:11:00.000Z,361.68,BRL,casino,0.00,true,361.68,0.0,361.68,2026-07-31T12:59:56.604Z
B0001805,P00137,2023-10-14T05:50:00.000Z,10.69,BRL,casino,25.71,true,10.69,25.71,-15.02,2026-07-31T12:59:56.604Z
B0001806,P00137,2023-10-17T06:26:00.000Z,137.13,BRL,casino,0.00,true,137.13,0.0,137.13,2026-07-31T12:59:56.604Z
B0001807,P00137,2023-10-13T04:04:00.000Z,110.98,BRL,casino,198.70,true,110.98,198.7,-87.72,2026-07-31T12:59:56.604Z
B0001808,P00137,2023-10-13T08:32:00.000Z,205.58,BRL,sports,499.38,true,205.58,499.38,-293.8,2026-07-31T12:59:56.604Z
B0001809,P00137,2023-10-17T00:15:00.000Z,472.60,BRL,casino,636.17,true,472.6,636.17,-163.57,2026-07-31T12:59:56.604Z
B0001810,P00137,2023-10-12T02:13:00.000Z,52.90,EUR,casino,0.00,true,283.39,0.0,283.39,2026-07-31T12:59:56.604Z
B0001811,P00137,2023-10-11T13:34:00.000Z,798.33,BRL,sports,1047.07,true,798.33,1047.07,-248.74,2026-07-31T12:59:56.604Z
B0001812,P00137,2023-10-11T04:37:00.000Z,777.97,BRL,sports,1057.32,true,777.97,1057.32,-279.35,2026-07-31T12:59:56.604Z
B0001813,P00137,2023-10-15T09:31:00.000Z,639.78,BRL,casino,0.00,true,639.78,0.0,639.78,2026-07-31T12:59:56.604Z
B0001814,P00137,2023-10-12T02:24:00.000Z,339.95,BRL,casino,618.05,true,339.95,618.05,-278.1,2026-07-31T12:59:56.604Z
B0001815,P00137,2023-10-15T06:49:00.000Z,182.96,USD,casino,0.00,true,926.41,0.0,926.41,2026-07-31T12:59:56.604Z
B0001816,P00137,2023-10-17T23:36:00.000Z,302.66,BRL,casino,0.00,true,302.66,0.0,302.66,2026-07-31T12:59:56.604Z
B0001817,P00137,2023-10-14T15:56:00.000Z,953.57,BRL,casino,0.00,true,953.57,0.0,953.57,2026-07-31T12:59:56.604Z
B0001818,P00137,2023-10-15T08:10:00.000Z,762.46,BRL,casino,2068.62,true,762.46,2068.62,-1306.16,2026-07-31T12:59:56.604Z
B0001819,P00137,2023-10-13T06:33:00.000Z,802.42,BRL,sports,0.00,true,802.42,0.0,802.42,2026-07-31T12:59:56.604Z
B0001820,P00137,2023-10-13T09:54:00.000Z,612.47,BRL,casino,0.00,true,612.47,0.0,612.47,2026-07-31T12:59:56.604Z
B0001821,P00137,2023-10-12T04:27:00.000Z,565.70,BRL,casino,1277.14,true,565.7,1277.14,-711.44,2026-07-31T12:59:56.604Z
B0001822,P00138,2024-02-11T00:57:00.000Z,189.78,USD,casino,0.00,true,931.7,0.0,931.7,2026-07-31T12:59:56.604Z
B0001823,P00138,2024-01-20T02:32:00.000Z,137.66,USD,sports,0.00,true,670.63,0.0,670.63,2026-07-31T12:59:56.604Z
B0001824,P00138,2024-02-10T15:51:00.000Z,128.64,USD,casino,0.00,true,631.54,0.0,631.54,2026-07-31T12:59:56.604Z
B0001825,P00138,2024-01-09T03:57:00.000Z,32.68,USD,casino,0.00,true,162.01,0.0,162.01,2026-07-31T12:59:56.604Z
B0001826,P00138,2024-01-04T16:48:00.000Z,72.76,USD,casino,0.00,true,358.87,0.0,358.87,2026-07-31T12:59:56.604Z
B0001827,P00138,2024-01-13T01:28:00.000Z,167.89,USD,sports,400.86,true,823.05,1965.15,-1142.1,2026-07-31T12:59:56.604Z
B0001828,P00138,2024-02-16T14:41:00.000Z,37.18,USD,sports,0.00,true,183.05,0.0,183.05,2026-07-31T12:59:56.604Z
B0001829,P00138,2024-01-26T01:34:00.000Z,161.66,EUR,sports,0.00,true,848.89,0.0,848.89,2026-07-31T12:59:56.604Z
B0001830,P00138,2024-01-21T19:36:00.000Z,177.38,USD,casino,0.00,true,864.14,0.0,864.14,2026-07-31T12:59:56.604Z
B0001831,P00138,2024-01-29T02:08:00.000Z,119.15,USD,casino,258.19,true,580.93,1258.83,-677.9,2026-07-31T12:59:56.604Z
B0001832,P00138,2024-01-12T10:37:00.000Z,95.28,USD,sports,0.00,true,467.09,0.0,467.09,2026-07-31T12:59:56.604Z
B0001833,P00138,2024-01-12T12:02:00.000Z,46.37,USD,casino,0.00,true,227.32,0.0,227.32,2026-07-31T12:59:56.604Z
B0001834,P00138,2024-01-23T13:28:00.000Z,174.71,USD,sports,0.00,true,846.17,0.0,846.17,2026-07-31T12:59:56.604Z
B0001835,P00138,2024-02-14T08:20:00.000Z,56.83,USD,casino,0.00,true,278.11,0.0,278.11,2026-07-31T12:59:56.604Z
B0001836,P00138,2024-01-07T05:37:00.000Z,89.59,USD,sports,0.00,true,444.93,0.0,444.93,2026-07-31T12:59:56.604Z
B0001837,P00138,2024-02-06T17:29:00.000Z,137.41,USD,sports,0.00,true,669.49,0.0,669.49,2026-07-31T12:59:56.604Z
B0001838,P00138,2024-01-25T11:19:00.000Z,64.76,USD,casino,0.00,true,314.76,0.0,314.76,2026-07-31T12:59:56.604Z
B0001839,P00138,2024-02-04T02:52:00.000Z,152.66,USD,sports,0.00,true,742.57,0.0,742.57,2026-07-31T12:59:56.604Z
B0001840,P00138,2024-02-04T20:01:00.000Z,102.83,USD,casino,247.59,true,500.18,1204.33,-704.15,2026-07-31T12:59:56.604Z
B0001841,P00138,2024-01-28T02:59:00.000Z,595.71,BRL,sports,0.00,true,595.71,0.0,595.71,2026-07-31T12:59:56.604Z
B0001842,P00138,2024-02-12T18:06:00.000Z,147.91,USD,sports,0.00,true,727.07,0.0,727.07,2026-07-31T12:59:56.604Z
B0001843,P00138,2024-02-08T19:50:00.000Z,108.46,USD,sports,0.00,true,528.35,0.0,528.35,2026-07-31T12:59:56.604Z
B0001844,P00138,2024-02-04T00:25:00.000Z,163.28,USD,casino,506.71,true,794.23,2464.74,-1670.51,2026-07-31T12:59:56.604Z
B0001845,P00138,2024-02-10T02:49:00.000Z,51.84,BRL,sports,0.00,true,51.84,0.0,51.84,2026-07-31T12:59:56.604Z
B0001846,P00139,2023-09-07T15:42:00.000Z,608.66,BRL,casino,1115.23,true,608.66,1115.23,-506.57,2026-07-31T12:59:56.604Z
B0001847,P00139,2023-10-18T00:31:00.000Z,456.85,BRL,casino,1298.30,true,456.85,1298.3,-841.45,2026-07-31T12:59:56.604Z
B0001848,P00139,2023-11-27T16:14:00.000Z,416.70,BRL,sports,0.00,true,416.7,0.0,416.7,2026-07-31T12:59:56.604Z
B0001849,P00139,2023-10-27T08:47:00.000Z,448.86,BRL,sports,0.00,true,448.86,0.0,448.86,2026-07-31T12:59:56.604Z
B0001850,P00139,2023-09-14T01:21:00.000Z,659.91,BRL,casino,0.00,true,659.91,0.0,659.91,2026-07-31T12:59:56.604Z
B0001851,P00139,2023-08-12T06:41:00.000Z,768.79,BRL,sports,2522.91,true,768.79,2522.91,-1754.12,2026-07-31T12:59:56.604Z
B0001852,P00139,2023-12-14T03:17:00.000Z,605.49,BRL,casino,0.00,true,605.49,0.0,605.49,2026-07-31T12:59:56.604Z
B0001853,P00139,2023-10-08T01:04:00.000Z,196.39,USD,casino,0.00,true,992.22,0.0,992.22,2026-07-31T12:59:56.604Z
B0001854,P00139,2023-08-18T01:09:00.000Z,485.98,BRL,sports,1611.23,true,485.98,1611.23,-1125.25,2026-07-31T12:59:56.604Z
B0001855,P00139,2023-10-23T08:20:00.000Z,202.46,BRL,casino,0.00,true,202.46,0.0,202.46,2026-07-31T12:59:56.604Z
B0001856,P00139,2023-08-21T13:34:00.000Z,584.87,BRL,sports,1875.82,true,584.87,1875.82,-1290.95,2026-07-31T12:59:56.604Z
B0001857,P00139,2023-09-07T13:22:00.000Z,973.66,BRL,casino,0.00,true,973.66,0.0,973.66,2026-07-31T12:59:56.604Z
B0001858,P00139,2023-12-11T18:01:00.000Z,414.95,BRL,sports,0.00,true,414.95,0.0,414.95,2026-07-31T12:59:56.604Z
B0001859,P00139,2023-11-18T08:08:00.000Z,430.14,BRL,casino,537.59,true,430.14,537.59,-107.45,2026-07-31T12:59:56.604Z
B0001860,P00139,2023-12-02T20:22:00.000Z,501.12,BRL,casino,0.00,true,501.12,0.0,501.12,2026-07-31T12:59:56.604Z
B0001861,P00139,2023-11-03T15:09:00.000Z,917.41,BRL,casino,0.00,true,917.41,0.0,917.41,2026-07-31T12:59:56.604Z
B0001862,P00139,2023-09-30T02:02:00.000Z,192.38,USD,sports,0.00,true,983.45,0.0,983.45,2026-07-31T12:59:56.604Z
B0001863,P00139,2023-08-24T04:10:00.000Z,371.45,BRL,sports,0.00,true,371.45,0.0,371.45,2026-07-31T12:59:56.604Z
B0001864,P00139,2023-09-29T16:04:00.000Z,95.02,BRL,casino,0.00,true,95.02,0.0,95.02,2026-07-31T12:59:56.604Z
B0001865,P00139,2023-10-06T00:29:00.000Z,585.16,BRL,sports,0.00,true,585.16,0.0,585.16,2026-07-31T12:59:56.604Z
B0001866,P00139,2023-10-17T03:11:00.000Z,387.38,BRL,sports,0.00,true,387.38,0.0,387.38,2026-07-31T12:59:56.604Z
B0001867,P00139,2023-10-29T14:58:00.000Z,574.44,BRL,casino,0.00,true,574.44,0.0,574.44,2026-07-31T12:59:56.604Z
B0001868,P00139,2023-10-09T08:28:00.000Z,923.73,BRL,sports,0.00,true,923.73,0.0,923.73,2026-07-31T12:59:56.604Z
B0001869,P00139,2023-10-27T07:35:00.000Z,898.07,BRL,sports,2450.05,true,898.07,2450.05,-1551.98,2026-07-31T12:59:56.604Z
B0001870,P00139,2023-10-14T04:17:00.000Z,103.39,BRL,casino,0.00,true,103.39,0.0,103.39,2026-07-31T12:59:56.604Z
B0001871,P00139,2023-11-08T19:13:00.000Z,63.28,BRL,casino,0.00,true,63.28,0.0,63.28,2026-07-31T12:59:56.604Z
B0001872,P00139,2023-11-25T20:34:00.000Z,737.26,BRL,casino,2258.85,true,737.26,2258.85,-1521.59,2026-07-31T12:59:56.604Z
B0001873,P00139,2023-10-14T17:01:00.000Z,996.94,BRL,sports,0.00,true,996.94,0.0,996.94,2026-07-31T12:59:56.604Z
B0001874,P00139,2023-11-18T17:36:00.000Z,636.24,BRL,casino,0.00,true,636.24,0.0,636.24,2026-07-31T12:59:56.604Z
B0001875,P00139,2023-09-18T01:47:00.000Z,418.54,BRL,casino,0.00,true,418.54,0.0,418.54,2026-07-31T12:59:56.604Z
B0001876,P00139,2023-11-16T17:58:00.000Z,952.78,BRL,sports,3328.99,true,952.78,3328.99,-2376.21,2026-07-31T12:59:56.604Z
B0001877,P00139,2023-10-12T19:08:00.000Z,950.38,BRL,sports,2874.80,true,950.38,2874.8,-1924.42,2026-07-31T12:59:56.604Z
B0001878,P00139,2023-10-09T16:27:00.000Z,546.50,BRL,sports,1898.38,true,546.5,1898.38,-1351.88,2026-07-31T12:59:56.604Z
B0001879,P00139,2023-11-17T09:04:00.000Z,619.11,BRL,casino,1418.39,true,619.11,1418.39,-799.28,2026-07-31T12:59:56.604Z
B0001880,P00139,2023-09-09T00:10:00.000Z,279.70,BRL,sports,512.13,true,279.7,512.13,-232.43,2026-07-31T12:59:56.604Z
B0001881,P00139,2023-10-03T19:58:00.000Z,353.71,BRL,casino,0.00,true,353.71,0.0,353.71,2026-07-31T12:59:56.604Z
B0001882,P00139,2023-11-21T18:07:00.000Z,144.41,BRL,casino,0.00,true,144.41,0.0,144.41,2026-07-31T12:59:56.604Z
B0001883,P00139,2023-10-04T18:22:00.000Z,132.60,BRL,casino,332.23,true,132.6,332.23,-199.63,2026-07-31T12:59:56.604Z
B0001884,P00139,2023-10-26T09:28:00.000Z,759.14,BRL,casino,0.00,true,759.14,0.0,759.14,2026-07-31T12:59:56.604Z
B0001885,P00139,2023-10-08T20:50:00.000Z,302.14,BRL,casino,512.90,true,302.14,512.9,-210.76,2026-07-31T12:59:56.604Z
B0001886,P00139,2023-08-02T16:13:00.000Z,744.24,BRL,casino,1001.86,true,744.24,1001.86,-257.62,2026-07-31T12:59:56.604Z
B0001887,P00139,2023-10-14T09:11:00.000Z,259.54,BRL,sports,0.00,true,259.54,0.0,259.54,2026-07-31T12:59:56.604Z
B0001888,P00139,2023-08-02T00:59:00.000Z,756.25,BRL,casino,0.00,true,756.25,0.0,756.25,2026-07-31T12:59:56.604Z
B0001889,P00139,2023-10-11T04:53:00.000Z,740.24,BRL,sports,2057.32,true,740.24,2057.32,-1317.08,2026-07-31T12:59:56.604Z
B0001890,P00139,2023-09-09T12:33:00.000Z,118.88,BRL,casino,0.00,true,118.88,0.0,118.88,2026-07-31T12:59:56.604Z
B0001891,P00139,2023-10-22T04:37:00.000Z,138.34,BRL,casino,0.00,true,138.34,0.0,138.34,2026-07-31T12:59:56.604Z
B0001892,P00139,2023-10-14T02:44:00.000Z,498.07,BRL,casino,706.24,true,498.07,706.24,-208.17,2026-07-31T12:59:56.604Z
B0001893,P00139,2023-12-08T23:05:00.000Z,724.47,BRL,casino,0.00,true,724.47,0.0,724.47,2026-07-31T12:59:56.604Z
B0001894,P00139,2023-09-23T03:27:00.000Z,327.95,BRL,casino,0.00,true,327.95,0.0,327.95,2026-07-31T12:59:56.604Z
B0001895,P00139,2023-11-15T09:35:00.000Z,108.37,BRL,sports,0.00,true,108.37,0.0,108.37,2026-07-31T12:59:56.604Z
B0001896,P00139,2023-11-26T05:19:00.000Z,117.82,EUR,sports,0.00,true,616.36,0.0,616.36,2026-07-31T12:59:56.604Z
B0001897,P00139,2023-10-25T19:09:00.000Z,839.75,BRL,casino,2065.96,true,839.75,2065.96,-1226.21,2026-07-31T12:59:56.604Z
B0001898,P00139,2023-09-21T02:47:00.000Z,809.59,BRL,sports,2725.69,true,809.59,2725.69,-1916.1,2026-07-31T12:59:56.604Z
B0001899,P00139,2023-08-05T10:55:00.000Z,57.53,BRL,casino,93.52,true,57.53,93.52,-35.99,2026-07-31T12:59:56.604Z
B0001900,P00139,2023-10-26T02:47:00.000Z,23.77,BRL,sports,73.95,true,23.77,73.95,-50.18,2026-07-31T12:59:56.604Z
B0001901,P00139,2023-08-26T01:04:00.000Z,157.64,BRL,casino,363.35,true,157.64,363.35,-205.71,2026-07-31T12:59:56.604Z
B0001902,P00139,2023-10-22T07:57:00.000Z,568.56,BRL,sports,1967.87,true,568.56,1967.87,-1399.31,2026-07-31T12:59:56.604Z
B0001903,P00139,2023-09-23T04:02:00.000Z,521.71,BRL,casino,1649.45,true,521.71,1649.45,-1127.74,2026-07-31T12:59:56.604Z
B0001904,P00139,2023-09-30T06:08:00.000Z,589.17,BRL,sports,945.64,true,589.17,945.64,-356.47,2026-07-31T12:59:56.604Z
B0001905,P00139,2023-08-26T19:07:00.000Z,740.46,BRL,sports,0.00,true,740.46,0.0,740.46,2026-07-31T12:59:56.604Z
B0001906,P00139,2023-10-06T02:41:00.000Z,213.03,BRL,sports,0.00,true,213.03,0.0,213.03,2026-07-31T12:59:56.604Z
B0001907,P00139,2023-11-03T18:10:00.000Z,381.94,BRL,sports,0.00,true,381.94,0.0,381.94,2026-07-31T12:59:56.604Z
B0001908,P00139,2023-10-06T05:13:00.000Z,860.62,BRL,casino,0.00,true,860.62,0.0,860.62,2026-07-31T12:59:56.604Z
B0001909,P00139,2023-09-18T13:27:00.000Z,301.91,BRL,sports,0.00,true,301.91,0.0,301.91,2026-07-31T12:59:56.604Z
B0001910,P00139,2023-09-15T17:46:00.000Z,514.44,BRL,casino,933.98,true,514.44,933.98,-419.54,2026-07-31T12:59:56.604Z
B0001911,P00139,2023-10-04T13:55:00.000Z,456.55,BRL,sports,0.00,true,456.55,0.0,456.55,2026-07-31T12:59:56.604Z
B0001912,P00139,2023-10-11T02:30:00.000Z,552.40,BRL,sports,0.00,true,552.4,0.0,552.4,2026-07-31T12:59:56.604Z
B0001913,P00139,2023-11-01T07:25:00.000Z,775.53,BRL,casino,1247.36,true,775.53,1247.36,-471.83,2026-07-31T12:59:56.604Z
B0001914,P00139,2023-10-26T21:10:00.000Z,71.00,BRL,casino,0.00,true,71.0,0.0,71.0,2026-07-31T12:59:56.604Z
B0001915,P00139,2023-10-04T08:19:00.000Z,513.34,BRL,sports,0.00,true,513.34,0.0,513.34,2026-07-31T12:59:56.604Z
B0001916,P00139,2023-10-09T12:23:00.000Z,992.66,BRL,sports,2114.30,true,992.66,2114.3,-1121.64,2026-07-31T12:59:56.604Z
B0001917,P00139,2023-10-14T21:25:00.000Z,778.57,BRL,casino,0.00,true,778.57,0.0,778.57,2026-07-31T12:59:56.604Z
B0001918,P00139,2023-10-22T15:44:00.000Z,341.37,BRL,casino,0.00,true,341.37,0.0,341.37,2026-07-31T12:59:56.604Z
B0001919,P00139,2023-09-03T20:47:00.000Z,881.29,BRL,sports,0.00,true,881.29,0.0,881.29,2026-07-31T12:59:56.604Z
B0001920,P00139,2023-09-10T23:31:00.000Z,878.04,BRL,sports,0.00,true,878.04,0.0,878.04,2026-07-31T12:59:56.604Z
B0001921,P00139,2023-10-17T20:44:00.000Z,17.28,USD,casino,0.00,true,88.12,0.0,88.12,2026-07-31T12:59:56.604Z
B0001922,P00139,2023-09-21T22:18:00.000Z,549.32,BRL,casino,1002.15,true,549.32,1002.15,-452.83,2026-07-31T12:59:56.604Z
B0001923,P00139,2023-10-25T00:50:00.000Z,432.02,BRL,sports,0.00,true,432.02,0.0,432.02,2026-07-31T12:59:56.604Z
B0001924,P00139,2023-11-10T12:15:00.000Z,151.38,BRL,sports,0.00,true,151.38,0.0,151.38,2026-07-31T12:59:56.604Z
B0001925,P00139,2023-11-16T01:57:00.000Z,675.44,BRL,sports,0.00,true,675.44,0.0,675.44,2026-07-31T12:59:56.604Z
B0001926,P00139,2023-11-28T09:24:00.000Z,28.01,BRL,sports,0.00,true,28.01,0.0,28.01,2026-07-31T12:59:56.604Z
B0001927,P00139,2023-11-30T22:17:00.000Z,776.14,BRL,casino,0.00,true,776.14,0.0,776.14,2026-07-31T12:59:56.604Z
B0001928,P00139,2023-12-03T07:17:00.000Z,904.32,BRL,sports,2949.30,true,904.32,2949.3,-2044.98,2026-07-31T12:59:56.604Z
B0001929,P00139,2023-09-01T17:50:00.000Z,979.15,BRL,casino,1617.42,true,979.15,1617.42,-638.27,2026-07-31T12:59:56.604Z
B0001930,P00140,2023-09-30T19:10:00.000Z,281.58,BRL,casino,712.33,true,281.58,712.33,-430.75,2026-07-31T12:59:56.604Z
B0001931,P00140,2023-10-04T02:06:00.000Z,408.43,BRL,casino,0.00,true,408.43,0.0,408.43,2026-07-31T12:59:56.604Z
B0001932,P00140,2023-09-29T13:19:00.000Z,587.15,BRL,sports,0.00,true,587.15,0.0,587.15,2026-07-31T12:59:56.604Z
B0001933,P00140,2023-10-01T14:42:00.000Z,574.79,BRL,sports,0.00,true,574.79,0.0,574.79,2026-07-31T12:59:56.604Z
B0001934,P00140,2023-09-30T09:39:00.000Z,704.00,BRL,casino,1317.82,true,704.0,1317.82,-613.82,2026-07-31T12:59:56.604Z
B0001935,P00140,2023-10-09T11:13:00.000Z,30.45,BRL,casino,0.00,true,30.45,0.0,30.45,2026-07-31T12:59:56.604Z
B0001936,P00140,2023-10-02T01:22:00.000Z,37.70,BRL,sports,0.00,true,37.7,0.0,37.7,2026-07-31T12:59:56.604Z
B0001937,P00140,2023-09-28T04:37:00.000Z,719.82,BRL,sports,0.00,true,719.82,0.0,719.82,2026-07-31T12:59:56.604Z
B0001938,P00140,2023-09-27T02:58:00.000Z,235.47,BRL,casino,0.00,true,235.47,0.0,235.47,2026-07-31T12:59:56.604Z
B0001939,P00140,2023-10-10T11:06:00.000Z,209.09,BRL,casino,0.00,true,209.09,0.0,209.09,2026-07-31T12:59:56.604Z
B0001940,P00140,2023-09-26T01:03:00.000Z,547.77,BRL,sports,0.00,true,547.77,0.0,547.77,2026-07-31T12:59:56.604Z
B0001941,P00140,2023-10-08T11:06:00.000Z,220.43,BRL,casino,391.79,true,220.43,391.79,-171.36,2026-07-31T12:59:56.604Z
B0001942,P00140,2023-09-25T14:05:00.000Z,580.45,BRL,sports,0.00,true,580.45,0.0,580.45,2026-07-31T12:59:56.604Z
B0001943,P00140,2023-09-26T21:02:00.000Z,657.88,BRL,sports,0.00,true,657.88,0.0,657.88,2026-07-31T12:59:56.604Z
B0001944,P00140,2023-10-11T21:25:00.000Z,882.29,BRL,sports,0.00,true,882.29,0.0,882.29,2026-07-31T12:59:56.604Z
B0001945,P00140,2023-09-27T22:49:00.000Z,604.21,BRL,sports,925.69,true,604.21,925.69,-321.48,2026-07-31T12:59:56.604Z
B0001946,P00140,2023-10-03T20:03:00.000Z,744.00,BRL,sports,1839.98,true,744.0,1839.98,-1095.98,2026-07-31T12:59:56.604Z
B0001947,P00140,2023-10-05T12:42:00.000Z,428.34,BRL,sports,0.00,true,428.34,0.0,428.34,2026-07-31T12:59:56.604Z
B0001948,P00140,2023-10-10T07:05:00.000Z,928.50,BRL,casino,3080.57,true,928.5,3080.57,-2152.07,2026-07-31T12:59:56.604Z
B0001949,P00140,2023-10-10T01:56:00.000Z,154.77,EUR,sports,0.00,true,825.28,0.0,825.28,2026-07-31T12:59:56.604Z
B0001950,P00140,2023-09-28T00:08:00.000Z,312.89,BRL,casino,0.00,true,312.89,0.0,312.89,2026-07-31T12:59:56.604Z
B0001951,P00140,2023-10-09T10:51:00.000Z,9.29,BRL,sports,0.00,true,9.29,0.0,9.29,2026-07-31T12:59:56.604Z
B0001952,P00140,2023-10-04T13:20:00.000Z,841.18,BRL,sports,0.00,true,841.18,0.0,841.18,2026-07-31T12:59:56.604Z
B0001953,P00140,2023-10-10T02:27:00.000Z,79.71,BRL,casino,0.00,true,79.71,0.0,79.71,2026-07-31T12:59:56.604Z
B0001954,P00140,2023-10-11T02:04:00.000Z,383.66,BRL,sports,0.00,true,383.66,0.0,383.66,2026-07-31T12:59:56.604Z
B0001955,P00140,2023-10-12T10:39:00.000Z,84.29,BRL,sports,0.00,true,84.29,0.0,84.29,2026-07-31T12:59:56.604Z
B0001956,P00140,2023-10-16T04:15:00.000Z,126.50,BRL,sports,0.00,true,126.5,0.0,126.5,2026-07-31T12:59:56.604Z
B0001957,P00141,2024-03-19T01:21:00.000Z,52.65,BRL,sports,0.00,true,52.65,0.0,52.65,2026-07-31T12:59:56.604Z
B0001958,P00141,2024-03-19T02:04:00.000Z,116.44,EUR,casino,0.00,true,621.27,0.0,621.27,2026-07-31T12:59:56.604Z
B0001959,P00141,2024-03-22T17:31:00.000Z,347.67,BRL,casino,675.63,true,347.67,675.63,-327.96,2026-07-31T12:59:56.604Z
B0001960,P00141,2024-03-28T00:45:00.000Z,634.83,BRL,casino,1814.04,true,634.83,1814.04,-1179.21,2026-07-31T12:59:56.604Z
B0001961,P00141,2024-03-23T21:27:00.000Z,706.26,BRL,casino,1701.48,true,706.26,1701.48,-995.22,2026-07-31T12:59:56.604Z
B0001962,P00141,2024-03-23T03:03:00.000Z,572.36,BRL,sports,0.00,true,572.36,0.0,572.36,2026-07-31T12:59:56.604Z
B0001963,P00141,2024-03-19T22:58:00.000Z,122.93,EUR,casino,275.15,true,655.89,1468.06,-812.17,2026-07-31T12:59:56.604Z
B0001964,P00141,2024-03-17T23:28:00.000Z,779.41,BRL,sports,1196.38,true,779.41,1196.38,-416.97,2026-07-31T12:59:56.604Z
B0001965,P00141,2024-03-21T06:23:00.000Z,407.19,BRL,sports,0.00,true,407.19,0.0,407.19,2026-07-31T12:59:56.604Z
B0001966,P00141,2024-03-18T04:41:00.000Z,12.95,BRL,casino,16.82,true,12.95,16.82,-3.87,2026-07-31T12:59:56.604Z
B0001967,P00141,2024-03-15T10:26:00.000Z,10.07,BRL,sports,0.00,true,10.07,0.0,10.07,2026-07-31T12:59:56.604Z
B0001968,P00141,2024-03-18T01:00:00.000Z,90.08,EUR,sports,0.00,true,479.03,0.0,479.03,2026-07-31T12:59:56.604Z
B0001969,P00142,2024-02-27T17:31:00.000Z,63.70,BRL,sports,218.85,true,63.7,218.85,-155.15,2026-07-31T12:59:56.604Z
B0001970,P00142,2023-12-21T01:22:00.000Z,34.53,USD,sports,0.00,true,173.72,0.0,173.72,2026-07-31T12:59:56.604Z
B0001971,P00142,2023-12-20T04:34:00.000Z,554.45,BRL,casino,1374.46,true,554.45,1374.46,-820.01,2026-07-31T12:59:56.604Z
B0001972,P00142,2024-03-14T12:19:00.000Z,159.77,BRL,sports,559.17,true,159.77,559.17,-399.4,2026-07-31T12:59:56.604Z
B0001973,P00142,2023-11-15T03:38:00.000Z,43.82,BRL,sports,0.00,true,43.82,0.0,43.82,2026-07-31T12:59:56.604Z
B0001974,P00142,2024-01-12T22:22:00.000Z,782.85,BRL,sports,0.00,true,782.85,0.0,782.85,2026-07-31T12:59:56.604Z
B0001975,P00142,2024-02-03T22:10:00.000Z,967.35,BRL,sports,0.00,true,967.35,0.0,967.35,2026-07-31T12:59:56.604Z
B0001976,P00142,2023-11-16T14:31:00.000Z,439.50,BRL,sports,1235.21,true,439.5,1235.21,-795.71,2026-07-31T12:59:56.604Z
B0001977,P00142,2024-03-12T00:04:00.000Z,34.06,BRL,sports,0.00,true,34.06,0.0,34.06,2026-07-31T12:59:56.604Z
B0001978,P00142,2024-01-30T05:19:00.000Z,182.10,USD,sports,0.00,true,892.73,0.0,892.73,2026-07-31T12:59:56.604Z
B0001979,P00142,2024-02-08T17:06:00.000Z,130.62,BRL,casino,0.00,true,130.62,0.0,130.62,2026-07-31T12:59:56.604Z
B0001980,P00142,2024-01-27T16:40:00.000Z,412.94,BRL,sports,0.00,true,412.94,0.0,412.94,2026-07-31T12:59:56.604Z
B0001981,P00142,2023-11-24T21:14:00.000Z,643.35,BRL,sports,0.00,true,643.35,0.0,643.35,2026-07-31T12:59:56.604Z
B0001982,P00142,2024-02-21T11:45:00.000Z,347.63,BRL,sports,0.00,true,347.63,0.0,347.63,2026-07-31T12:59:56.604Z
B0001983,P00142,2024-01-12T03:42:00.000Z,587.26,BRL,casino,901.79,true,587.26,901.79,-314.53,2026-07-31T12:59:56.604Z
B0001984,P00142,2024-01-18T07:36:00.000Z,904.34,BRL,sports,0.00,true,904.34,0.0,904.34,2026-07-31T12:59:56.604Z
B0001985,P00142,2024-02-04T21:50:00.000Z,554.79,BRL,casino,0.00,true,554.79,0.0,554.79,2026-07-31T12:59:56.604Z
B0001986,P00142,2024-02-01T02:57:00.000Z,25.75,BRL,sports,0.00,true,25.75,0.0,25.75,2026-07-31T12:59:56.604Z
B0001987,P00142,2024-03-01T15:22:00.000Z,432.78,BRL,sports,0.00,true,432.78,0.0,432.78,2026-07-31T12:59:56.604Z
B0001988,P00142,2024-03-27T00:21:00.000Z,545.51,BRL,casino,738.27,true,545.51,738.27,-192.76,2026-07-31T12:59:56.604Z
B0001989,P00142,2024-03-11T00:25:00.000Z,455.09,BRL,casino,1010.90,true,455.09,1010.9,-555.81,2026-07-31T12:59:56.604Z
B0001990,P00142,2023-12-21T00:37:00.000Z,97.77,BRL,sports,266.61,true,97.77,266.61,-168.84,2026-07-31T12:59:56.604Z
B0001991,P00142,2023-12-20T02:46:00.000Z,636.84,BRL,casino,0.00,true,636.84,0.0,636.84,2026-07-31T12:59:56.604Z
B0001992,P00142,2023-12-26T17:31:00.000Z,849.64,BRL,sports,1608.35,true,849.64,1608.35,-758.71,2026-07-31T12:59:56.604Z
B0001993,P00142,2024-02-05T15:15:00.000Z,812.53,BRL,sports,0.00,true,812.53,0.0,812.53,2026-07-31T12:59:56.604Z
B0001994,P00142,2024-01-18T01:45:00.000Z,304.97,BRL,sports,388.35,true,304.97,388.35,-83.38,2026-07-31T12:59:56.604Z
B0001995,P00142,2024-02-01T07:06:00.000Z,69.06,USD,casino,0.00,true,337.62,0.0,337.62,2026-07-31T12:59:56.604Z
B0001996,P00143,2024-02-08T22:24:00.000Z,285.38,BRL,sports,0.00,true,285.38,0.0,285.38,2026-07-31T12:59:56.604Z
B0001997,P00143,2024-02-18T09:15:00.000Z,381.93,BRL,sports,602.86,true,381.93,602.86,-220.93,2026-07-31T12:59:56.604Z
B0001998,P00143,2024-02-01T06:59:00.000Z,622.48,BRL,sports,1605.69,true,622.48,1605.69,-983.21,2026-07-31T12:59:56.604Z
B0001999,P00143,2024-01-23T11:14:00.000Z,540.13,BRL,sports,0.00,true,540.13,0.0,540.13,2026-07-31T12:59:56.604Z
B0002000,P00143,2024-02-04T15:38:00.000Z,607.08,BRL,sports,1991.88,true,607.08,1991.88,-1384.8,2026-07-31T12:59:56.604Z
B0002001,P00143,2024-02-15T13:53:00.000Z,487.95,BRL,sports,0.00,true,487.95,0.0,487.95,2026-07-31T12:59:56.604Z
B0002002,P00143,2024-01-19T17:57:00.000Z,410.23,BRL,sports,0.00,true,410.23,0.0,410.23,2026-07-31T12:59:56.604Z
B0002003,P00143,2024-02-09T07:13:00.000Z,592.39,BRL,casino,0.00,true,592.39,0.0,592.39,2026-07-31T12:59:56.604Z
B0002004,P00143,2024-01-18T17:13:00.000Z,986.27,BRL,sports,0.00,true,986.27,0.0,986.27,2026-07-31T12:59:56.604Z
B0002005,P00143,2024-02-01T19:00:00.000Z,502.61,BRL,sports,1505.09,true,502.61,1505.09,-1002.48,2026-07-31T12:59:56.604Z
B0002006,P00143,2024-01-27T14:13:00.000Z,673.07,BRL,casino,1700.07,true,673.07,1700.07,-1027.0,2026-07-31T12:59:56.604Z
B0002007,P00143,2024-02-01T00:41:00.000Z,489.78,BRL,sports,0.00,true,489.78,0.0,489.78,2026-07-31T12:59:56.604Z
B0002008,P00143,2024-01-29T02:21:00.000Z,649.79,BRL,casino,1342.86,true,649.79,1342.86,-693.07,2026-07-31T12:59:56.604Z
B0002009,P00143,2024-02-04T06:38:00.000Z,68.67,BRL,casino,0.00,true,68.67,0.0,68.67,2026-07-31T12:59:56.604Z
B0002010,P00143,2024-01-18T21:14:00.000Z,581.47,BRL,sports,0.00,true,581.47,0.0,581.47,2026-07-31T12:59:56.604Z
B0002011,P00143,2024-02-05T02:47:00.000Z,347.41,BRL,sports,0.00,true,347.41,0.0,347.41,2026-07-31T12:59:56.604Z
B0002012,P00143,2024-01-23T21:34:00.000Z,652.64,BRL,sports,0.00,true,652.64,0.0,652.64,2026-07-31T12:59:56.604Z
B0002013,P00143,2024-02-05T19:28:00.000Z,293.18,BRL,sports,0.00,true,293.18,0.0,293.18,2026-07-31T12:59:56.604Z
B0002014,P00143,2024-01-25T15:06:00.000Z,945.26,BRL,sports,2607.65,true,945.26,2607.65,-1662.39,2026-07-31T12:59:56.604Z
B0002015,P00143,2024-02-15T00:11:00.000Z,430.77,BRL,casino,940.98,true,430.77,940.98,-510.21,2026-07-31T12:59:56.604Z
B0002016,P00143,2024-02-13T15:20:00.000Z,784.83,BRL,casino,1098.01,true,784.83,1098.01,-313.18,2026-07-31T12:59:56.604Z
B0002017,P00143,2024-01-21T00:08:00.000Z,78.81,BRL,sports,0.00,true,78.81,0.0,78.81,2026-07-31T12:59:56.604Z
B0002018,P00143,2024-01-22T15:28:00.000Z,393.84,BRL,sports,0.00,true,393.84,0.0,393.84,2026-07-31T12:59:56.604Z
B0002019,P00143,2024-02-11T01:12:00.000Z,480.43,BRL,casino,947.02,true,480.43,947.02,-466.59,2026-07-31T12:59:56.604Z
B0002020,P00143,2024-01-25T19:33:00.000Z,587.84,BRL,casino,892.07,true,587.84,892.07,-304.23,2026-07-31T12:59:56.604Z
B0002021,P00143,2024-02-19T01:54:00.000Z,224.57,BRL,sports,0.00,true,224.57,0.0,224.57,2026-07-31T12:59:56.604Z
B0002022,P00143,2024-02-06T03:53:00.000Z,44.84,BRL,casino,0.00,true,44.84,0.0,44.84,2026-07-31T12:59:56.604Z
B0002023,P00143,2024-02-02T02:15:00.000Z,540.18,BRL,sports,0.00,true,540.18,0.0,540.18,2026-07-31T12:59:56.604Z
B0002024,P00143,2024-01-31T10:24:00.000Z,69.57,USD,casino,0.00,true,340.3,0.0,340.3,2026-07-31T12:59:56.604Z
B0002025,P00143,2024-01-31T03:31:00.000Z,151.24,USD,sports,0.00,true,739.79,0.0,739.79,2026-07-31T12:59:56.604Z
B0002026,P00143,2024-02-18T05:13:00.000Z,572.27,BRL,sports,0.00,true,572.27,0.0,572.27,2026-07-31T12:59:56.604Z
B0002027,P00143,2024-01-20T06:44:00.000Z,133.79,USD,casino,279.89,true,651.78,1363.53,-711.75,2026-07-31T12:59:56.604Z
B0002028,P00143,2024-02-12T20:55:00.000Z,433.93,BRL,casino,0.00,true,433.93,0.0,433.93,2026-07-31T12:59:56.604Z
B0002029,P00143,2024-01-22T05:22:00.000Z,490.41,BRL,sports,0.00,true,490.41,0.0,490.41,2026-07-31T12:59:56.604Z
B0002030,P00143,2024-02-02T05:48:00.000Z,835.25,BRL,casino,0.00,true,835.25,0.0,835.25,2026-07-31T12:59:56.604Z
B0002031,P00143,2024-02-17T08:10:00.000Z,263.88,BRL,casino,494.79,true,263.88,494.79,-230.91,2026-07-31T12:59:56.604Z
B0002032,P00143,2024-02-05T01:00:00.000Z,831.31,BRL,casino,1775.37,true,831.31,1775.37,-944.06,2026-07-31T12:59:56.604Z
B0002033,P00143,2024-01-26T20:09:00.000Z,421.71,BRL,sports,1406.93,true,421.71,1406.93,-985.22,2026-07-31T12:59:56.604Z
B0002034,P00143,2024-02-13T16:11:00.000Z,751.94,BRL,sports,0.00,true,751.94,0.0,751.94,2026-07-31T12:59:56.604Z
B0002035,P00143,2024-02-07T02:43:00.000Z,615.82,BRL,casino,0.00,true,615.82,0.0,615.82,2026-07-31T12:59:56.604Z
B0002036,P00143,2024-01-26T06:00:00.000Z,20.18,EUR,sports,60.54,true,105.97,317.9,-211.93,2026-07-31T12:59:56.604Z
B0002037,P00143,2024-01-27T11:54:00.000Z,296.24,BRL,sports,0.00,true,296.24,0.0,296.24,2026-07-31T12:59:56.604Z
B0002038,P00143,2024-02-05T09:56:00.000Z,972.60,BRL,sports,0.00,true,972.6,0.0,972.6,2026-07-31T12:59:56.604Z
B0002039,P00143,2024-02-10T09:13:00.000Z,51.69,EUR,sports,0.00,true,272.47,0.0,272.47,2026-07-31T12:59:56.604Z
B0002040,P00143,2024-01-26T22:09:00.000Z,111.54,USD,sports,0.00,true,540.42,0.0,540.42,2026-07-31T12:59:56.604Z
B0002041,P00143,2024-01-30T12:45:00.000Z,732.48,BRL,casino,973.49,true,732.48,973.49,-241.01,2026-07-31T12:59:56.604Z
B0002042,P00143,2024-02-07T08:25:00.000Z,98.16,USD,sports,0.00,true,480.07,0.0,480.07,2026-07-31T12:59:56.604Z
B0002043,P00143,2024-02-13T18:51:00.000Z,672.55,BRL,casino,0.00,true,672.55,0.0,672.55,2026-07-31T12:59:56.604Z
B0002044,P00143,2024-01-30T19:01:00.000Z,988.50,BRL,sports,0.00,true,988.5,0.0,988.5,2026-07-31T12:59:56.604Z
B0002045,P00143,2024-02-05T23:34:00.000Z,272.08,BRL,sports,484.90,true,272.08,484.9,-212.82,2026-07-31T12:59:56.604Z
B0002046,P00143,2024-01-31T15:24:00.000Z,216.45,BRL,sports,0.00,true,216.45,0.0,216.45,2026-07-31T12:59:56.604Z
B0002047,P00143,2024-02-19T07:46:00.000Z,977.43,BRL,sports,0.00,true,977.43,0.0,977.43,2026-07-31T12:59:56.604Z
B0002048,P00143,2024-01-31T03:58:00.000Z,852.56,BRL,casino,0.00,true,852.56,0.0,852.56,2026-07-31T12:59:56.604Z
B0002049,P00143,2024-02-14T21:17:00.000Z,601.40,BRL,sports,2084.67,true,601.4,2084.67,-1483.27,2026-07-31T12:59:56.604Z
B0002050,P00143,2024-01-25T17:05:00.000Z,149.84,BRL,sports,0.00,true,149.84,0.0,149.84,2026-07-31T12:59:56.604Z
B0002051,P00143,2024-02-10T01:57:00.000Z,169.63,EUR,casino,0.00,true,894.15,0.0,894.15,2026-07-31T12:59:56.604Z
B0002052,P00143,2024-02-05T11:44:00.000Z,477.82,BRL,sports,0.00,true,477.82,0.0,477.82,2026-07-31T12:59:56.604Z
B0002053,P00143,2024-01-21T14:46:00.000Z,526.30,BRL,sports,0.00,true,526.3,0.0,526.3,2026-07-31T12:59:56.604Z
B0002054,P00143,2024-02-05T00:25:00.000Z,72.80,BRL,casino,132.89,true,72.8,132.89,-60.09,2026-07-31T12:59:56.604Z
B0002055,P00143,2024-02-19T02:40:00.000Z,688.67,BRL,sports,0.00,true,688.67,0.0,688.67,2026-07-31T12:59:56.604Z
B0002056,P00143,2024-02-04T10:12:00.000Z,221.16,BRL,sports,428.02,true,221.16,428.02,-206.86,2026-07-31T12:59:56.604Z
B0002057,P00143,2024-01-18T01:53:00.000Z,103.75,USD,casino,191.75,true,506.54,936.19,-429.65,2026-07-31T12:59:56.604Z
B0002058,P00143,2024-02-03T18:42:00.000Z,7.47,EUR,sports,0.00,true,39.17,0.0,39.17,2026-07-31T12:59:56.604Z
B0002059,P00143,2024-02-12T15:30:00.000Z,529.48,BRL,sports,0.00,true,529.48,0.0,529.48,2026-07-31T12:59:56.604Z
B0002060,P00143,2024-02-14T10:27:00.000Z,103.68,USD,sports,358.34,true,507.37,1753.59,-1246.22,2026-07-31T12:59:56.604Z
B0002061,P00143,2024-01-23T08:37:00.000Z,472.67,BRL,sports,0.00,true,472.67,0.0,472.67,2026-07-31T12:59:56.604Z
B0002062,P00143,2024-01-30T16:55:00.000Z,70.34,BRL,sports,0.00,true,70.34,0.0,70.34,2026-07-31T12:59:56.604Z
B0002063,P00143,2024-02-08T14:04:00.000Z,538.63,BRL,casino,962.99,true,538.63,962.99,-424.36,2026-07-31T12:59:56.604Z
B0002064,P00143,2024-02-14T03:15:00.000Z,707.06,BRL,sports,0.00,true,707.06,0.0,707.06,2026-07-31T12:59:56.604Z
B0002065,P00143,2024-02-19T09:49:00.000Z,163.43,BRL,casino,249.50,true,163.43,249.5,-86.07,2026-07-31T12:59:56.604Z
B0002066,P00143,2024-02-08T22:27:00.000Z,71.20,BRL,casino,218.80,true,71.2,218.8,-147.6,2026-07-31T12:59:56.604Z
B0002067,P00143,2024-01-31T05:10:00.000Z,11.43,BRL,casino,0.00,true,11.43,0.0,11.43,2026-07-31T12:59:56.604Z
B0002068,P00143,2024-01-29T18:14:00.000Z,387.33,BRL,casino,0.00,true,387.33,0.0,387.33,2026-07-31T12:59:56.604Z
B0002069,P00143,2024-02-07T02:08:00.000Z,162.39,USD,casino,0.00,true,794.19,0.0,794.19,2026-07-31T12:59:56.604Z
B0002070,P00143,2024-02-06T19:58:00.000Z,968.44,BRL,sports,2374.66,true,968.44,2374.66,-1406.22,2026-07-31T12:59:56.604Z
B0002071,P00143,2024-02-17T17:14:00.000Z,147.57,EUR,sports,0.00,true,775.51,0.0,775.51,2026-07-31T12:59:56.604Z
B0002072,P00143,2024-02-17T22:07:00.000Z,471.80,BRL,sports,0.00,true,471.8,0.0,471.8,2026-07-31T12:59:56.604Z
B0002073,P00143,2024-02-19T09:32:00.000Z,322.44,BRL,casino,0.00,true,322.44,0.0,322.44,2026-07-31T12:59:56.604Z
B0002074,P00143,2024-01-30T01:52:00.000Z,11.70,EUR,sports,16.27,true,61.77,85.9,-24.13,2026-07-31T12:59:56.604Z
B0002075,P00143,2024-02-04T20:03:00.000Z,135.35,USD,casino,0.00,true,658.37,0.0,658.37,2026-07-31T12:59:56.604Z
B0002076,P00143,2024-02-17T17:53:00.000Z,693.28,BRL,casino,1580.82,true,693.28,1580.82,-887.54,2026-07-31T12:59:56.604Z
B0002077,P00144,2024-01-08T13:22:00.000Z,632.74,BRL,casino,1290.13,true,632.74,1290.13,-657.39,2026-07-31T12:59:56.604Z
B0002078,P00144,2023-12-04T15:33:00.000Z,409.69,BRL,sports,1065.86,true,409.69,1065.86,-656.17,2026-07-31T12:59:56.604Z
B0002079,P00144,2023-11-07T02:59:00.000Z,269.68,BRL,casino,766.11,true,269.68,766.11,-496.43,2026-07-31T12:59:56.604Z
B0002080,P00144,2023-10-31T02:29:00.000Z,382.96,BRL,sports,0.00,true,382.96,0.0,382.96,2026-07-31T12:59:56.604Z
B0002081,P00144,2024-01-10T17:15:00.000Z,838.60,BRL,sports,0.00,true,838.6,0.0,838.6,2026-07-31T12:59:56.604Z
B0002082,P00144,2023-12-11T08:48:00.000Z,50.51,EUR,sports,0.00,true,266.53,0.0,266.53,2026-07-31T12:59:56.604Z
B0002083,P00144,2023-11-25T05:47:00.000Z,642.34,BRL,sports,2112.08,true,642.34,2112.08,-1469.74,2026-07-31T12:59:56.604Z
B0002084,P00144,2023-10-19T10:08:00.000Z,145.21,EUR,casino,177.23,true,777.47,948.91,-171.44,2026-07-31T12:59:56.604Z
B0002085,P00144,2023-11-27T19:58:00.000Z,719.18,BRL,casino,0.00,true,719.18,0.0,719.18,2026-07-31T12:59:56.604Z
B0002086,P00144,2023-12-29T03:18:00.000Z,558.52,BRL,sports,0.00,true,558.52,0.0,558.52,2026-07-31T12:59:56.604Z
B0002087,P00144,2023-11-28T07:36:00.000Z,93.81,BRL,sports,173.78,true,93.81,173.78,-79.97,2026-07-31T12:59:56.604Z
B0002088,P00144,2023-11-15T21:40:00.000Z,970.45,BRL,casino,0.00,true,970.45,0.0,970.45,2026-07-31T12:59:56.604Z
B0002089,P00145,2023-10-19T22:44:00.000Z,27.83,BRL,sports,93.72,true,27.83,93.72,-65.89,2026-07-31T12:59:56.604Z
B0002090,P00145,2023-12-01T05:34:00.000Z,150.52,BRL,casino,0.00,true,150.52,0.0,150.52,2026-07-31T12:59:56.604Z
B0002091,P00145,2023-10-25T14:18:00.000Z,594.28,BRL,sports,1698.09,true,594.28,1698.09,-1103.81,2026-07-31T12:59:56.604Z
B0002092,P00145,2023-08-29T14:01:00.000Z,690.76,BRL,casino,0.00,true,690.76,0.0,690.76,2026-07-31T12:59:56.604Z
B0002093,P00145,2023-08-31T05:37:00.000Z,130.85,EUR,sports,0.00,true,696.49,0.0,696.49,2026-07-31T12:59:56.604Z
B0002094,P00145,2024-01-09T10:07:00.000Z,283.40,BRL,casino,0.00,true,283.4,0.0,283.4,2026-07-31T12:59:56.604Z
B0002095,P00145,2023-10-09T02:15:00.000Z,879.71,BRL,casino,0.00,true,879.71,0.0,879.71,2026-07-31T12:59:56.604Z
B0002096,P00145,2023-12-04T19:12:00.000Z,910.03,BRL,sports,2583.91,true,910.03,2583.91,-1673.88,2026-07-31T12:59:56.604Z
B0002097,P00145,2023-09-10T19:37:00.000Z,61.58,BRL,sports,81.32,true,61.58,81.32,-19.74,2026-07-31T12:59:56.604Z
B0002098,P00145,2023-09-04T18:19:00.000Z,523.44,BRL,sports,0.00,true,523.44,0.0,523.44,2026-07-31T12:59:56.604Z
B0002099,P00145,2023-10-02T04:21:00.000Z,982.49,BRL,sports,2758.58,true,982.49,2758.58,-1776.09,2026-07-31T12:59:56.604Z
B0002100,P00145,2023-08-31T15:40:00.000Z,233.96,BRL,casino,0.00,true,233.96,0.0,233.96,2026-07-31T12:59:56.604Z
B0002101,P00145,2023-12-03T21:01:00.000Z,246.23,BRL,sports,391.97,true,246.23,391.97,-145.74,2026-07-31T12:59:56.604Z
B0002102,P00145,2023-09-23T19:55:00.000Z,676.01,BRL,casino,915.04,true,676.01,915.04,-239.03,2026-07-31T12:59:56.604Z
B0002103,P00145,2023-12-14T19:55:00.000Z,981.49,BRL,casino,0.00,true,981.49,0.0,981.49,2026-07-31T12:59:56.604Z
B0002104,P00145,2023-10-14T02:49:00.000Z,41.15,BRL,sports,101.29,true,41.15,101.29,-60.14,2026-07-31T12:59:56.604Z
B0002105,P00145,2023-08-21T13:39:00.000Z,435.49,BRL,casino,0.00,true,435.49,0.0,435.49,2026-07-31T12:59:56.604Z
B0002106,P00145,2023-09-23T01:27:00.000Z,172.81,EUR,sports,0.00,true,927.44,0.0,927.44,2026-07-31T12:59:56.604Z
B0002107,P00145,2023-12-18T16:25:00.000Z,734.78,BRL,casino,930.38,true,734.78,930.38,-195.6,2026-07-31T12:59:56.604Z
B0002108,P00145,2023-12-06T09:55:00.000Z,867.44,BRL,sports,0.00,true,867.44,0.0,867.44,2026-07-31T12:59:56.604Z
B0002109,P00145,2024-01-01T11:57:00.000Z,958.40,BRL,casino,1670.71,true,958.4,1670.71,-712.31,2026-07-31T12:59:56.604Z
B0002110,P00148,2024-03-16T02:10:00.000Z,165.66,BRL,sports,0.00,true,165.66,0.0,165.66,2026-07-31T12:59:56.604Z
B0002111,P00148,2024-03-13T10:36:00.000Z,446.63,BRL,sports,0.00,true,446.63,0.0,446.63,2026-07-31T12:59:56.604Z
B0002112,P00148,2024-03-13T02:35:00.000Z,90.20,BRL,sports,277.74,true,90.2,277.74,-187.54,2026-07-31T12:59:56.604Z
B0002113,P00148,2024-03-13T12:06:00.000Z,585.81,BRL,sports,0.00,true,585.81,0.0,585.81,2026-07-31T12:59:56.604Z
B0002114,P00148,2024-03-12T08:38:00.000Z,479.24,BRL,casino,0.00,true,479.24,0.0,479.24,2026-07-31T12:59:56.604Z
B0002115,P00148,2024-03-13T22:34:00.000Z,551.30,BRL,sports,1367.89,true,551.3,1367.89,-816.59,2026-07-31T12:59:56.604Z
B0002116,P00148,2024-03-12T04:49:00.000Z,918.86,BRL,casino,0.00,true,918.86,0.0,918.86,2026-07-31T12:59:56.604Z
B0002117,P00148,2024-03-10T02:04:00.000Z,781.80,BRL,sports,1929.72,true,781.8,1929.72,-1147.92,2026-07-31T12:59:56.604Z
B0002118,P00148,2024-03-14T06:05:00.000Z,863.66,BRL,casino,0.00,true,863.66,0.0,863.66,2026-07-31T12:59:56.604Z
B0002119,P00148,2024-03-10T00:41:00.000Z,842.31,BRL,casino,1840.97,true,842.31,1840.97,-998.66,2026-07-31T12:59:56.604Z
B0002120,P00148,2024-03-16T14:33:00.000Z,106.00,EUR,casino,272.11,true,563.93,1447.65,-883.72,2026-07-31T12:59:56.604Z
B0002121,P00148,2024-03-14T23:40:00.000Z,493.82,BRL,sports,0.00,true,493.82,0.0,493.82,2026-07-31T12:59:56.604Z
B0002122,P00148,2024-03-15T20:21:00.000Z,591.70,BRL,sports,848.41,true,591.7,848.41,-256.71,2026-07-31T12:59:56.604Z
B0002123,P00148,2024-03-10T10:10:00.000Z,394.47,BRL,sports,0.00,true,394.47,0.0,394.47,2026-07-31T12:59:56.604Z
B0002124,P00148,2024-03-13T03:12:00.000Z,602.72,BRL,casino,974.40,true,602.72,974.4,-371.68,2026-07-31T12:59:56.604Z
B0002125,P00148,2024-03-14T07:56:00.000Z,123.47,BRL,sports,0.00,true,123.47,0.0,123.47,2026-07-31T12:59:56.604Z
B0002126,P00148,2024-03-10T18:50:00.000Z,500.98,BRL,sports,1684.78,true,500.98,1684.78,-1183.8,2026-07-31T12:59:56.604Z
B0002127,P00148,2024-03-13T09:15:00.000Z,426.36,BRL,casino,1300.97,true,426.36,1300.97,-874.61,2026-07-31T12:59:56.604Z
B0002128,P00148,2024-03-16T10:50:00.000Z,291.84,BRL,sports,893.22,true,291.84,893.22,-601.38,2026-07-31T12:59:56.604Z
B0002129,P00148,2024-03-16T13:57:00.000Z,280.70,BRL,casino,765.10,true,280.7,765.1,-484.4,2026-07-31T12:59:56.604Z
B0002130,P00148,2024-03-15T21:50:00.000Z,498.56,BRL,sports,1034.51,true,498.56,1034.51,-535.95,2026-07-31T12:59:56.604Z
B0002131,P00148,2024-03-12T16:17:00.000Z,256.89,BRL,casino,458.57,true,256.89,458.57,-201.68,2026-07-31T12:59:56.604Z
B0002132,P00148,2024-03-15T19:22:00.000Z,551.23,BRL,sports,0.00,true,551.23,0.0,551.23,2026-07-31T12:59:56.604Z
B0002133,P00148,2024-03-15T16:14:00.000Z,271.33,BRL,casino,510.74,true,271.33,510.74,-239.41,2026-07-31T12:59:56.604Z
B0002134,P00148,2024-03-15T10:27:00.000Z,431.81,BRL,casino,931.82,true,431.81,931.82,-500.01,2026-07-31T12:59:56.604Z
B0002135,P00148,2024-03-16T18:30:00.000Z,316.62,BRL,casino,1006.71,true,316.62,1006.71,-690.09,2026-07-31T12:59:56.604Z
B0002136,P00148,2024-03-14T04:10:00.000Z,924.69,BRL,casino,0.00,true,924.69,0.0,924.69,2026-07-31T12:59:56.604Z
B0002137,P00149,2024-03-27T08:38:00.000Z,247.64,BRL,casino,0.00,true,247.64,0.0,247.64,2026-07-31T12:59:56.604Z
B0002138,P00149,2024-03-20T05:03:00.000Z,764.34,BRL,casino,0.00,true,764.34,0.0,764.34,2026-07-31T12:59:56.604Z
B0002139,P00149,2024-02-17T19:03:00.000Z,534.35,BRL,casino,844.23,true,534.35,844.23,-309.88,2026-07-31T12:59:56.604Z
B0002140,P00150,2023-10-30T02:02:00.000Z,985.88,BRL,casino,0.00,true,985.88,0.0,985.88,2026-07-31T12:59:56.604Z
B0002141,P00150,2023-12-12T19:37:00.000Z,739.61,BRL,casino,0.00,true,739.61,0.0,739.61,2026-07-31T12:59:56.604Z
B0002142,P00150,2023-10-28T23:00:00.000Z,922.48,BRL,sports,0.00,true,922.48,0.0,922.48,2026-07-31T12:59:56.604Z
B0002143,P00153,2024-03-09T01:44:00.000Z,198.57,USD,sports,255.85,true,954.74,1230.14,-275.4,2026-07-31T12:59:56.604Z
B0002144,P00153,2024-03-10T05:21:00.000Z,5.61,USD,sports,13.99,true,26.97,67.26,-40.29,2026-07-31T12:59:56.604Z
B0002145,P00153,2024-03-09T15:43:00.000Z,119.73,USD,sports,0.00,true,575.67,0.0,575.67,2026-07-31T12:59:56.604Z
B0002146,P00153,2024-03-09T05:05:00.000Z,124.47,USD,sports,0.00,true,598.46,0.0,598.46,2026-07-31T12:59:56.604Z
B0002147,P00153,2024-03-09T02:22:00.000Z,62.35,EUR,sports,217.33,true,327.99,1143.26,-815.27,2026-07-31T12:59:56.604Z
B0002148,P00153,2024-03-10T21:51:00.000Z,30.65,USD,casino,84.41,true,147.37,405.85,-258.48,2026-07-31T12:59:56.604Z
B0002149,P00153,2024-03-09T11:35:00.000Z,105.19,USD,casino,0.00,true,505.76,0.0,505.76,2026-07-31T12:59:56.604Z
B0002150,P00153,2024-03-10T23:51:00.000Z,190.96,USD,sports,561.46,true,918.15,2699.53,-1781.38,2026-07-31T12:59:56.604Z
B0002151,P00153,2024-03-09T21:22:00.000Z,16.60,USD,casino,0.00,true,79.81,0.0,79.81,2026-07-31T12:59:56.604Z
B0002152,P00153,2024-03-10T00:48:00.000Z,44.76,USD,casino,0.00,true,215.21,0.0,215.21,2026-07-31T12:59:56.604Z
B0002153,P00153,2024-03-09T03:16:00.000Z,109.22,USD,casino,245.52,true,525.14,1180.48,-655.34,2026-07-31T12:59:56.604Z
B0002154,P00153,2024-03-09T09:27:00.000Z,28.94,USD,sports,55.86,true,139.15,268.58,-129.43,2026-07-31T12:59:56.604Z
B0002155,P00153,2024-03-10T00:16:00.000Z,21.20,USD,sports,0.00,true,101.93,0.0,101.93,2026-07-31T12:59:56.604Z
B0002156,P00153,2024-03-10T00:36:00.000Z,3.81,USD,sports,0.00,true,18.32,0.0,18.32,2026-07-31T12:59:56.604Z
B0002157,P00153,2024-03-09T21:38:00.000Z,86.87,USD,casino,272.89,true,417.68,1312.07,-894.39,2026-07-31T12:59:56.604Z
B0002158,P00153,2024-03-09T16:46:00.000Z,99.32,USD,sports,195.84,true,477.54,941.61,-464.07,2026-07-31T12:59:56.604Z
B0002159,P00153,2024-03-09T18:11:00.000Z,141.08,USD,sports,243.14,true,678.32,1169.03,-490.71,2026-07-31T12:59:56.604Z
B0002160,P00153,2024-03-10T11:02:00.000Z,165.73,USD,casino,0.00,true,796.84,0.0,796.84,2026-07-31T12:59:56.604Z
B0002161,P00153,2024-03-10T01:38:00.000Z,19.00,USD,sports,29.45,true,91.35,141.6,-50.25,2026-07-31T12:59:56.604Z
B0002162,P00153,2024-03-10T11:50:00.000Z,10.19,USD,sports,0.00,true,48.99,0.0,48.99,2026-07-31T12:59:56.604Z
B0002163,P00153,2024-03-09T07:11:00.000Z,27.37,USD,sports,56.20,true,131.6,270.21,-138.61,2026-07-31T12:59:56.604Z
B0002164,P00153,2024-03-09T03:57:00.000Z,59.27,USD,sports,110.01,true,284.97,528.93,-243.96,2026-07-31T12:59:56.604Z
B0002165,P00153,2024-03-09T06:58:00.000Z,50.50,USD,sports,0.00,true,242.81,0.0,242.81,2026-07-31T12:59:56.604Z
B0002166,P00153,2024-03-09T12:30:00.000Z,171.29,USD,sports,0.00,true,823.57,0.0,823.57,2026-07-31T12:59:56.604Z
B0002167,P00153,2024-03-09T01:43:00.000Z,82.19,USD,casino,0.00,true,395.17,0.0,395.17,2026-07-31T12:59:56.604Z
B0002168,P00153,2024-03-09T09:54:00.000Z,156.67,USD,sports,211.15,true,753.28,1015.22,-261.94,2026-07-31T12:59:56.604Z
B0002169,P00153,2024-03-09T16:46:00.000Z,29.11,USD,casino,0.00,true,139.96,0.0,139.96,2026-07-31T12:59:56.604Z
B0002170,P00153,2024-03-09T07:57:00.000Z,31.97,USD,sports,78.80,true,153.71,378.88,-225.17,2026-07-31T12:59:56.604Z
B0002171,P00153,2024-03-10T17:22:00.000Z,136.20,USD,sports,315.07,true,654.86,1514.88,-860.02,2026-07-31T12:59:56.604Z
B0002172,P00153,2024-03-10T16:53:00.000Z,88.97,USD,sports,280.79,true,427.77,1350.06,-922.29,2026-07-31T12:59:56.604Z
B0002173,P00153,2024-03-10T18:11:00.000Z,12.24,USD,sports,16.13,true,58.85,77.55,-18.7,2026-07-31T12:59:56.604Z
B0002174,P00153,2024-03-09T03:31:00.000Z,76.08,USD,sports,0.00,true,365.8,0.0,365.8,2026-07-31T12:59:56.604Z
B0002175,P00153,2024-03-09T12:32:00.000Z,62.63,USD,casino,83.12,true,301.13,399.65,-98.52,2026-07-31T12:59:56.604Z
B0002176,P00153,2024-03-10T00:00:00.000Z,10.40,USD,sports,0.00,true,50.0,0.0,50.0,2026-07-31T12:59:56.604Z
B0002177,P00153,2024-03-10T04:04:00.000Z,138.26,USD,sports,0.00,true,664.76,0.0,664.76,2026-07-31T12:59:56.604Z
B0002178,P00153,2024-03-09T03:35:00.000Z,108.80,USD,sports,149.46,true,523.12,718.61,-195.49,2026-07-31T12:59:56.604Z
B0002179,P00153,2024-03-10T01:15:00.000Z,10.65,USD,casino,0.00,true,51.21,0.0,51.21,2026-07-31T12:59:56.604Z
B0002180,P00153,2024-03-10T11:35:00.000Z,55.03,EUR,sports,78.51,true,289.49,413.0,-123.51,2026-07-31T12:59:56.604Z
B0002181,P00153,2024-03-10T16:43:00.000Z,35.59,USD,sports,0.00,true,171.12,0.0,171.12,2026-07-31T12:59:56.604Z
B0002182,P00153,2024-03-10T03:53:00.000Z,145.01,USD,sports,0.00,true,697.22,0.0,697.22,2026-07-31T12:59:56.604Z
B0002183,P00153,2024-03-09T14:44:00.000Z,135.67,USD,casino,0.00,true,652.31,0.0,652.31,2026-07-31T12:59:56.604Z
B0002184,P00153,2024-03-09T10:45:00.000Z,120.45,USD,casino,0.00,true,579.13,0.0,579.13,2026-07-31T12:59:56.604Z
B0002185,P00153,2024-03-10T01:44:00.000Z,37.65,USD,sports,75.80,true,181.02,364.45,-183.43,2026-07-31T12:59:56.604Z
B0002186,P00153,2024-03-09T08:17:00.000Z,182.75,USD,casino,0.00,true,878.67,0.0,878.67,2026-07-31T12:59:56.604Z
B0002187,P00153,2024-03-09T05:11:00.000Z,134.59,USD,sports,0.00,true,647.12,0.0,647.12,2026-07-31T12:59:56.604Z
B0002188,P00153,2024-03-10T17:39:00.000Z,17.10,USD,casino,51.24,true,82.22,246.37,-164.15,2026-07-31T12:59:56.604Z
B0002189,P00153,2024-03-10T13:22:00.000Z,187.01,USD,casino,427.69,true,899.16,2056.36,-1157.2,2026-07-31T12:59:56.604Z
B0002190,P00153,2024-03-10T10:15:00.000Z,120.41,USD,casino,0.00,true,578.94,0.0,578.94,2026-07-31T12:59:56.604Z
B0002191,P00153,2024-03-10T15:32:00.000Z,162.37,USD,casino,0.00,true,780.68,0.0,780.68,2026-07-31T12:59:56.604Z
B0002192,P00153,2024-03-09T16:48:00.000Z,48.86,USD,casino,70.61,true,234.92,339.5,-104.58,2026-07-31T12:59:56.604Z
B0002193,P00153,2024-03-10T09:12:00.000Z,188.05,USD,casino,439.50,true,904.16,2113.14,-1208.98,2026-07-31T12:59:56.604Z
B0002194,P00153,2024-03-10T02:41:00.000Z,10.26,USD,casino,0.00,true,49.33,0.0,49.33,2026-07-31T12:59:56.604Z
B0002195,P00153,2024-03-10T20:11:00.000Z,61.08,USD,casino,0.00,true,293.68,0.0,293.68,2026-07-31T12:59:56.604Z
B0002196,P00153,2024-03-10T00:29:00.000Z,44.46,USD,casino,122.89,true,213.77,590.86,-377.09,2026-07-31T12:59:56.604Z
B0002197,P00153,2024-03-09T06:18:00.000Z,35.65,USD,sports,0.00,true,171.41,0.0,171.41,2026-07-31T12:59:56.604Z
B0002198,P00153,2024-03-09T02:59:00.000Z,198.08,USD,casino,0.00,true,952.38,0.0,952.38,2026-07-31T12:59:56.604Z
B0002199,P00153,2024-03-10T23:24:00.000Z,168.50,USD,casino,348.35,true,810.16,1674.89,-864.73,2026-07-31T12:59:56.604Z
B0002200,P00153,2024-03-09T03:01:00.000Z,110.69,USD,casino,0.00,true,532.2,0.0,532.2,2026-07-31T12:59:56.604Z
B0002201,P00153,2024-03-09T07:14:00.000Z,121.07,USD,sports,0.00,true,582.11,0.0,582.11,2026-07-31T12:59:56.604Z
B0002202,P00153,2024-03-10T17:45:00.000Z,37.04,USD,sports,0.00,true,178.09,0.0,178.09,2026-07-31T12:59:56.604Z
B0002203,P00153,2024-03-09T00:58:00.000Z,12.47,USD,casino,21.36,true,59.96,102.7,-42.74,2026-07-31T12:59:56.604Z
B0002204,P00153,2024-03-09T11:10:00.000Z,187.39,USD,sports,265.46,true,900.98,1276.35,-375.37,2026-07-31T12:59:56.604Z
B0002205,P00153,2024-03-09T01:44:00.000Z,25.69,USD,casino,36.00,true,123.52,173.09,-49.57,2026-07-31T12:59:56.604Z
B0002206,P00153,2024-03-09T11:46:00.000Z,96.61,USD,casino,0.00,true,464.51,0.0,464.51,2026-07-31T12:59:56.604Z
B0002207,P00153,2024-03-10T05:59:00.000Z,116.75,USD,sports,301.29,true,561.34,1448.62,-887.28,2026-07-31T12:59:56.604Z
B0002208,P00153,2024-03-09T07:21:00.000Z,22.97,USD,casino,0.00,true,110.44,0.0,110.44,2026-07-31T12:59:56.604Z
B0002209,P00153,2024-03-10T14:57:00.000Z,19.89,USD,sports,0.00,true,95.63,0.0,95.63,2026-07-31T12:59:56.604Z
B0002210,P00153,2024-03-10T22:45:00.000Z,633.68,BRL,casino,0.00,true,633.68,0.0,633.68,2026-07-31T12:59:56.604Z
B0002211,P00153,2024-03-10T02:29:00.000Z,19.85,USD,casino,61.67,true,95.44,296.51,-201.07,2026-07-31T12:59:56.604Z
B0002212,P00154,2023-12-08T01:38:00.000Z,149.22,USD,casino,0.00,true,746.36,0.0,746.36,2026-07-31T12:59:56.604Z
B0002213,P00154,2023-12-13T00:36:00.000Z,98.11,USD,sports,0.00,true,496.07,0.0,496.07,2026-07-31T12:59:56.604Z
B0002214,P00154,2023-12-10T20:03:00.000Z,142.39,USD,casino,0.00,true,712.19,0.0,712.19,2026-07-31T12:59:56.604Z
B0002215,P00154,2023-12-10T14:00:00.000Z,34.17,USD,casino,101.02,true,170.91,505.27,-334.36,2026-07-31T12:59:56.604Z
B0002216,P00154,2023-11-26T02:24:00.000Z,99.26,USD,sports,275.10,true,492.15,1364.0,-871.85,2026-07-31T12:59:56.604Z
B0002217,P00154,2023-12-19T18:15:00.000Z,39.70,USD,sports,0.00,true,199.6,0.0,199.6,2026-07-31T12:59:56.604Z
B0002218,P00155,2024-03-14T17:02:00.000Z,58.32,EUR,casino,0.00,true,311.24,0.0,311.24,2026-07-31T12:59:56.604Z
B0002219,P00155,2024-03-17T02:22:00.000Z,10.79,EUR,casino,0.00,true,57.4,0.0,57.4,2026-07-31T12:59:56.604Z
B0002220,P00155,2024-03-06T21:52:00.000Z,58.93,EUR,sports,164.89,true,312.27,873.75,-561.48,2026-07-31T12:59:56.604Z
B0002221,P00155,2024-03-16T01:30:00.000Z,102.96,EUR,casino,0.00,true,547.76,0.0,547.76,2026-07-31T12:59:56.604Z
B0002222,P00155,2024-03-18T22:21:00.000Z,110.99,EUR,sports,215.43,true,590.22,1145.61,-555.39,2026-07-31T12:59:56.604Z
B0002223,P00155,2024-03-09T16:20:00.000Z,13.13,EUR,sports,0.00,true,69.07,0.0,69.07,2026-07-31T12:59:56.604Z
B0002224,P00155,2024-03-15T03:31:00.000Z,171.77,EUR,casino,0.00,true,913.83,0.0,913.83,2026-07-31T12:59:56.604Z
B0002225,P00155,2024-03-23T23:45:00.000Z,163.70,EUR,sports,0.00,true,871.64,0.0,871.64,2026-07-31T12:59:56.604Z
B0002226,P00155,2024-03-07T03:38:00.000Z,22.14,EUR,casino,0.00,true,116.69,0.0,116.69,2026-07-31T12:59:56.604Z
B0002227,P00156,2024-01-15T05:06:00.000Z,724.71,BRL,casino,0.00,true,724.71,0.0,724.71,2026-07-31T12:59:56.604Z
B0002228,P00156,2024-01-31T18:38:00.000Z,57.46,BRL,casino,187.20,true,57.46,187.2,-129.74,2026-07-31T12:59:56.604Z
B0002229,P00156,2024-02-17T00:37:00.000Z,340.99,BRL,casino,0.00,true,340.99,0.0,340.99,2026-07-31T12:59:56.604Z
B0002230,P00156,2024-01-21T01:17:00.000Z,789.32,BRL,sports,0.00,true,789.32,0.0,789.32,2026-07-31T12:59:56.604Z
B0002231,P00156,2024-02-22T15:29:00.000Z,613.22,BRL,casino,0.00,true,613.22,0.0,613.22,2026-07-31T12:59:56.604Z
B0002232,P00156,2024-01-06T08:32:00.000Z,945.98,BRL,sports,0.00,true,945.98,0.0,945.98,2026-07-31T12:59:56.604Z
B0002233,P00156,2023-12-21T02:27:00.000Z,219.71,BRL,casino,0.00,true,219.71,0.0,219.71,2026-07-31T12:59:56.604Z
B0002234,P00156,2023-12-16T03:18:00.000Z,140.41,BRL,sports,0.00,true,140.41,0.0,140.41,2026-07-31T12:59:56.604Z
B0002235,P00156,2024-01-05T16:17:00.000Z,652.20,BRL,sports,0.00,true,652.2,0.0,652.2,2026-07-31T12:59:56.604Z
B0002236,P00156,2024-02-29T18:03:00.000Z,792.95,BRL,casino,0.00,true,792.95,0.0,792.95,2026-07-31T12:59:56.604Z
B0002237,P00156,2024-01-13T01:34:00.000Z,238.52,BRL,sports,780.94,true,238.52,780.94,-542.42,2026-07-31T12:59:56.604Z
B0002238,P00156,2024-01-21T11:54:00.000Z,172.35,BRL,casino,0.00,true,172.35,0.0,172.35,2026-07-31T12:59:56.604Z
B0002239,P00156,2024-01-01T18:48:00.000Z,669.81,BRL,casino,1234.38,true,669.81,1234.38,-564.57,2026-07-31T12:59:56.604Z
B0002240,P00156,2023-12-13T22:07:00.000Z,311.11,BRL,casino,875.33,true,311.11,875.33,-564.22,2026-07-31T12:59:56.604Z
B0002241,P00156,2023-12-21T12:06:00.000Z,419.45,BRL,casino,1094.42,true,419.45,1094.42,-674.97,2026-07-31T12:59:56.604Z
B0002242,P00156,2024-02-14T00:12:00.000Z,622.89,BRL,casino,0.00,true,622.89,0.0,622.89,2026-07-31T12:59:56.604Z
B0002243,P00156,2023-12-17T23:43:00.000Z,831.66,BRL,sports,2602.41,true,831.66,2602.41,-1770.75,2026-07-31T12:59:56.604Z
B0002244,P00156,2024-02-16T14:52:00.000Z,183.19,BRL,sports,0.00,true,183.19,0.0,183.19,2026-07-31T12:59:56.604Z
B0002245,P00156,2023-12-16T17:37:00.000Z,321.71,BRL,sports,583.74,true,321.71,583.74,-262.03,2026-07-31T12:59:56.604Z
B0002246,P00156,2023-12-17T16:27:00.000Z,178.63,BRL,casino,0.00,true,178.63,0.0,178.63,2026-07-31T12:59:56.604Z
B0002247,P00156,2024-02-27T07:36:00.000Z,172.04,BRL,casino,298.13,true,172.04,298.13,-126.09,2026-07-31T12:59:56.604Z
B0002248,P00156,2023-12-24T17:38:00.000Z,626.99,BRL,sports,0.00,true,626.99,0.0,626.99,2026-07-31T12:59:56.604Z
B0002249,P00156,2024-03-01T13:09:00.000Z,784.52,BRL,casino,1447.45,true,784.52,1447.45,-662.93,2026-07-31T12:59:56.604Z
B0002250,P00156,2023-12-13T02:26:00.000Z,674.98,BRL,sports,0.00,true,674.98,0.0,674.98,2026-07-31T12:59:56.604Z
B0002251,P00157,2024-02-20T02:23:00.000Z,541.10,BRL,sports,945.68,true,541.1,945.68,-404.58,2026-07-31T12:59:56.604Z
B0002252,P00157,2024-03-20T08:51:00.000Z,903.02,BRL,casino,1161.06,true,903.02,1161.06,-258.04,2026-07-31T12:59:56.604Z
B0002253,P00157,2024-02-18T07:39:00.000Z,252.84,BRL,sports,0.00,true,252.84,0.0,252.84,2026-07-31T12:59:56.604Z
B0002254,P00157,2024-03-23T19:36:00.000Z,25.72,BRL,casino,50.98,true,25.72,50.98,-25.26,2026-07-31T12:59:56.604Z
B0002255,P00157,2024-02-02T22:51:00.000Z,853.30,BRL,casino,0.00,true,853.3,0.0,853.3,2026-07-31T12:59:56.604Z
B0002256,P00157,2024-03-30T13:00:00.000Z,985.58,BRL,sports,0.00,true,985.58,0.0,985.58,2026-07-31T12:59:56.604Z
B0002257,P00157,2024-03-25T08:20:00.000Z,904.79,BRL,sports,0.00,true,904.79,0.0,904.79,2026-07-31T12:59:56.604Z
B0002258,P00157,2024-02-23T05:16:00.000Z,840.31,BRL,casino,0.00,true,840.31,0.0,840.31,2026-07-31T12:59:56.604Z
B0002259,P00157,2024-01-28T18:21:00.000Z,525.42,BRL,casino,1551.38,true,525.42,1551.38,-1025.96,2026-07-31T12:59:56.604Z
B0002260,P00157,2024-01-30T04:46:00.000Z,949.79,BRL,casino,1739.99,true,949.79,1739.99,-790.2,2026-07-31T12:59:56.604Z
B0002261,P00157,2024-03-01T12:29:00.000Z,436.47,BRL,sports,1064.75,true,436.47,1064.75,-628.28,2026-07-31T12:59:56.604Z
B0002262,P00157,2024-03-05T14:55:00.000Z,460.29,BRL,casino,0.00,true,460.29,0.0,460.29,2026-07-31T12:59:56.604Z
B0002263,P00157,2024-03-27T01:48:00.000Z,124.62,USD,sports,0.00,true,617.52,0.0,617.52,2026-07-31T12:59:56.604Z
B0002264,P00157,2024-03-20T22:06:00.000Z,951.64,BRL,casino,0.00,true,951.64,0.0,951.64,2026-07-31T12:59:56.604Z
B0002265,P00157,2024-03-03T14:04:00.000Z,361.70,BRL,casino,705.07,true,361.7,705.07,-343.37,2026-07-31T12:59:56.604Z
B0002266,P00157,2024-01-15T03:56:00.000Z,387.44,BRL,sports,0.00,true,387.44,0.0,387.44,2026-07-31T12:59:56.604Z
B0002267,P00157,2024-02-08T13:40:00.000Z,211.45,BRL,casino,0.00,true,211.45,0.0,211.45,2026-07-31T12:59:56.604Z
B0002268,P00157,2024-03-26T21:20:00.000Z,23.55,BRL,sports,0.00,true,23.55,0.0,23.55,2026-07-31T12:59:56.604Z
B0002269,P00158,2024-03-14T03:21:00.000Z,708.87,BRL,casino,0.00,true,708.87,0.0,708.87,2026-07-31T12:59:56.604Z
B0002270,P00158,2024-03-11T12:04:00.000Z,131.39,EUR,casino,211.44,true,693.56,1116.11,-422.55,2026-07-31T12:59:56.604Z
B0002271,P00158,2024-03-15T01:02:00.000Z,900.01,BRL,sports,0.00,true,900.01,0.0,900.01,2026-07-31T12:59:56.604Z
B0002272,P00158,2024-03-13T20:31:00.000Z,150.51,EUR,casino,0.00,true,799.89,0.0,799.89,2026-07-31T12:59:56.604Z
B0002273,P00158,2024-03-12T00:26:00.000Z,875.17,BRL,sports,3048.43,true,875.17,3048.43,-2173.26,2026-07-31T12:59:56.604Z
B0002274,P00158,2024-03-15T07:35:00.000Z,575.11,BRL,sports,0.00,true,575.11,0.0,575.11,2026-07-31T12:59:56.604Z
B0002275,P00158,2024-03-14T01:49:00.000Z,514.59,BRL,sports,1469.78,true,514.59,1469.78,-955.19,2026-07-31T12:59:56.604Z
B0002276,P00158,2024-03-12T01:51:00.000Z,580.22,BRL,sports,0.00,true,580.22,0.0,580.22,2026-07-31T12:59:56.604Z
B0002277,P00158,2024-03-11T06:58:00.000Z,644.49,BRL,casino,0.00,true,644.49,0.0,644.49,2026-07-31T12:59:56.604Z
B0002278,P00158,2024-03-14T21:24:00.000Z,379.17,BRL,casino,0.00,true,379.17,0.0,379.17,2026-07-31T12:59:56.604Z
B0002279,P00158,2024-03-14T04:40:00.000Z,748.62,BRL,casino,1421.86,true,748.62,1421.86,-673.24,2026-07-31T12:59:56.604Z
B0002280,P00158,2024-03-14T16:14:00.000Z,599.76,BRL,sports,0.00,true,599.76,0.0,599.76,2026-07-31T12:59:56.604Z
B0002281,P00158,2024-03-15T01:45:00.000Z,200.20,BRL,sports,553.18,true,200.2,553.18,-352.98,2026-07-31T12:59:56.604Z
B0002282,P00158,2024-03-14T04:55:00.000Z,839.01,BRL,casino,0.00,true,839.01,0.0,839.01,2026-07-31T12:59:56.604Z
B0002283,P00158,2024-03-14T20:24:00.000Z,430.87,BRL,sports,0.00,true,430.87,0.0,430.87,2026-07-31T12:59:56.604Z
B0002284,P00158,2024-03-14T21:58:00.000Z,316.60,BRL,casino,827.21,true,316.6,827.21,-510.61,2026-07-31T12:59:56.604Z
B0002285,P00158,2024-03-14T06:17:00.000Z,498.32,BRL,casino,0.00,true,498.32,0.0,498.32,2026-07-31T12:59:56.604Z
B0002286,P00158,2024-03-12T01:22:00.000Z,840.11,BRL,sports,0.00,true,840.11,0.0,840.11,2026-07-31T12:59:56.604Z
B0002287,P00158,2024-03-14T20:48:00.000Z,788.28,BRL,sports,0.00,true,788.28,0.0,788.28,2026-07-31T12:59:56.604Z
B0002288,P00158,2024-03-14T00:55:00.000Z,422.79,BRL,sports,0.00,true,422.79,0.0,422.79,2026-07-31T12:59:56.604Z
B0002289,P00158,2024-03-11T01:38:00.000Z,482.62,BRL,casino,0.00,true,482.62,0.0,482.62,2026-07-31T12:59:56.604Z
B0002290,P00158,2024-03-13T02:49:00.000Z,92.83,BRL,sports,212.00,true,92.83,212.0,-119.17,2026-07-31T12:59:56.604Z
B0002291,P00158,2024-03-11T12:17:00.000Z,62.90,BRL,sports,179.30,true,62.9,179.3,-116.4,2026-07-31T12:59:56.604Z
B0002292,P00158,2024-03-14T03:18:00.000Z,360.28,BRL,casino,0.00,true,360.28,0.0,360.28,2026-07-31T12:59:56.604Z
B0002293,P00159,2024-01-31T06:21:00.000Z,167.79,EUR,sports,454.98,true,887.47,2406.48,-1519.01,2026-07-31T12:59:56.604Z
B0002294,P00159,2024-01-25T13:58:00.000Z,23.64,EUR,sports,81.86,true,123.98,429.31,-305.33,2026-07-31T12:59:56.604Z
B0002295,P00159,2024-01-04T16:04:00.000Z,6.03,EUR,sports,0.00,true,31.68,0.0,31.68,2026-07-31T12:59:56.604Z
B0002296,P00159,2024-01-31T06:26:00.000Z,102.78,EUR,sports,0.00,true,543.62,0.0,543.62,2026-07-31T12:59:56.604Z
B0002297,P00159,2024-01-10T12:25:00.000Z,134.18,EUR,casino,0.00,true,708.32,0.0,708.32,2026-07-31T12:59:56.604Z
B0002298,P00159,2024-01-10T22:50:00.000Z,684.43,BRL,casino,1159.82,true,684.43,1159.82,-475.39,2026-07-31T12:59:56.604Z
B0002299,P00160,2024-02-05T10:48:00.000Z,54.32,EUR,casino,180.54,true,284.09,944.22,-660.13,2026-07-31T12:59:56.604Z
B0002300,P00160,2024-02-16T16:26:00.000Z,5.06,BRL,casino,0.00,true,5.06,0.0,5.06,2026-07-31T12:59:56.604Z
B0002301,P00160,2024-03-07T16:01:00.000Z,783.06,BRL,casino,2534.38,true,783.06,2534.38,-1751.32,2026-07-31T12:59:56.604Z
B0002302,P00160,2024-03-13T06:33:00.000Z,69.28,USD,sports,0.00,true,337.32,0.0,337.32,2026-07-31T12:59:56.604Z
B0002303,P00160,2024-01-17T00:11:00.000Z,702.88,BRL,sports,0.00,true,702.88,0.0,702.88,2026-07-31T12:59:56.604Z
B0002304,P00160,2024-02-14T09:15:00.000Z,289.34,BRL,casino,532.37,true,289.34,532.37,-243.03,2026-07-31T12:59:56.604Z
B0002305,P00160,2024-01-04T20:34:00.000Z,71.75,BRL,casino,97.20,true,71.75,97.2,-25.45,2026-07-31T12:59:56.604Z
B0002306,P00160,2024-01-30T02:37:00.000Z,62.20,USD,sports,0.00,true,304.93,0.0,304.93,2026-07-31T12:59:56.604Z
B0002307,P00160,2024-01-14T04:19:00.000Z,741.95,BRL,sports,1335.99,true,741.95,1335.99,-594.04,2026-07-31T12:59:56.604Z
B0002308,P00162,2024-02-26T20:10:00.000Z,50.07,EUR,sports,163.41,true,263.32,859.39,-596.07,2026-07-31T12:59:56.604Z
B0002309,P00162,2024-03-09T21:43:00.000Z,40.26,EUR,casino,55.91,true,211.79,294.11,-82.32,2026-07-31T12:59:56.604Z
B0002310,P00162,2024-03-03T04:13:00.000Z,151.87,EUR,sports,0.00,true,801.75,0.0,801.75,2026-07-31T12:59:56.604Z
B0002311,P00163,2024-01-30T02:57:00.000Z,33.69,EUR,casino,80.27,true,177.86,423.78,-245.92,2026-07-31T12:59:56.604Z
B0002312,P00163,2024-01-27T11:34:00.000Z,14.67,EUR,casino,38.59,true,77.03,202.64,-125.61,2026-07-31T12:59:56.604Z
B0002313,P00163,2024-01-17T06:39:00.000Z,86.08,EUR,sports,0.00,true,449.26,0.0,449.26,2026-07-31T12:59:56.604Z
B0002314,P00164,2024-02-20T23:24:00.000Z,139.10,EUR,casino,221.57,true,730.82,1164.11,-433.29,2026-07-31T12:59:56.604Z
B0002315,P00164,2024-02-14T01:29:00.000Z,147.07,EUR,casino,0.00,true,771.38,0.0,771.38,2026-07-31T12:59:56.604Z
B0002316,P00164,2024-02-21T12:19:00.000Z,38.43,EUR,sports,121.58,true,202.68,641.21,-438.53,2026-07-31T12:59:56.604Z
B0002317,P00164,2024-02-17T23:34:00.000Z,134.18,EUR,sports,0.00,true,705.14,0.0,705.14,2026-07-31T12:59:56.604Z
B0002318,P00164,2024-02-13T18:19:00.000Z,33.90,EUR,sports,87.98,true,177.53,460.73,-283.2,2026-07-31T12:59:56.604Z
B0002319,P00164,2024-02-10T17:15:00.000Z,153.48,EUR,sports,0.00,true,809.02,0.0,809.02,2026-07-31T12:59:56.604Z
B0002320,P00164,2024-02-18T09:12:00.000Z,18.68,EUR,casino,35.92,true,98.17,188.77,-90.6,2026-07-31T12:59:56.604Z
B0002321,P00164,2024-02-10T01:56:00.000Z,52.46,EUR,casino,86.68,true,276.53,456.91,-180.38,2026-07-31T12:59:56.604Z
B0002322,P00164,2024-02-14T02:51:00.000Z,10.39,EUR,casino,17.81,true,54.5,93.41,-38.91,2026-07-31T12:59:56.604Z
B0002323,P00164,2024-02-13T01:03:00.000Z,107.03,USD,casino,0.00,true,521.78,0.0,521.78,2026-07-31T12:59:56.604Z
B0002324,P00164,2024-02-14T05:26:00.000Z,53.74,EUR,casino,0.00,true,281.87,0.0,281.87,2026-07-31T12:59:56.604Z
B0002325,P00164,2024-02-12T04:50:00.000Z,54.14,EUR,sports,0.00,true,285.13,0.0,285.13,2026-07-31T12:59:56.604Z
B0002326,P00164,2024-02-18T20:38:00.000Z,25.60,EUR,casino,0.00,true,134.53,0.0,134.53,2026-07-31T12:59:56.604Z
B0002327,P00164,2024-02-14T22:58:00.000Z,73.55,EUR,sports,0.00,true,385.77,0.0,385.77,2026-07-31T12:59:56.604Z
B0002328,P00164,2024-02-09T07:41:00.000Z,19.21,EUR,casino,0.00,true,101.26,0.0,101.26,2026-07-31T12:59:56.604Z
B0002329,P00164,2024-02-20T20:54:00.000Z,4.00,EUR,sports,0.00,true,21.02,0.0,21.02,2026-07-31T12:59:56.604Z
B0002330,P00164,2024-02-11T07:09:00.000Z,24.32,EUR,casino,0.00,true,128.2,0.0,128.2,2026-07-31T12:59:56.604Z
B0002331,P00164,2024-02-17T06:40:00.000Z,27.44,EUR,casino,84.08,true,144.2,441.86,-297.66,2026-07-31T12:59:56.604Z
B0002332,P00164,2024-02-11T17:09:00.000Z,67.30,EUR,sports,0.00,true,354.75,0.0,354.75,2026-07-31T12:59:56.604Z
B0002333,P00164,2024-02-17T22:05:00.000Z,48.15,EUR,sports,0.00,true,253.04,0.0,253.04,2026-07-31T12:59:56.604Z
B0002334,P00164,2024-02-09T13:59:00.000Z,41.09,EUR,casino,0.00,true,216.59,0.0,216.59,2026-07-31T12:59:56.604Z
B0002335,P00165,2023-11-11T15:10:00.000Z,553.51,BRL,sports,0.00,true,553.51,0.0,553.51,2026-07-31T12:59:56.604Z
B0002336,P00165,2023-11-04T03:21:00.000Z,116.02,EUR,casino,0.00,true,615.66,0.0,615.66,2026-07-31T12:59:56.604Z
B0002337,P00165,2023-11-11T01:39:00.000Z,195.42,BRL,casino,0.00,true,195.42,0.0,195.42,2026-07-31T12:59:56.604Z
B0002338,P00165,2023-11-08T00:43:00.000Z,190.33,BRL,sports,0.00,true,190.33,0.0,190.33,2026-07-31T12:59:56.604Z
B0002339,P00165,2023-11-12T00:35:00.000Z,947.99,BRL,sports,2895.00,true,947.99,2895.0,-1947.01,2026-07-31T12:59:56.604Z
B0002340,P00165,2023-11-14T06:19:00.000Z,832.59,BRL,casino,1800.53,true,832.59,1800.53,-967.94,2026-07-31T12:59:56.604Z
B0002341,P00165,2023-11-19T13:21:00.000Z,805.62,BRL,sports,0.00,true,805.62,0.0,805.62,2026-07-31T12:59:56.604Z
B0002342,P00165,2023-12-10T12:21:00.000Z,636.39,BRL,casino,0.00,true,636.39,0.0,636.39,2026-07-31T12:59:56.604Z
B0002343,P00165,2023-11-28T05:53:00.000Z,263.29,BRL,casino,861.31,true,263.29,861.31,-598.02,2026-07-31T12:59:56.604Z
B0002344,P00166,2024-03-05T21:28:00.000Z,561.07,BRL,casino,0.00,true,561.07,0.0,561.07,2026-07-31T12:59:56.604Z
B0002345,P00166,2024-03-19T13:15:00.000Z,982.62,BRL,sports,0.00,true,982.62,0.0,982.62,2026-07-31T12:59:56.604Z
B0002346,P00166,2024-03-10T22:53:00.000Z,959.19,BRL,sports,1433.36,true,959.19,1433.36,-474.17,2026-07-31T12:59:56.604Z
B0002347,P00166,2024-03-02T11:00:00.000Z,800.37,BRL,casino,0.00,true,800.37,0.0,800.37,2026-07-31T12:59:56.604Z
B0002348,P00166,2024-03-27T21:05:00.000Z,280.71,BRL,sports,0.00,true,280.71,0.0,280.71,2026-07-31T12:59:56.604Z
B0002349,P00166,2024-03-10T03:33:00.000Z,211.28,BRL,casino,603.92,true,211.28,603.92,-392.64,2026-07-31T12:59:56.604Z
B0002350,P00166,2024-03-12T05:37:00.000Z,950.98,BRL,sports,0.00,true,950.98,0.0,950.98,2026-07-31T12:59:56.604Z
B0002351,P00166,2024-03-13T05:08:00.000Z,565.54,BRL,sports,1149.11,true,565.54,1149.11,-583.57,2026-07-31T12:59:56.604Z
B0002352,P00166,2024-03-19T00:36:00.000Z,957.53,BRL,casino,1622.65,true,957.53,1622.65,-665.12,2026-07-31T12:59:56.604Z
B0002353,P00167,2024-03-07T20:48:00.000Z,396.87,BRL,casino,984.30,true,396.87,984.3,-587.43,2026-07-31T12:59:56.604Z
B0002354,P00167,2024-03-11T02:57:00.000Z,335.07,BRL,sports,0.00,true,335.07,0.0,335.07,2026-07-31T12:59:56.604Z
B0002355,P00167,2024-03-10T02:56:00.000Z,939.56,BRL,sports,0.00,true,939.56,0.0,939.56,2026-07-31T12:59:56.604Z
B0002356,P00167,2024-03-07T01:13:00.000Z,901.56,BRL,sports,0.00,true,901.56,0.0,901.56,2026-07-31T12:59:56.604Z
B0002357,P00167,2024-03-08T10:27:00.000Z,46.53,BRL,casino,0.00,true,46.53,0.0,46.53,2026-07-31T12:59:56.604Z
B0002358,P00167,2024-03-11T00:25:00.000Z,412.46,BRL,casino,0.00,true,412.46,0.0,412.46,2026-07-31T12:59:56.604Z
B0002359,P00167,2024-03-10T16:36:00.000Z,222.72,BRL,casino,0.00,true,222.72,0.0,222.72,2026-07-31T12:59:56.604Z
B0002360,P00167,2024-03-12T22:20:00.000Z,83.95,BRL,casino,139.49,true,83.95,139.49,-55.54,2026-07-31T12:59:56.604Z
B0002361,P00167,2024-03-10T13:17:00.000Z,162.85,BRL,casino,0.00,true,162.85,0.0,162.85,2026-07-31T12:59:56.604Z
B0002362,P00167,2024-03-09T23:24:00.000Z,12.20,EUR,sports,0.00,true,64.18,0.0,64.18,2026-07-31T12:59:56.604Z
B0002363,P00167,2024-03-11T14:50:00.000Z,761.81,BRL,casino,0.00,true,761.81,0.0,761.81,2026-07-31T12:59:56.604Z
B0002364,P00167,2024-03-11T06:20:00.000Z,227.90,BRL,sports,0.00,true,227.9,0.0,227.9,2026-07-31T12:59:56.604Z
B0002365,P00167,2024-03-10T13:28:00.000Z,438.65,BRL,casino,0.00,true,438.65,0.0,438.65,2026-07-31T12:59:56.604Z
B0002366,P00167,2024-03-08T12:13:00.000Z,12.90,BRL,casino,0.00,true,12.9,0.0,12.9,2026-07-31T12:59:56.604Z
B0002367,P00167,2024-03-07T17:20:00.000Z,399.02,BRL,casino,513.37,true,399.02,513.37,-114.35,2026-07-31T12:59:56.604Z
B0002368,P00167,2024-03-07T11:47:00.000Z,284.38,BRL,sports,524.90,true,284.38,524.9,-240.52,2026-07-31T12:59:56.604Z
B0002369,P00167,2024-03-09T07:03:00.000Z,602.20,BRL,casino,0.00,true,602.2,0.0,602.2,2026-07-31T12:59:56.604Z
B0002370,P00167,2024-03-11T10:02:00.000Z,54.07,BRL,casino,143.70,true,54.07,143.7,-89.63,2026-07-31T12:59:56.604Z
B0002371,P00169,2023-11-29T20:28:00.000Z,555.78,BRL,sports,1759.02,true,555.78,1759.02,-1203.24,2026-07-31T12:59:56.604Z
B0002372,P00169,2023-12-21T01:22:00.000Z,529.35,BRL,casino,1544.54,true,529.35,1544.54,-1015.19,2026-07-31T12:59:56.604Z
B0002373,P00169,2023-12-07T21:02:00.000Z,881.35,BRL,casino,2245.04,true,881.35,2245.04,-1363.69,2026-07-31T12:59:56.604Z
B0002374,P00169,2024-01-05T07:44:00.000Z,931.74,BRL,sports,0.00,true,931.74,0.0,931.74,2026-07-31T12:59:56.604Z
B0002375,P00169,2024-01-06T19:19:00.000Z,58.90,EUR,sports,196.01,true,310.8,1034.29,-723.49,2026-07-31T12:59:56.604Z
B0002376,P00169,2023-11-17T23:26:00.000Z,157.39,BRL,casino,0.00,true,157.39,0.0,157.39,2026-07-31T12:59:56.604Z
B0002377,P00169,2023-11-23T20:22:00.000Z,367.61,BRL,casino,1270.67,true,367.61,1270.67,-903.06,2026-07-31T12:59:56.604Z
B0002378,P00169,2023-12-01T09:55:00.000Z,861.59,BRL,casino,0.00,true,861.59,0.0,861.59,2026-07-31T12:59:56.604Z
B0002379,P00169,2024-01-13T13:25:00.000Z,389.35,BRL,casino,662.03,true,389.35,662.03,-272.68,2026-07-31T12:59:56.604Z
B0002380,P00169,2024-01-08T17:01:00.000Z,749.65,BRL,casino,1867.16,true,749.65,1867.16,-1117.51,2026-07-31T12:59:56.604Z
B0002381,P00169,2023-12-17T13:04:00.000Z,122.27,EUR,casino,0.00,true,650.35,0.0,650.35,2026-07-31T12:59:56.604Z
B0002382,P00169,2024-01-04T15:19:00.000Z,73.18,BRL,sports,0.00,true,73.18,0.0,73.18,2026-07-31T12:59:56.604Z
B0002383,P00169,2023-12-13T21:39:00.000Z,169.39,BRL,sports,242.35,true,169.39,242.35,-72.96,2026-07-31T12:59:56.604Z
B0002384,P00169,2024-01-09T14:42:00.000Z,761.15,BRL,casino,0.00,true,761.15,0.0,761.15,2026-07-31T12:59:56.604Z
B0002385,P00169,2023-12-08T21:30:00.000Z,437.20,BRL,sports,845.65,true,437.2,845.65,-408.45,2026-07-31T12:59:56.604Z
B0002386,P00169,2023-12-20T02:53:00.000Z,726.66,BRL,casino,2198.67,true,726.66,2198.67,-1472.01,2026-07-31T12:59:56.604Z
B0002387,P00169,2023-12-02T10:21:00.000Z,434.75,BRL,casino,0.00,true,434.75,0.0,434.75,2026-07-31T12:59:56.604Z
B0002388,P00169,2024-01-15T17:54:00.000Z,145.16,BRL,sports,368.59,true,145.16,368.59,-223.43,2026-07-31T12:59:56.604Z
B0002389,P00170,2024-03-06T02:37:00.000Z,695.46,BRL,casino,1014.59,true,695.46,1014.59,-319.13,2026-07-31T12:59:56.604Z
B0002390,P00170,2024-03-07T14:29:00.000Z,665.67,BRL,casino,2252.91,true,665.67,2252.91,-1587.24,2026-07-31T12:59:56.604Z
B0002391,P00170,2024-03-03T19:42:00.000Z,616.49,BRL,casino,1680.17,true,616.49,1680.17,-1063.68,2026-07-31T12:59:56.604Z
B0002392,P00170,2024-03-08T09:32:00.000Z,177.08,BRL,casino,0.00,true,177.08,0.0,177.08,2026-07-31T12:59:56.604Z
B0002393,P00170,2024-03-06T13:19:00.000Z,227.13,BRL,sports,777.40,true,227.13,777.4,-550.27,2026-07-31T12:59:56.604Z
B0002394,P00170,2024-03-06T14:09:00.000Z,876.16,BRL,sports,1482.63,true,876.16,1482.63,-606.47,2026-07-31T12:59:56.604Z
B0002395,P00170,2024-03-02T17:47:00.000Z,966.90,BRL,casino,1199.54,true,966.9,1199.54,-232.64,2026-07-31T12:59:56.604Z
B0002396,P00170,2024-03-07T22:06:00.000Z,304.90,BRL,casino,0.00,true,304.9,0.0,304.9,2026-07-31T12:59:56.604Z
B0002397,P00170,2024-03-06T17:26:00.000Z,135.57,EUR,sports,362.33,true,718.39,1919.99,-1201.6,2026-07-31T12:59:56.604Z
B0002398,P00171,2024-01-01T04:00:00.000Z,131.39,USD,casino,0.00,true,649.24,0.0,649.24,2026-07-31T12:59:56.604Z
B0002399,P00171,2023-12-20T23:28:00.000Z,51.07,USD,sports,0.00,true,256.82,0.0,256.82,2026-07-31T12:59:56.604Z
B0002400,P00171,2024-01-04T16:51:00.000Z,99.05,USD,sports,0.00,true,488.54,0.0,488.54,2026-07-31T12:59:56.604Z
B0002401,P00172,2024-01-26T23:33:00.000Z,125.17,EUR,sports,0.00,true,657.28,0.0,657.28,2026-07-31T12:59:56.604Z
B0002402,P00172,2024-03-14T00:29:00.000Z,65.88,EUR,sports,0.00,true,351.59,0.0,351.59,2026-07-31T12:59:56.604Z
B0002403,P00172,2024-02-04T13:01:00.000Z,68.56,EUR,sports,154.83,true,359.5,811.87,-452.37,2026-07-31T12:59:56.604Z
B0002404,P00172,2024-01-24T14:36:00.000Z,7.14,EUR,sports,17.97,true,37.3,93.88,-56.58,2026-07-31T12:59:56.604Z
B0002405,P00172,2024-03-13T05:06:00.000Z,122.93,EUR,casino,297.09,true,653.31,1578.88,-925.57,2026-07-31T12:59:56.604Z
B0002406,P00172,2024-01-30T14:49:00.000Z,116.08,USD,casino,0.00,true,569.07,0.0,569.07,2026-07-31T12:59:56.604Z
B0002407,P00173,2023-10-13T23:23:00.000Z,62.41,EUR,casino,136.39,true,333.58,729.0,-395.42,2026-07-31T12:59:56.604Z
B0002408,P00173,2023-10-17T11:13:00.000Z,8.91,EUR,casino,13.32,true,47.82,71.49,-23.67,2026-07-31T12:59:56.604Z
B0002409,P00173,2023-10-03T02:00:00.000Z,41.10,EUR,sports,59.38,true,219.43,317.02,-97.59,2026-07-31T12:59:56.604Z
B0002410,P00173,2023-10-09T05:31:00.000Z,106.03,EUR,casino,0.00,true,563.0,0.0,563.0,2026-07-31T12:59:56.604Z
B0002411,P00173,2023-10-20T03:30:00.000Z,71.50,EUR,casino,0.00,true,380.75,0.0,380.75,2026-07-31T12:59:56.604Z
B0002412,P00173,2023-10-15T03:01:00.000Z,154.89,EUR,sports,0.00,true,827.89,0.0,827.89,2026-07-31T12:59:56.604Z
B0002413,P00173,2023-10-22T03:23:00.000Z,914.60,BRL,casino,0.00,true,914.6,0.0,914.6,2026-07-31T12:59:56.604Z
B0002414,P00173,2023-10-12T10:54:00.000Z,27.69,EUR,casino,0.00,true,148.34,0.0,148.34,2026-07-31T12:59:56.604Z
B0002415,P00173,2023-10-06T18:16:00.000Z,117.47,EUR,sports,338.05,true,624.06,1795.89,-1171.83,2026-07-31T12:59:56.604Z
B0002416,P00174,2024-02-07T01:51:00.000Z,152.95,USD,sports,513.86,true,748.03,2513.11,-1765.08,2026-07-31T12:59:56.604Z
B0002417,P00174,2024-01-25T14:20:00.000Z,797.78,BRL,sports,1441.48,true,797.78,1441.48,-643.7,2026-07-31T12:59:56.604Z
B0002418,P00174,2024-02-02T18:34:00.000Z,184.73,USD,sports,0.00,true,898.56,0.0,898.56,2026-07-31T12:59:56.604Z
B0002419,P00175,2024-01-17T05:16:00.000Z,397.34,BRL,casino,0.00,true,397.34,0.0,397.34,2026-07-31T12:59:56.604Z
B0002420,P00175,2023-11-16T05:18:00.000Z,701.57,BRL,sports,1949.53,true,701.57,1949.53,-1247.96,2026-07-31T12:59:56.604Z
B0002421,P00175,2023-09-09T14:48:00.000Z,798.31,BRL,casino,0.00,true,798.31,0.0,798.31,2026-07-31T12:59:56.604Z
B0002422,P00175,2023-09-02T15:09:00.000Z,921.76,BRL,sports,3154.87,true,921.76,3154.87,-2233.11,2026-07-31T12:59:56.604Z
B0002423,P00175,2023-10-03T15:13:00.000Z,649.83,BRL,casino,0.00,true,649.83,0.0,649.83,2026-07-31T12:59:56.604Z
B0002424,P00175,2023-11-29T21:55:00.000Z,781.42,BRL,casino,0.00,true,781.42,0.0,781.42,2026-07-31T12:59:56.604Z
B0002425,P00177,2024-02-07T03:33:00.000Z,169.98,BRL,sports,0.00,true,169.98,0.0,169.98,2026-07-31T12:59:56.604Z
B0002426,P00177,2024-02-01T02:10:00.000Z,270.63,BRL,sports,385.41,true,270.63,385.41,-114.78,2026-07-31T12:59:56.604Z
B0002427,P00177,2024-02-07T07:18:00.000Z,510.62,BRL,casino,0.00,true,510.62,0.0,510.62,2026-07-31T12:59:56.604Z
B0002428,P00177,2024-02-10T08:34:00.000Z,2.84,EUR,sports,7.75,true,14.97,40.85,-25.88,2026-07-31T12:59:56.604Z
B0002429,P00177,2024-02-19T00:26:00.000Z,148.66,BRL,casino,0.00,true,148.66,0.0,148.66,2026-07-31T12:59:56.604Z
B0002430,P00177,2024-02-17T02:18:00.000Z,638.33,BRL,casino,903.72,true,638.33,903.72,-265.39,2026-07-31T12:59:56.604Z
B0002431,P00179,2023-10-26T19:10:00.000Z,814.85,BRL,casino,1401.73,true,814.85,1401.73,-586.88,2026-07-31T12:59:56.604Z
B0002432,P00179,2024-01-29T09:06:00.000Z,331.86,BRL,sports,867.46,true,331.86,867.46,-535.6,2026-07-31T12:59:56.604Z
B0002433,P00179,2023-12-03T13:01:00.000Z,158.68,EUR,casino,0.00,true,838.69,0.0,838.69,2026-07-31T12:59:56.604Z
B0002434,P00179,2024-01-21T23:46:00.000Z,797.10,BRL,casino,0.00,true,797.1,0.0,797.1,2026-07-31T12:59:56.604Z
B0002435,P00179,2024-01-03T23:45:00.000Z,27.01,USD,casino,0.00,true,133.15,0.0,133.15,2026-07-31T12:59:56.604Z
B0002436,P00179,2024-01-08T11:06:00.000Z,13.03,EUR,sports,0.00,true,68.83,0.0,68.83,2026-07-31T12:59:56.604Z
B0002437,P00180,2024-01-15T01:21:00.000Z,93.44,USD,sports,171.72,true,459.83,845.06,-385.23,2026-07-31T12:59:56.604Z
B0002438,P00180,2023-11-15T20:10:00.000Z,639.43,BRL,casino,971.08,true,639.43,971.08,-331.65,2026-07-31T12:59:56.604Z
B0002439,P00180,2024-02-16T22:01:00.000Z,117.52,BRL,casino,0.00,true,117.52,0.0,117.52,2026-07-31T12:59:56.604Z
B0002440,P00180,2023-12-23T13:12:00.000Z,516.83,BRL,casino,1622.33,true,516.83,1622.33,-1105.5,2026-07-31T12:59:56.604Z
B0002441,P00180,2024-01-15T13:05:00.000Z,505.97,BRL,sports,1401.34,true,505.97,1401.34,-895.37,2026-07-31T12:59:56.604Z
B0002442,P00180,2023-12-29T19:30:00.000Z,243.12,BRL,casino,0.00,true,243.12,0.0,243.12,2026-07-31T12:59:56.604Z
B0002443,P00180,2023-12-20T06:01:00.000Z,380.49,BRL,sports,1060.66,true,380.49,1060.66,-680.17,2026-07-31T12:59:56.604Z
B0002444,P00180,2024-02-09T02:34:00.000Z,907.81,BRL,sports,0.00,true,907.81,0.0,907.81,2026-07-31T12:59:56.604Z
B0002445,P00180,2023-12-01T12:30:00.000Z,74.16,USD,sports,0.00,true,373.91,0.0,373.91,2026-07-31T12:59:56.604Z
B0002446,P00181,2023-10-03T10:31:00.000Z,863.01,BRL,sports,0.00,true,863.01,0.0,863.01,2026-07-31T12:59:56.604Z
B0002447,P00181,2023-10-22T21:57:00.000Z,196.28,BRL,casino,461.40,true,196.28,461.4,-265.12,2026-07-31T12:59:56.604Z
B0002448,P00181,2023-08-30T03:51:00.000Z,67.47,EUR,sports,230.43,true,358.54,1224.51,-865.97,2026-07-31T12:59:56.604Z
B0002449,P00182,2023-12-19T09:53:00.000Z,388.26,BRL,casino,1141.07,true,388.26,1141.07,-752.81,2026-07-31T12:59:56.604Z
B0002450,P00182,2024-01-20T00:17:00.000Z,668.90,BRL,sports,0.00,true,668.9,0.0,668.9,2026-07-31T12:59:56.604Z
B0002451,P00182,2024-01-01T22:51:00.000Z,954.40,BRL,casino,0.00,true,954.4,0.0,954.4,2026-07-31T12:59:56.604Z
B0002452,P00182,2024-02-17T14:30:00.000Z,842.82,BRL,sports,0.00,true,842.82,0.0,842.82,2026-07-31T12:59:56.604Z
B0002453,P00182,2023-11-28T08:53:00.000Z,181.16,BRL,casino,0.00,true,181.16,0.0,181.16,2026-07-31T12:59:56.604Z
B0002454,P00182,2024-01-04T03:55:00.000Z,983.71,BRL,casino,0.00,true,983.71,0.0,983.71,2026-07-31T12:59:56.604Z
B0002455,P00182,2023-12-07T00:19:00.000Z,305.68,BRL,casino,741.78,true,305.68,741.78,-436.1,2026-07-31T12:59:56.604Z
B0002456,P00182,2024-02-23T23:24:00.000Z,844.48,BRL,sports,0.00,true,844.48,0.0,844.48,2026-07-31T12:59:56.604Z
B0002457,P00182,2024-03-11T09:49:00.000Z,293.06,BRL,casino,0.00,true,293.06,0.0,293.06,2026-07-31T12:59:56.604Z
B0002458,P00182,2024-03-06T07:07:00.000Z,890.32,BRL,sports,0.00,true,890.32,0.0,890.32,2026-07-31T12:59:56.604Z
B0002459,P00182,2023-12-06T04:47:00.000Z,83.24,EUR,casino,185.96,true,436.78,975.77,-538.99,2026-07-31T12:59:56.604Z
B0002460,P00182,2024-01-15T09:10:00.000Z,154.11,BRL,casino,0.00,true,154.11,0.0,154.11,2026-07-31T12:59:56.604Z
B0002461,P00182,2024-02-18T15:48:00.000Z,299.56,BRL,sports,1009.38,true,299.56,1009.38,-709.82,2026-07-31T12:59:56.604Z
B0002462,P00182,2024-02-05T11:22:00.000Z,45.86,EUR,casino,0.00,true,239.85,0.0,239.85,2026-07-31T12:59:56.604Z
B0002463,P00182,2023-11-24T12:59:00.000Z,382.06,BRL,casino,0.00,true,382.06,0.0,382.06,2026-07-31T12:59:56.604Z
B0002464,P00182,2023-12-01T00:49:00.000Z,136.56,BRL,casino,335.95,true,136.56,335.95,-199.39,2026-07-31T12:59:56.604Z
B0002465,P00182,2024-01-18T14:36:00.000Z,441.84,BRL,casino,571.75,true,441.84,571.75,-129.91,2026-07-31T12:59:56.604Z
B0002466,P00182,2023-12-11T20:51:00.000Z,499.52,BRL,casino,0.00,true,499.52,0.0,499.52,2026-07-31T12:59:56.604Z
B0002467,P00182,2023-12-01T17:22:00.000Z,89.97,BRL,sports,0.00,true,89.97,0.0,89.97,2026-07-31T12:59:56.604Z
B0002468,P00182,2023-12-09T07:57:00.000Z,422.35,BRL,sports,1277.12,true,422.35,1277.12,-854.77,2026-07-31T12:59:56.604Z
B0002469,P00182,2023-12-29T17:03:00.000Z,235.67,BRL,sports,0.00,true,235.67,0.0,235.67,2026-07-31T12:59:56.604Z
B0002470,P00182,2023-12-20T18:52:00.000Z,929.43,BRL,sports,1925.68,true,929.43,1925.68,-996.25,2026-07-31T12:59:56.604Z
B0002471,P00182,2024-03-08T23:45:00.000Z,947.91,BRL,sports,0.00,true,947.91,0.0,947.91,2026-07-31T12:59:56.604Z
B0002472,P00182,2024-02-18T05:34:00.000Z,401.83,BRL,casino,602.82,true,401.83,602.82,-200.99,2026-07-31T12:59:56.604Z
B0002473,P00183,2023-11-14T03:45:00.000Z,94.89,BRL,sports,0.00,true,94.89,0.0,94.89,2026-07-31T12:59:56.604Z
B0002474,P00183,2023-10-18T19:21:00.000Z,862.18,BRL,casino,2087.72,true,862.18,2087.72,-1225.54,2026-07-31T12:59:56.604Z
B0002475,P00183,2024-02-23T12:48:00.000Z,947.35,BRL,sports,1390.55,true,947.35,1390.55,-443.2,2026-07-31T12:59:56.604Z
B0002476,P00183,2023-12-14T18:20:00.000Z,353.31,BRL,sports,540.32,true,353.31,540.32,-187.01,2026-07-31T12:59:56.604Z
B0002477,P00183,2024-01-31T06:51:00.000Z,993.39,BRL,sports,0.00,true,993.39,0.0,993.39,2026-07-31T12:59:56.604Z
B0002478,P00183,2024-02-09T22:34:00.000Z,971.07,BRL,casino,2349.09,true,971.07,2349.09,-1378.02,2026-07-31T12:59:56.604Z
B0002479,P00184,2023-12-05T01:07:00.000Z,46.51,USD,sports,0.00,true,234.07,0.0,234.07,2026-07-31T12:59:56.604Z
B0002480,P00184,2023-09-19T13:45:00.000Z,7.80,USD,casino,0.00,true,39.72,0.0,39.72,2026-07-31T12:59:56.604Z
B0002481,P00184,2023-11-20T12:08:00.000Z,83.53,USD,casino,213.94,true,412.59,1056.75,-644.16,2026-07-31T12:59:56.604Z
B0002482,P00184,2023-11-21T10:12:00.000Z,97.32,USD,sports,0.00,true,482.79,0.0,482.79,2026-07-31T12:59:56.604Z
B0002483,P00184,2023-10-12T18:11:00.000Z,161.31,USD,sports,0.00,true,819.72,0.0,819.72,2026-07-31T12:59:56.604Z
B0002484,P00184,2023-11-09T00:12:00.000Z,115.91,USD,sports,169.71,true,579.69,848.76,-269.07,2026-07-31T12:59:56.604Z
B0002485,P00184,2023-11-18T15:11:00.000Z,2.32,USD,casino,4.51,true,11.46,22.27,-10.81,2026-07-31T12:59:56.604Z
B0002486,P00184,2023-10-19T02:10:00.000Z,16.78,USD,sports,0.00,true,85.48,0.0,85.48,2026-07-31T12:59:56.604Z
B0002487,P00184,2023-09-20T00:17:00.000Z,98.33,USD,casino,332.19,true,499.31,1686.84,-1187.53,2026-07-31T12:59:56.604Z
B0002488,P00185,2024-02-04T04:26:00.000Z,72.81,BRL,sports,0.00,true,72.81,0.0,72.81,2026-07-31T12:59:56.604Z
B0002489,P00185,2024-01-22T06:25:00.000Z,741.02,BRL,casino,0.00,true,741.02,0.0,741.02,2026-07-31T12:59:56.604Z
B0002490,P00185,2024-01-09T00:34:00.000Z,826.11,BRL,casino,2361.86,true,826.11,2361.86,-1535.75,2026-07-31T12:59:56.604Z
B0002491,P00186,2023-11-12T23:32:00.000Z,939.16,BRL,casino,1155.93,true,939.16,1155.93,-216.77,2026-07-31T12:59:56.604Z
B0002492,P00186,2023-10-24T14:27:00.000Z,690.35,BRL,sports,1677.75,true,690.35,1677.75,-987.4,2026-07-31T12:59:56.604Z
B0002493,P00186,2023-11-14T02:08:00.000Z,67.78,USD,casino,0.00,true,335.87,0.0,335.87,2026-07-31T12:59:56.604Z
B0002494,P00186,2023-11-04T13:29:00.000Z,116.48,EUR,sports,328.30,true,618.1,1742.12,-1124.02,2026-07-31T12:59:56.604Z
B0002495,P00186,2023-10-23T10:54:00.000Z,723.76,BRL,casino,0.00,true,723.76,0.0,723.76,2026-07-31T12:59:56.604Z
B0002496,P00186,2023-11-10T01:35:00.000Z,23.47,EUR,sports,35.22,true,123.97,186.04,-62.07,2026-07-31T12:59:56.604Z
B0002497,P00187,2023-10-15T08:00:00.000Z,123.68,EUR,casino,0.00,true,661.07,0.0,661.07,2026-07-31T12:59:56.604Z
B0002498,P00187,2023-10-19T12:06:00.000Z,102.88,EUR,casino,0.00,true,550.83,0.0,550.83,2026-07-31T12:59:56.604Z
B0002499,P00187,2023-10-30T18:41:00.000Z,142.04,EUR,casino,445.63,true,756.26,2372.67,-1616.41,2026-07-31T12:59:56.604Z
B0002500,P00187,2023-10-12T05:59:00.000Z,29.69,EUR,casino,89.41,true,159.05,478.98,-319.93,2026-07-31T12:59:56.604Z
B0002501,P00187,2023-10-26T05:11:00.000Z,20.26,EUR,casino,0.00,true,108.07,0.0,108.07,2026-07-31T12:59:56.604Z
B0002502,P00187,2023-11-05T13:33:00.000Z,102.41,EUR,sports,153.58,true,543.44,814.97,-271.53,2026-07-31T12:59:56.604Z
B0002503,P00187,2023-10-11T23:58:00.000Z,114.65,EUR,casino,0.00,true,611.36,0.0,611.36,2026-07-31T12:59:56.604Z
B0002504,P00187,2023-11-04T09:56:00.000Z,161.78,EUR,casino,487.87,true,858.49,2588.88,-1730.39,2026-07-31T12:59:56.604Z
B0002505,P00187,2023-10-26T06:19:00.000Z,54.19,EUR,casino,0.00,true,289.06,0.0,289.06,2026-07-31T12:59:56.604Z
B0002506,P00187,2023-11-07T05:25:00.000Z,170.56,EUR,casino,391.62,true,907.09,2082.75,-1175.66,2026-07-31T12:59:56.604Z
B0002507,P00187,2023-10-21T19:39:00.000Z,151.78,EUR,sports,0.00,true,808.26,0.0,808.26,2026-07-31T12:59:56.604Z
B0002508,P00187,2023-10-21T04:37:00.000Z,93.91,EUR,casino,176.80,true,500.09,941.5,-441.41,2026-07-31T12:59:56.604Z
B0002509,P00187,2023-10-10T00:04:00.000Z,126.45,EUR,casino,0.00,true,674.27,0.0,674.27,2026-07-31T12:59:56.604Z
B0002510,P00187,2023-10-29T07:44:00.000Z,84.15,EUR,sports,271.10,true,446.7,1439.11,-992.41,2026-07-31T12:59:56.604Z
B0002511,P00187,2023-10-15T03:50:00.000Z,104.34,EUR,sports,0.00,true,557.7,0.0,557.7,2026-07-31T12:59:56.604Z
B0002512,P00187,2023-10-10T21:40:00.000Z,15.71,EUR,sports,0.00,true,83.77,0.0,83.77,2026-07-31T12:59:56.604Z
B0002513,P00187,2023-10-13T01:29:00.000Z,26.81,EUR,sports,90.40,true,143.3,483.19,-339.89,2026-07-31T12:59:56.604Z
B0002514,P00187,2023-10-18T05:36:00.000Z,159.59,EUR,sports,543.88,true,859.23,2928.25,-2069.02,2026-07-31T12:59:56.604Z
B0002515,P00187,2023-10-07T03:21:00.000Z,91.78,EUR,casino,238.98,true,487.58,1269.58,-782.0,2026-07-31T12:59:56.604Z
B0002516,P00187,2023-11-04T14:53:00.000Z,29.46,EUR,casino,0.00,true,156.33,0.0,156.33,2026-07-31T12:59:56.604Z
B0002517,P00187,2023-11-02T09:59:00.000Z,159.62,EUR,sports,0.00,true,846.64,0.0,846.64,2026-07-31T12:59:56.604Z
B0002518,P00187,2023-10-29T02:49:00.000Z,104.55,EUR,sports,0.00,true,554.99,0.0,554.99,2026-07-31T12:59:56.604Z
B0002519,P00187,2023-10-26T16:09:00.000Z,136.61,EUR,sports,167.26,true,728.71,892.2,-163.49,2026-07-31T12:59:56.604Z
B0002520,P00187,2023-10-09T07:55:00.000Z,111.69,EUR,casino,350.44,true,593.05,1860.77,-1267.72,2026-07-31T12:59:56.604Z
B0002521,P00188,2023-10-11T15:20:00.000Z,86.07,EUR,casino,0.00,true,458.96,0.0,458.96,2026-07-31T12:59:56.604Z
B0002522,P00188,2024-02-19T01:39:00.000Z,125.31,EUR,casino,335.20,true,655.33,1753.0,-1097.67,2026-07-31T12:59:56.604Z
B0002523,P00188,2024-02-04T08:23:00.000Z,131.49,EUR,casino,0.00,true,689.48,0.0,689.48,2026-07-31T12:59:56.604Z
B0002524,P00188,2024-01-28T15:25:00.000Z,35.18,EUR,sports,0.00,true,184.73,0.0,184.73,2026-07-31T12:59:56.604Z
B0002525,P00188,2023-11-13T12:11:00.000Z,37.89,EUR,casino,0.00,true,199.52,0.0,199.52,2026-07-31T12:59:56.604Z
B0002526,P00188,2023-10-18T03:51:00.000Z,98.08,EUR,sports,220.71,true,528.06,1188.3,-660.24,2026-07-31T12:59:56.604Z
B0002527,P00188,2023-10-30T13:53:00.000Z,163.56,EUR,sports,324.32,true,870.84,1726.78,-855.94,2026-07-31T12:59:56.604Z
B0002528,P00188,2023-09-16T02:48:00.000Z,41.02,EUR,casino,128.96,true,219.39,689.73,-470.34,2026-07-31T12:59:56.604Z
B0002529,P00188,2023-11-07T02:15:00.000Z,94.74,EUR,sports,292.13,true,503.86,1553.63,-1049.77,2026-07-31T12:59:56.604Z
B0002530,P00188,2023-12-01T05:52:00.000Z,402.76,BRL,sports,1244.31,true,402.76,1244.31,-841.55,2026-07-31T12:59:56.604Z
B0002531,P00188,2024-01-06T10:51:00.000Z,64.62,EUR,casino,156.96,true,340.98,828.23,-487.25,2026-07-31T12:59:56.604Z
B0002532,P00188,2024-02-13T19:43:00.000Z,10.10,EUR,casino,32.92,true,52.89,172.4,-119.51,2026-07-31T12:59:56.604Z
B0002533,P00188,2023-11-30T02:52:00.000Z,13.39,EUR,casino,0.00,true,70.48,0.0,70.48,2026-07-31T12:59:56.604Z
B0002534,P00188,2023-09-26T22:49:00.000Z,513.14,BRL,sports,0.00,true,513.14,0.0,513.14,2026-07-31T12:59:56.604Z
B0002535,P00188,2024-02-01T20:57:00.000Z,823.18,BRL,sports,0.00,true,823.18,0.0,823.18,2026-07-31T12:59:56.604Z
B0002536,P00188,2023-12-02T13:16:00.000Z,39.84,EUR,sports,0.00,true,210.57,0.0,210.57,2026-07-31T12:59:56.604Z
B0002537,P00188,2024-02-08T17:22:00.000Z,82.86,EUR,casino,194.19,true,435.05,1019.58,-584.53,2026-07-31T12:59:56.604Z
B0002538,P00188,2023-10-05T02:32:00.000Z,69.27,EUR,sports,0.00,true,369.61,0.0,369.61,2026-07-31T12:59:56.604Z
B0002539,P00188,2023-11-14T01:26:00.000Z,4.04,EUR,sports,0.00,true,21.17,0.0,21.17,2026-07-31T12:59:56.604Z
B0002540,P00188,2023-09-23T21:45:00.000Z,152.83,EUR,casino,0.00,true,820.21,0.0,820.21,2026-07-31T12:59:56.604Z
B0002541,P00188,2023-11-03T09:04:00.000Z,2.61,EUR,casino,0.00,true,13.85,0.0,13.85,2026-07-31T12:59:56.604Z
B0002542,P00188,2023-09-14T14:32:00.000Z,10.52,EUR,casino,0.00,true,56.0,0.0,56.0,2026-07-31T12:59:56.604Z
B0002543,P00188,2024-02-21T01:12:00.000Z,104.64,EUR,sports,0.00,true,551.87,0.0,551.87,2026-07-31T12:59:56.604Z
B0002544,P00188,2023-12-21T00:02:00.000Z,8.31,EUR,sports,0.00,true,44.23,0.0,44.23,2026-07-31T12:59:56.604Z
B0002545,P00188,2023-11-15T02:09:00.000Z,73.66,EUR,casino,96.87,true,384.79,506.04,-121.25,2026-07-31T12:59:56.604Z
B0002546,P00188,2024-01-13T02:17:00.000Z,97.96,EUR,casino,0.00,true,513.85,0.0,513.85,2026-07-31T12:59:56.604Z
B0002547,P00188,2024-02-19T09:34:00.000Z,557.09,BRL,casino,1907.39,true,557.09,1907.39,-1350.3,2026-07-31T12:59:56.604Z
B0002548,P00188,2023-09-26T22:02:00.000Z,120.20,EUR,casino,0.00,true,639.33,0.0,639.33,2026-07-31T12:59:56.604Z
B0002549,P00188,2024-02-11T17:34:00.000Z,67.43,EUR,sports,0.00,true,355.44,0.0,355.44,2026-07-31T12:59:56.604Z
B0002550,P00188,2023-12-10T16:10:00.000Z,92.18,EUR,sports,311.87,true,483.65,1636.32,-1152.67,2026-07-31T12:59:56.604Z
B0002551,P00188,2024-02-14T20:28:00.000Z,20.53,EUR,sports,0.00,true,107.68,0.0,107.68,2026-07-31T12:59:56.604Z
B0002552,P00188,2024-02-12T10:46:00.000Z,37.68,EUR,sports,46.75,true,198.45,246.21,-47.76,2026-07-31T12:59:56.604Z
B0002553,P00188,2024-01-18T22:33:00.000Z,134.74,EUR,casino,0.00,true,707.25,0.0,707.25,2026-07-31T12:59:56.604Z
B0002554,P00188,2023-09-30T07:57:00.000Z,61.32,EUR,sports,150.96,true,327.45,806.13,-478.68,2026-07-31T12:59:56.604Z
B0002555,P00188,2023-11-09T11:46:00.000Z,46.84,EUR,casino,103.05,true,247.87,545.32,-297.45,2026-07-31T12:59:56.604Z
B0002556,P00188,2023-12-28T01:27:00.000Z,152.10,EUR,casino,354.43,true,807.51,1881.7,-1074.19,2026-07-31T12:59:56.604Z
B0002557,P00188,2023-12-03T06:25:00.000Z,62.09,EUR,sports,0.00,true,328.17,0.0,328.17,2026-07-31T12:59:56.604Z
B0002558,P00188,2023-11-20T21:41:00.000Z,131.59,EUR,casino,0.00,true,685.93,0.0,685.93,2026-07-31T12:59:56.604Z
B0002559,P00188,2023-10-27T01:33:00.000Z,26.50,EUR,casino,0.00,true,140.67,0.0,140.67,2026-07-31T12:59:56.604Z
B0002560,P00188,2023-12-22T09:50:00.000Z,138.64,EUR,sports,316.15,true,738.36,1683.72,-945.36,2026-07-31T12:59:56.604Z
B0002561,P00188,2023-09-08T11:06:00.000Z,18.30,EUR,sports,0.00,true,97.36,0.0,97.36,2026-07-31T12:59:56.604Z
B0002562,P00188,2023-12-19T00:06:00.000Z,109.95,USD,sports,0.00,true,552.79,0.0,552.79,2026-07-31T12:59:56.604Z
B0002563,P00188,2023-11-10T05:01:00.000Z,25.10,EUR,sports,77.35,true,132.58,408.57,-275.99,2026-07-31T12:59:56.604Z
B0002564,P00188,2023-11-30T17:02:00.000Z,173.70,EUR,sports,0.00,true,914.3,0.0,914.3,2026-07-31T12:59:56.604Z
B0002565,P00188,2024-01-27T10:30:00.000Z,70.85,EUR,sports,0.00,true,372.04,0.0,372.04,2026-07-31T12:59:56.604Z
B0002566,P00188,2023-11-22T17:15:00.000Z,69.16,EUR,sports,209.98,true,362.2,1099.69,-737.49,2026-07-31T12:59:56.604Z
B0002567,P00188,2023-09-19T05:59:00.000Z,14.83,EUR,sports,23.16,true,79.16,123.63,-44.47,2026-07-31T12:59:56.604Z
B0002568,P00188,2023-09-08T12:41:00.000Z,170.42,EUR,casino,376.06,true,906.63,2000.64,-1094.01,2026-07-31T12:59:56.604Z
B0002569,P00188,2023-11-23T10:12:00.000Z,72.92,EUR,casino,173.37,true,383.24,911.16,-527.92,2026-07-31T12:59:56.604Z
B0002570,P00188,2023-09-29T09:20:00.000Z,139.93,EUR,casino,276.32,true,747.23,1475.55,-728.32,2026-07-31T12:59:56.604Z
B0002571,P00188,2023-09-18T04:23:00.000Z,253.56,BRL,casino,827.18,true,253.56,827.18,-573.62,2026-07-31T12:59:56.604Z
B0002572,P00188,2024-01-01T02:05:00.000Z,148.55,EUR,casino,0.00,true,785.64,0.0,785.64,2026-07-31T12:59:56.604Z
B0002573,P00188,2024-01-14T19:10:00.000Z,8.57,EUR,sports,28.48,true,44.95,149.39,-104.44,2026-07-31T12:59:56.604Z
B0002574,P00188,2023-11-29T18:54:00.000Z,86.84,USD,sports,0.00,true,434.79,0.0,434.79,2026-07-31T12:59:56.604Z
B0002575,P00188,2023-10-29T17:31:00.000Z,85.88,EUR,sports,0.00,true,455.89,0.0,455.89,2026-07-31T12:59:56.604Z
B0002576,P00188,2024-01-31T09:39:00.000Z,140.14,EUR,casino,273.37,true,741.23,1445.91,-704.68,2026-07-31T12:59:56.604Z
B0002577,P00188,2024-01-23T00:10:00.000Z,149.86,EUR,casino,284.25,true,784.1,1487.25,-703.15,2026-07-31T12:59:56.604Z
B0002578,P00189,2023-11-13T20:15:00.000Z,146.53,EUR,casino,199.59,true,771.61,1051.02,-279.41,2026-07-31T12:59:56.604Z
B0002579,P00189,2023-11-01T19:55:00.000Z,8.23,EUR,sports,0.00,true,43.69,0.0,43.69,2026-07-31T12:59:56.604Z
B0002580,P00189,2023-12-01T01:16:00.000Z,383.36,BRL,sports,977.75,true,383.36,977.75,-594.39,2026-07-31T12:59:56.604Z
B0002581,P00189,2023-12-05T00:29:00.000Z,117.50,EUR,sports,244.57,true,618.31,1286.98,-668.67,2026-07-31T12:59:56.604Z
B0002582,P00189,2023-11-29T18:51:00.000Z,130.52,EUR,sports,0.00,true,687.79,0.0,687.79,2026-07-31T12:59:56.604Z
B0002583,P00189,2023-11-17T13:56:00.000Z,66.84,EUR,casino,0.00,true,349.56,0.0,349.56,2026-07-31T12:59:56.604Z
B0002584,P00189,2023-11-28T04:02:00.000Z,97.08,EUR,sports,0.00,true,508.75,0.0,508.75,2026-07-31T12:59:56.604Z
B0002585,P00189,2023-11-13T22:54:00.000Z,202.01,BRL,sports,290.57,true,202.01,290.57,-88.56,2026-07-31T12:59:56.604Z
B0002586,P00189,2023-11-16T03:20:00.000Z,184.40,USD,sports,0.00,true,914.85,0.0,914.85,2026-07-31T12:59:56.604Z
B0002587,P00189,2023-11-25T10:26:00.000Z,117.32,EUR,sports,262.33,true,613.75,1372.35,-758.6,2026-07-31T12:59:56.604Z
B0002588,P00189,2023-12-03T21:29:00.000Z,138.87,EUR,sports,0.00,true,733.98,0.0,733.98,2026-07-31T12:59:56.604Z
B0002589,P00189,2023-11-15T00:12:00.000Z,88.58,EUR,sports,0.00,true,462.73,0.0,462.73,2026-07-31T12:59:56.604Z
B0002590,P00189,2023-11-13T04:30:00.000Z,62.54,EUR,sports,0.00,true,329.33,0.0,329.33,2026-07-31T12:59:56.604Z
B0002591,P00189,2023-11-06T04:03:00.000Z,116.08,EUR,casino,0.00,true,613.9,0.0,613.9,2026-07-31T12:59:56.604Z
B0002592,P00189,2023-11-14T03:39:00.000Z,858.56,BRL,casino,0.00,true,858.56,0.0,858.56,2026-07-31T12:59:56.604Z
B0002593,P00191,2023-12-04T13:05:00.000Z,709.48,BRL,sports,2433.69,true,709.48,2433.69,-1724.21,2026-07-31T12:59:56.604Z
B0002594,P00191,2024-02-15T00:10:00.000Z,963.65,BRL,casino,3003.65,true,963.65,3003.65,-2040.0,2026-07-31T12:59:56.604Z
B0002595,P00191,2024-02-08T15:35:00.000Z,353.84,BRL,sports,0.00,true,353.84,0.0,353.84,2026-07-31T12:59:56.604Z
B0002596,P00192,2024-02-13T01:34:00.000Z,399.59,BRL,casino,1248.31,true,399.59,1248.31,-848.72,2026-07-31T12:59:56.604Z
B0002597,P00192,2024-03-04T07:24:00.000Z,409.97,BRL,casino,795.70,true,409.97,795.7,-385.73,2026-07-31T12:59:56.604Z
B0002598,P00192,2023-12-15T09:19:00.000Z,58.83,USD,casino,0.00,true,299.16,0.0,299.16,2026-07-31T12:59:56.604Z
B0002599,P00192,2024-03-03T10:33:00.000Z,817.23,BRL,sports,0.00,true,817.23,0.0,817.23,2026-07-31T12:59:56.604Z
B0002600,P00192,2024-02-10T00:03:00.000Z,43.88,EUR,casino,0.00,true,231.3,0.0,231.3,2026-07-31T12:59:56.604Z
B0002601,P00192,2024-02-10T17:14:00.000Z,447.29,BRL,casino,0.00,true,447.29,0.0,447.29,2026-07-31T12:59:56.604Z
B0002602,P00192,2024-01-22T23:02:00.000Z,313.39,BRL,casino,521.66,true,313.39,521.66,-208.27,2026-07-31T12:59:56.604Z
B0002603,P00192,2024-02-18T17:53:00.000Z,445.14,BRL,sports,0.00,true,445.14,0.0,445.14,2026-07-31T12:59:56.604Z
B0002604,P00192,2023-12-17T03:18:00.000Z,28.51,BRL,sports,0.00,true,28.51,0.0,28.51,2026-07-31T12:59:56.604Z
B0002605,P00192,2024-01-27T03:42:00.000Z,593.96,BRL,casino,1023.47,true,593.96,1023.47,-429.51,2026-07-31T12:59:56.604Z
B0002606,P00192,2024-03-06T06:10:00.000Z,410.12,BRL,sports,0.00,true,410.12,0.0,410.12,2026-07-31T12:59:56.604Z
B0002607,P00192,2024-02-23T19:46:00.000Z,482.64,BRL,sports,0.00,true,482.64,0.0,482.64,2026-07-31T12:59:56.604Z
B0002608,P00192,2024-01-28T00:39:00.000Z,6.26,BRL,sports,0.00,true,6.26,0.0,6.26,2026-07-31T12:59:56.604Z
B0002609,P00192,2024-01-31T01:47:00.000Z,980.05,BRL,casino,2045.96,true,980.05,2045.96,-1065.91,2026-07-31T12:59:56.604Z
B0002610,P00192,2024-03-04T02:36:00.000Z,239.18,BRL,casino,0.00,true,239.18,0.0,239.18,2026-07-31T12:59:56.604Z
B0002611,P00192,2024-02-05T16:09:00.000Z,159.00,BRL,sports,0.00,true,159.0,0.0,159.0,2026-07-31T12:59:56.604Z
B0002612,P00192,2024-02-22T14:53:00.000Z,846.57,BRL,sports,1657.59,true,846.57,1657.59,-811.02,2026-07-31T12:59:56.604Z
B0002613,P00192,2024-02-12T01:44:00.000Z,391.08,BRL,sports,0.00,true,391.08,0.0,391.08,2026-07-31T12:59:56.604Z
B0002614,P00192,2024-01-12T21:24:00.000Z,204.75,BRL,casino,606.01,true,204.75,606.01,-401.26,2026-07-31T12:59:56.604Z
B0002615,P00192,2023-12-17T01:55:00.000Z,368.46,BRL,sports,0.00,true,368.46,0.0,368.46,2026-07-31T12:59:56.604Z
B0002616,P00192,2024-01-22T01:08:00.000Z,129.67,BRL,casino,0.00,true,129.67,0.0,129.67,2026-07-31T12:59:56.604Z
B0002617,P00192,2023-12-16T02:56:00.000Z,812.41,BRL,casino,0.00,true,812.41,0.0,812.41,2026-07-31T12:59:56.604Z
B0002618,P00192,2024-01-15T11:38:00.000Z,403.64,BRL,casino,0.00,true,403.64,0.0,403.64,2026-07-31T12:59:56.604Z
B0002619,P00192,2023-12-14T05:31:00.000Z,132.86,USD,sports,0.00,true,673.52,0.0,673.52,2026-07-31T12:59:56.604Z
B0002620,P00193,2024-02-25T23:46:00.000Z,254.28,BRL,casino,711.96,true,254.28,711.96,-457.68,2026-07-31T12:59:56.604Z
B0002621,P00193,2024-01-30T13:54:00.000Z,585.28,BRL,sports,1136.00,true,585.28,1136.0,-550.72,2026-07-31T12:59:56.604Z
B0002622,P00193,2024-01-22T01:50:00.000Z,392.48,BRL,sports,514.22,true,392.48,514.22,-121.74,2026-07-31T12:59:56.604Z
B0002623,P00193,2024-03-05T08:26:00.000Z,60.11,BRL,sports,0.00,true,60.11,0.0,60.11,2026-07-31T12:59:56.604Z
B0002624,P00193,2024-03-28T17:39:00.000Z,196.56,BRL,sports,349.97,true,196.56,349.97,-153.41,2026-07-31T12:59:56.604Z
B0002625,P00193,2023-12-28T11:08:00.000Z,856.14,BRL,sports,2351.77,true,856.14,2351.77,-1495.63,2026-07-31T12:59:56.604Z
B0002626,P00193,2024-02-16T00:43:00.000Z,667.68,BRL,casino,1681.09,true,667.68,1681.09,-1013.41,2026-07-31T12:59:56.604Z
B0002627,P00193,2024-02-10T03:07:00.000Z,163.20,EUR,casino,294.82,true,860.26,1554.06,-693.8,2026-07-31T12:59:56.604Z
B0002628,P00193,2024-03-06T03:26:00.000Z,979.13,BRL,casino,0.00,true,979.13,0.0,979.13,2026-07-31T12:59:56.604Z
B0002629,P00193,2024-01-20T17:33:00.000Z,74.86,BRL,sports,259.91,true,74.86,259.91,-185.05,2026-07-31T12:59:56.604Z
B0002630,P00193,2023-12-28T23:52:00.000Z,751.90,BRL,casino,0.00,true,751.9,0.0,751.9,2026-07-31T12:59:56.604Z
B0002631,P00193,2023-12-26T23:14:00.000Z,67.81,BRL,sports,0.00,true,67.81,0.0,67.81,2026-07-31T12:59:56.604Z
B0002632,P00193,2023-12-30T13:27:00.000Z,265.49,BRL,sports,701.93,true,265.49,701.93,-436.44,2026-07-31T12:59:56.604Z
B0002633,P00193,2024-01-20T08:00:00.000Z,611.44,BRL,sports,1925.74,true,611.44,1925.74,-1314.3,2026-07-31T12:59:56.604Z
B0002634,P00193,2023-12-29T03:11:00.000Z,579.52,BRL,casino,1457.26,true,579.52,1457.26,-877.74,2026-07-31T12:59:56.604Z
B0002635,P00193,2023-12-28T14:25:00.000Z,535.99,BRL,casino,0.00,true,535.99,0.0,535.99,2026-07-31T12:59:56.604Z
B0002636,P00193,2023-12-24T13:39:00.000Z,888.62,BRL,casino,2258.25,true,888.62,2258.25,-1369.63,2026-07-31T12:59:56.604Z
B0002637,P00193,2024-03-28T07:16:00.000Z,936.60,BRL,casino,3077.76,true,936.6,3077.76,-2141.16,2026-07-31T12:59:56.604Z
B0002638,P00193,2024-01-18T18:47:00.000Z,282.03,BRL,casino,0.00,true,282.03,0.0,282.03,2026-07-31T12:59:56.604Z
B0002639,P00193,2024-03-18T20:56:00.000Z,544.42,BRL,sports,0.00,true,544.42,0.0,544.42,2026-07-31T12:59:56.604Z
B0002640,P00193,2023-12-20T00:45:00.000Z,971.24,BRL,sports,2117.30,true,971.24,2117.3,-1146.06,2026-07-31T12:59:56.604Z
B0002641,P00193,2024-01-21T05:22:00.000Z,481.51,BRL,sports,0.00,true,481.51,0.0,481.51,2026-07-31T12:59:56.604Z
B0002642,P00193,2024-03-18T17:33:00.000Z,391.71,BRL,casino,0.00,true,391.71,0.0,391.71,2026-07-31T12:59:56.604Z
B0002643,P00193,2024-02-27T00:46:00.000Z,115.85,USD,casino,0.00,true,570.14,0.0,570.14,2026-07-31T12:59:56.604Z
B0002644,P00193,2024-01-29T16:25:00.000Z,470.62,BRL,casino,758.04,true,470.62,758.04,-287.42,2026-07-31T12:59:56.604Z
B0002645,P00193,2024-03-12T00:50:00.000Z,194.31,BRL,sports,0.00,true,194.31,0.0,194.31,2026-07-31T12:59:56.604Z
B0002646,P00193,2024-01-02T12:31:00.000Z,347.98,BRL,casino,0.00,true,347.98,0.0,347.98,2026-07-31T12:59:56.604Z
B0002647,P00193,2024-03-18T12:38:00.000Z,458.10,BRL,casino,0.00,true,458.1,0.0,458.1,2026-07-31T12:59:56.604Z
B0002648,P00193,2024-02-11T14:09:00.000Z,319.27,BRL,casino,797.52,true,319.27,797.52,-478.25,2026-07-31T12:59:56.604Z
B0002649,P00193,2024-03-12T02:25:00.000Z,683.78,BRL,casino,1574.62,true,683.78,1574.62,-890.84,2026-07-31T12:59:56.604Z
B0002650,P00193,2023-12-12T22:29:00.000Z,530.07,BRL,casino,1069.06,true,530.07,1069.06,-538.99,2026-07-31T12:59:56.604Z
B0002651,P00193,2023-12-24T02:01:00.000Z,189.67,USD,sports,598.48,true,952.95,3006.91,-2053.96,2026-07-31T12:59:56.604Z
B0002652,P00193,2024-02-18T15:36:00.000Z,191.29,USD,sports,646.52,true,941.79,3183.05,-2241.26,2026-07-31T12:59:56.604Z
B0002653,P00193,2024-02-29T22:53:00.000Z,639.31,BRL,sports,1452.88,true,639.31,1452.88,-813.57,2026-07-31T12:59:56.604Z
B0002654,P00193,2024-03-22T02:10:00.000Z,136.91,USD,casino,0.00,true,667.64,0.0,667.64,2026-07-31T12:59:56.604Z
B0002655,P00193,2024-01-09T04:22:00.000Z,981.68,BRL,sports,0.00,true,981.68,0.0,981.68,2026-07-31T12:59:56.604Z
B0002656,P00193,2024-01-03T19:35:00.000Z,11.55,BRL,casino,0.00,true,11.55,0.0,11.55,2026-07-31T12:59:56.604Z
B0002657,P00193,2023-12-28T08:45:00.000Z,257.12,BRL,sports,0.00,true,257.12,0.0,257.12,2026-07-31T12:59:56.604Z
B0002658,P00193,2024-02-11T13:20:00.000Z,432.73,BRL,sports,0.00,true,432.73,0.0,432.73,2026-07-31T12:59:56.604Z
B0002659,P00193,2023-12-31T16:01:00.000Z,732.01,BRL,casino,1032.25,true,732.01,1032.25,-300.24,2026-07-31T12:59:56.604Z
B0002660,P00193,2023-12-21T17:45:00.000Z,620.35,BRL,sports,0.00,true,620.35,0.0,620.35,2026-07-31T12:59:56.604Z
B0002661,P00193,2023-12-27T00:26:00.000Z,177.05,BRL,sports,0.00,true,177.05,0.0,177.05,2026-07-31T12:59:56.604Z
B0002662,P00193,2024-02-06T03:45:00.000Z,325.63,BRL,sports,880.71,true,325.63,880.71,-555.08,2026-07-31T12:59:56.604Z
B0002663,P00193,2024-03-05T04:29:00.000Z,146.63,BRL,casino,0.00,true,146.63,0.0,146.63,2026-07-31T12:59:56.604Z
B0002664,P00193,2024-03-23T19:35:00.000Z,119.15,BRL,sports,300.04,true,119.15,300.04,-180.89,2026-07-31T12:59:56.604Z
B0002665,P00193,2024-03-30T03:27:00.000Z,871.84,BRL,casino,0.00,true,871.84,0.0,871.84,2026-07-31T12:59:56.604Z
B0002666,P00193,2024-02-27T05:15:00.000Z,560.36,BRL,sports,0.00,true,560.36,0.0,560.36,2026-07-31T12:59:56.604Z
B0002667,P00193,2024-03-29T07:27:00.000Z,56.41,USD,casino,190.02,true,283.86,956.21,-672.35,2026-07-31T12:59:56.604Z
B0002668,P00193,2024-01-13T04:50:00.000Z,9.26,BRL,casino,0.00,true,9.26,0.0,9.26,2026-07-31T12:59:56.604Z
B0002669,P00193,2024-02-19T01:26:00.000Z,146.04,USD,sports,312.03,true,712.98,1523.36,-810.38,2026-07-31T12:59:56.604Z
B0002670,P00193,2024-02-15T19:41:00.000Z,299.24,BRL,casino,363.27,true,299.24,363.27,-64.03,2026-07-31T12:59:56.604Z
B0002671,P00194,2023-09-09T16:23:00.000Z,135.47,EUR,sports,423.19,true,720.7,2251.37,-1530.67,2026-07-31T12:59:56.604Z
B0002672,P00194,2023-10-16T11:03:00.000Z,24.17,EUR,casino,0.00,true,129.35,0.0,129.35,2026-07-31T12:59:56.604Z
B0002673,P00194,2023-12-21T08:19:00.000Z,34.60,EUR,sports,0.00,true,184.16,0.0,184.16,2026-07-31T12:59:56.604Z
B0002674,P00194,2023-11-12T19:19:00.000Z,129.79,EUR,casino,0.00,true,685.56,0.0,685.56,2026-07-31T12:59:56.604Z
B0002675,P00194,2023-11-26T02:23:00.000Z,60.14,EUR,sports,0.00,true,314.62,0.0,314.62,2026-07-31T12:59:56.604Z
B0002676,P00194,2023-09-11T05:43:00.000Z,155.48,USD,casino,0.00,true,784.63,0.0,784.63,2026-07-31T12:59:56.604Z
B0002677,P00194,2023-09-30T02:02:00.000Z,123.52,EUR,sports,0.00,true,659.6,0.0,659.6,2026-07-31T12:59:56.604Z
B0002678,P00194,2023-09-05T23:01:00.000Z,49.09,EUR,casino,0.00,true,260.78,0.0,260.78,2026-07-31T12:59:56.604Z
B0002679,P00194,2023-11-14T00:48:00.000Z,93.85,EUR,casino,0.00,true,491.79,0.0,491.79,2026-07-31T12:59:56.604Z
B0002680,P00194,2023-09-14T19:19:00.000Z,76.13,EUR,sports,0.00,true,405.28,0.0,405.28,2026-07-31T12:59:56.604Z
B0002681,P00194,2023-09-29T22:49:00.000Z,156.36,EUR,casino,440.28,true,834.96,2351.1,-1516.14,2026-07-31T12:59:56.604Z
B0002682,P00194,2023-11-16T12:28:00.000Z,32.50,EUR,casino,98.31,true,170.48,515.69,-345.21,2026-07-31T12:59:56.604Z
B0002683,P00194,2023-12-06T01:12:00.000Z,106.66,EUR,casino,0.00,true,559.67,0.0,559.67,2026-07-31T12:59:56.604Z
B0002684,P00194,2023-10-11T23:28:00.000Z,151.96,USD,casino,0.00,true,771.36,0.0,771.36,2026-07-31T12:59:56.604Z
B0002685,P00194,2023-11-06T11:57:00.000Z,119.81,EUR,casino,250.98,true,633.63,1327.33,-693.7,2026-07-31T12:59:56.604Z
B0002686,P00194,2023-12-11T20:42:00.000Z,7.78,EUR,sports,0.00,true,41.05,0.0,41.05,2026-07-31T12:59:56.604Z
B0002687,P00194,2023-09-30T12:24:00.000Z,205.41,BRL,sports,0.00,true,205.41,0.0,205.41,2026-07-31T12:59:56.604Z
B0002688,P00194,2023-08-16T15:04:00.000Z,35.06,EUR,sports,0.00,true,187.45,0.0,187.45,2026-07-31T12:59:56.604Z
B0002689,P00194,2023-12-22T16:00:00.000Z,155.53,EUR,casino,0.00,true,828.31,0.0,828.31,2026-07-31T12:59:56.604Z
B0002690,P00194,2023-10-25T19:38:00.000Z,19.41,EUR,casino,34.29,true,104.02,183.76,-79.74,2026-07-31T12:59:56.604Z
B0002691,P00194,2023-09-16T15:59:00.000Z,111.21,EUR,sports,0.00,true,594.8,0.0,594.8,2026-07-31T12:59:56.604Z
B0002692,P00194,2023-10-10T20:43:00.000Z,118.76,EUR,casino,0.00,true,633.26,0.0,633.26,2026-07-31T12:59:56.604Z
B0002693,P00194,2023-09-21T11:39:00.000Z,128.70,EUR,casino,0.00,true,686.87,0.0,686.87,2026-07-31T12:59:56.604Z
B0002694,P00194,2023-12-24T17:36:00.000Z,96.02,EUR,casino,0.00,true,511.37,0.0,511.37,2026-07-31T12:59:56.604Z
B0002695,P00194,2023-11-24T12:41:00.000Z,9.90,EUR,sports,0.00,true,51.79,0.0,51.79,2026-07-31T12:59:56.604Z
B0002696,P00194,2023-12-13T23:54:00.000Z,103.21,EUR,casino,0.00,true,549.68,0.0,549.68,2026-07-31T12:59:56.604Z
B0002697,P00194,2023-10-24T03:51:00.000Z,120.01,EUR,casino,0.00,true,640.42,0.0,640.42,2026-07-31T12:59:56.604Z
B0002698,P00195,2023-11-09T02:27:00.000Z,8.52,EUR,sports,27.97,true,45.09,148.01,-102.92,2026-07-31T12:59:56.604Z
B0002699,P00195,2024-01-18T17:53:00.000Z,162.17,EUR,casino,281.23,true,851.23,1476.18,-624.95,2026-07-31T12:59:56.604Z
B0002700,P00195,2024-03-05T03:21:00.000Z,7.17,USD,sports,0.00,true,34.94,0.0,34.94,2026-07-31T12:59:56.604Z
B0002701,P00195,2024-03-16T20:47:00.000Z,167.14,EUR,sports,0.00,true,889.2,0.0,889.2,2026-07-31T12:59:56.604Z
B0002702,P00195,2024-02-07T08:32:00.000Z,123.50,EUR,casino,0.00,true,648.51,0.0,648.51,2026-07-31T12:59:56.604Z
B0002703,P00195,2024-02-04T05:42:00.000Z,39.80,EUR,sports,0.00,true,208.7,0.0,208.7,2026-07-31T12:59:56.604Z
B0002704,P00195,2024-01-16T23:43:00.000Z,54.84,EUR,sports,0.00,true,287.62,0.0,287.62,2026-07-31T12:59:56.604Z
B0002705,P00195,2024-02-14T14:51:00.000Z,121.66,EUR,casino,269.91,true,638.11,1415.68,-777.57,2026-07-31T12:59:56.604Z
B0002706,P00195,2024-02-08T14:12:00.000Z,17.34,EUR,casino,0.00,true,91.04,0.0,91.04,2026-07-31T12:59:56.604Z
B0002707,P00195,2023-10-18T02:37:00.000Z,1.45,EUR,sports,0.00,true,7.81,0.0,7.81,2026-07-31T12:59:56.604Z
B0002708,P00195,2023-11-19T04:15:00.000Z,125.50,EUR,sports,0.00,true,656.34,0.0,656.34,2026-07-31T12:59:56.604Z
B0002709,P00195,2024-01-24T15:02:00.000Z,106.10,EUR,sports,262.59,true,554.31,1371.88,-817.57,2026-07-31T12:59:56.604Z
B0002710,P00195,2023-12-08T07:12:00.000Z,930.05,BRL,sports,0.00,true,930.05,0.0,930.05,2026-07-31T12:59:56.604Z
B0002711,P00195,2024-02-06T18:18:00.000Z,121.82,EUR,casino,0.00,true,638.7,0.0,638.7,2026-07-31T12:59:56.604Z
B0002712,P00195,2023-11-20T03:30:00.000Z,121.06,EUR,casino,414.96,true,631.04,2163.02,-1531.98,2026-07-31T12:59:56.604Z
B0002713,P00195,2023-10-31T03:22:00.000Z,138.84,EUR,casino,177.27,true,739.02,943.57,-204.55,2026-07-31T12:59:56.604Z
B0002714,P00195,2024-01-14T21:09:00.000Z,79.56,EUR,sports,0.00,true,417.33,0.0,417.33,2026-07-31T12:59:56.604Z
B0002715,P00195,2023-10-22T05:59:00.000Z,82.83,EUR,casino,179.05,true,441.09,953.48,-512.39,2026-07-31T12:59:56.604Z
B0002716,P00195,2024-03-04T01:36:00.000Z,82.80,EUR,sports,245.23,true,435.4,1289.54,-854.14,2026-07-31T12:59:56.604Z
B0002717,P00195,2024-03-12T17:00:00.000Z,26.66,EUR,casino,0.00,true,141.22,0.0,141.22,2026-07-31T12:59:56.604Z
B0002718,P00195,2024-01-03T02:09:00.000Z,71.51,EUR,sports,0.00,true,376.8,0.0,376.8,2026-07-31T12:59:56.604Z
B0002719,P00196,2023-12-15T06:42:00.000Z,286.87,BRL,sports,0.00,true,286.87,0.0,286.87,2026-07-31T12:59:56.604Z
B0002720,P00196,2023-11-17T12:03:00.000Z,327.22,BRL,sports,0.00,true,327.22,0.0,327.22,2026-07-31T12:59:56.604Z
B0002721,P00196,2023-12-26T17:38:00.000Z,336.17,BRL,casino,788.78,true,336.17,788.78,-452.61,2026-07-31T12:59:56.604Z
B0002722,P00196,2023-11-07T12:38:00.000Z,141.21,BRL,sports,489.74,true,141.21,489.74,-348.53,2026-07-31T12:59:56.604Z
B0002723,P00196,2023-11-19T16:15:00.000Z,414.00,BRL,casino,666.24,true,414.0,666.24,-252.24,2026-07-31T12:59:56.604Z
B0002724,P00196,2024-02-04T01:27:00.000Z,662.39,BRL,sports,0.00,true,662.39,0.0,662.39,2026-07-31T12:59:56.604Z
B0002725,P00196,2023-10-30T22:43:00.000Z,187.84,BRL,sports,417.28,true,187.84,417.28,-229.44,2026-07-31T12:59:56.604Z
B0002726,P00196,2023-12-24T21:01:00.000Z,7.46,EUR,sports,0.00,true,39.73,0.0,39.73,2026-07-31T12:59:56.604Z
B0002727,P00196,2023-12-09T02:19:00.000Z,176.78,BRL,sports,449.59,true,176.78,449.59,-272.81,2026-07-31T12:59:56.604Z
B0002728,P00197,2023-08-17T07:46:00.000Z,156.56,EUR,sports,0.00,true,835.92,0.0,835.92,2026-07-31T12:59:56.604Z
B0002729,P00197,2023-08-14T12:40:00.000Z,132.35,EUR,sports,0.00,true,704.9,0.0,704.9,2026-07-31T12:59:56.604Z
B0002730,P00197,2023-08-13T02:00:00.000Z,66.76,EUR,casino,0.00,true,354.18,0.0,354.18,2026-07-31T12:59:56.604Z
B0002731,P00197,2023-08-14T00:03:00.000Z,163.82,BRL,sports,0.00,true,163.82,0.0,163.82,2026-07-31T12:59:56.604Z
B0002732,P00197,2023-08-13T09:03:00.000Z,114.51,EUR,casino,211.08,true,607.5,1119.82,-512.32,2026-07-31T12:59:56.604Z
B0002733,P00197,2023-08-15T11:28:00.000Z,57.40,EUR,sports,0.00,true,306.77,0.0,306.77,2026-07-31T12:59:56.604Z
B0002734,P00197,2023-08-13T10:44:00.000Z,154.97,BRL,sports,0.00,true,154.97,0.0,154.97,2026-07-31T12:59:56.604Z
B0002735,P00197,2023-08-12T11:57:00.000Z,30.13,EUR,casino,0.00,true,159.85,0.0,159.85,2026-07-31T12:59:56.604Z
B0002736,P00197,2023-08-15T05:47:00.000Z,73.92,EUR,casino,0.00,true,395.06,0.0,395.06,2026-07-31T12:59:56.604Z
B0002737,P00198,2023-12-12T00:27:00.000Z,73.55,EUR,casino,0.00,true,390.18,0.0,390.18,2026-07-31T12:59:56.604Z
B0002738,P00198,2023-12-13T23:11:00.000Z,110.21,EUR,casino,0.00,true,586.96,0.0,586.96,2026-07-31T12:59:56.604Z
B0002739,P00198,2023-12-13T09:35:00.000Z,96.72,EUR,casino,0.00,true,515.11,0.0,515.11,2026-07-31T12:59:56.604Z
B0002740,P00198,2023-12-06T04:20:00.000Z,142.02,EUR,casino,0.00,true,745.21,0.0,745.21,2026-07-31T12:59:56.604Z
B0002741,P00198,2023-12-13T01:57:00.000Z,151.95,EUR,casino,0.00,true,809.26,0.0,809.26,2026-07-31T12:59:56.604Z
B0002742,P00198,2023-12-08T18:08:00.000Z,27.98,EUR,sports,0.00,true,146.81,0.0,146.81,2026-07-31T12:59:56.604Z
B0002743,P00198,2023-12-12T06:07:00.000Z,13.39,EUR,casino,0.00,true,71.03,0.0,71.03,2026-07-31T12:59:56.604Z
B0002744,P00198,2023-12-06T08:21:00.000Z,866.36,BRL,casino,2067.72,true,866.36,2067.72,-1201.36,2026-07-31T12:59:56.604Z
B0002745,P00198,2023-12-12T23:25:00.000Z,2.84,EUR,casino,7.91,true,15.07,41.96,-26.89,2026-07-31T12:59:56.604Z
B0002746,P00198,2023-12-10T06:04:00.000Z,169.68,EUR,sports,0.00,true,890.28,0.0,890.28,2026-07-31T12:59:56.604Z
B0002747,P00198,2023-12-13T17:16:00.000Z,34.22,EUR,sports,54.77,true,182.25,291.69,-109.44,2026-07-31T12:59:56.604Z
B0002748,P00198,2023-12-14T01:25:00.000Z,42.45,EUR,sports,117.89,true,226.04,627.75,-401.71,2026-07-31T12:59:56.604Z
B0002749,P00198,2023-12-07T15:35:00.000Z,15.89,EUR,sports,0.00,true,83.32,0.0,83.32,2026-07-31T12:59:56.604Z
B0002750,P00198,2023-12-14T10:46:00.000Z,162.99,EUR,casino,196.03,true,867.91,1043.84,-175.93,2026-07-31T12:59:56.604Z
B0002751,P00198,2023-12-13T14:46:00.000Z,18.88,EUR,sports,43.48,true,100.55,231.57,-131.02,2026-07-31T12:59:56.604Z
B0002752,P00198,2023-12-13T11:23:00.000Z,11.13,EUR,casino,24.23,true,59.28,129.04,-69.76,2026-07-31T12:59:56.604Z
B0002753,P00198,2023-12-15T04:05:00.000Z,122.69,EUR,sports,0.00,true,652.59,0.0,652.59,2026-07-31T12:59:56.604Z
B0002754,P00198,2023-12-11T12:00:00.000Z,16.94,EUR,sports,0.00,true,89.39,0.0,89.39,2026-07-31T12:59:56.604Z
B0002755,P00198,2023-12-13T00:11:00.000Z,498.88,BRL,sports,0.00,true,498.88,0.0,498.88,2026-07-31T12:59:56.604Z
B0002756,P00198,2023-12-11T02:48:00.000Z,133.36,USD,sports,0.00,true,668.73,0.0,668.73,2026-07-31T12:59:56.604Z
B0002757,P00198,2023-12-15T02:57:00.000Z,15.25,EUR,casino,0.00,true,81.11,0.0,81.11,2026-07-31T12:59:56.604Z
B0002758,P00198,2023-12-11T14:43:00.000Z,138.56,EUR,casino,0.00,true,731.14,0.0,731.14,2026-07-31T12:59:56.604Z
B0002759,P00198,2023-12-09T17:28:00.000Z,74.47,EUR,casino,0.00,true,390.73,0.0,390.73,2026-07-31T12:59:56.604Z
B0002760,P00198,2023-12-10T15:48:00.000Z,30.06,EUR,casino,81.92,true,157.72,429.82,-272.1,2026-07-31T12:59:56.604Z
B0002761,P00198,2023-12-08T02:18:00.000Z,407.44,BRL,sports,1218.53,true,407.44,1218.53,-811.09,2026-07-31T12:59:56.604Z
B0002762,P00198,2023-12-11T23:49:00.000Z,242.16,BRL,sports,0.00,true,242.16,0.0,242.16,2026-07-31T12:59:56.604Z
B0002763,P00198,2023-12-13T18:38:00.000Z,139.54,EUR,casino,351.49,true,743.16,1871.97,-1128.81,2026-07-31T12:59:56.604Z
B0002764,P00198,2023-12-12T17:00:00.000Z,130.38,EUR,casino,0.00,true,691.65,0.0,691.65,2026-07-31T12:59:56.604Z
B0002765,P00198,2023-12-11T04:42:00.000Z,16.38,EUR,sports,0.00,true,86.43,0.0,86.43,2026-07-31T12:59:56.604Z
B0002766,P00198,2023-12-11T04:37:00.000Z,108.08,EUR,sports,256.26,true,570.31,1352.21,-781.9,2026-07-31T12:59:56.604Z
B0002767,P00200,2024-03-01T15:28:00.000Z,101.16,USD,casino,292.28,true,497.02,1436.02,-939.0,2026-07-31T12:59:56.604Z
B0002768,P00200,2024-02-12T08:11:00.000Z,113.42,USD,casino,0.00,true,557.53,0.0,557.53,2026-07-31T12:59:56.604Z
B0002769,P00200,2024-02-15T16:06:00.000Z,64.15,USD,sports,0.00,true,314.65,0.0,314.65,2026-07-31T12:59:56.604Z
B0002770,P00201,2023-09-06T06:44:00.000Z,61.47,BRL,sports,0.00,true,61.47,0.0,61.47,2026-07-31T12:59:56.604Z
B0002771,P00201,2023-10-05T13:42:00.000Z,679.04,BRL,casino,0.00,true,679.04,0.0,679.04,2026-07-31T12:59:56.604Z
B0002772,P00201,2023-10-09T07:32:00.000Z,170.12,BRL,sports,527.63,true,170.12,527.63,-357.51,2026-07-31T12:59:56.604Z
B0002773,P00201,2023-09-04T14:44:00.000Z,456.69,BRL,sports,0.00,true,456.69,0.0,456.69,2026-07-31T12:59:56.604Z
B0002774,P00201,2023-09-03T03:22:00.000Z,152.06,BRL,casino,0.00,true,152.06,0.0,152.06,2026-07-31T12:59:56.604Z
B0002775,P00201,2023-09-09T19:33:00.000Z,60.00,USD,casino,0.00,true,302.73,0.0,302.73,2026-07-31T12:59:56.604Z
B0002776,P00201,2023-10-06T17:18:00.000Z,719.67,BRL,casino,969.93,true,719.67,969.93,-250.26,2026-07-31T12:59:56.604Z
B0002777,P00201,2023-09-17T04:37:00.000Z,542.13,BRL,sports,1132.60,true,542.13,1132.6,-590.47,2026-07-31T12:59:56.604Z
B0002778,P00201,2023-09-30T03:30:00.000Z,484.37,BRL,sports,0.00,true,484.37,0.0,484.37,2026-07-31T12:59:56.604Z
B0002779,P00201,2023-09-06T00:17:00.000Z,83.13,BRL,casino,163.99,true,83.13,163.99,-80.86,2026-07-31T12:59:56.604Z
B0002780,P00201,2023-09-10T19:39:00.000Z,897.57,BRL,casino,2861.30,true,897.57,2861.3,-1963.73,2026-07-31T12:59:56.604Z
B0002781,P00201,2023-10-08T05:17:00.000Z,527.11,BRL,casino,0.00,true,527.11,0.0,527.11,2026-07-31T12:59:56.604Z
B0002782,P00202,2024-03-04T03:00:00.000Z,759.70,BRL,sports,0.00,true,759.7,0.0,759.7,2026-07-31T12:59:56.604Z
B0002783,P00202,2024-03-15T23:13:00.000Z,140.51,BRL,casino,0.00,true,140.51,0.0,140.51,2026-07-31T12:59:56.604Z
B0002784,P00202,2024-02-25T05:04:00.000Z,962.75,BRL,sports,2695.10,true,962.75,2695.1,-1732.35,2026-07-31T12:59:56.604Z
B0002785,P00202,2024-03-04T01:53:00.000Z,252.95,BRL,casino,0.00,true,252.95,0.0,252.95,2026-07-31T12:59:56.604Z
B0002786,P00202,2024-03-12T08:50:00.000Z,298.13,BRL,casino,0.00,true,298.13,0.0,298.13,2026-07-31T12:59:56.604Z
B0002787,P00202,2024-03-09T01:08:00.000Z,981.28,BRL,sports,2990.58,true,981.28,2990.58,-2009.3,2026-07-31T12:59:56.604Z
B0002788,P00202,2024-02-26T13:33:00.000Z,812.33,BRL,sports,1757.42,true,812.33,1757.42,-945.09,2026-07-31T12:59:56.604Z
B0002789,P00202,2024-03-06T08:59:00.000Z,106.63,BRL,casino,301.24,true,106.63,301.24,-194.61,2026-07-31T12:59:56.604Z
B0002790,P00202,2024-03-03T18:58:00.000Z,217.11,BRL,casino,597.69,true,217.11,597.69,-380.58,2026-07-31T12:59:56.604Z
B0002791,P00202,2024-02-27T20:22:00.000Z,637.56,BRL,casino,1202.42,true,637.56,1202.42,-564.86,2026-07-31T12:59:56.604Z
B0002792,P00202,2024-03-02T02:44:00.000Z,800.80,BRL,sports,2113.11,true,800.8,2113.11,-1312.31,2026-07-31T12:59:56.604Z
B0002793,P00202,2024-03-11T11:51:00.000Z,190.08,BRL,sports,0.00,true,190.08,0.0,190.08,2026-07-31T12:59:56.604Z
B0002794,P00202,2024-03-08T06:55:00.000Z,322.36,BRL,casino,0.00,true,322.36,0.0,322.36,2026-07-31T12:59:56.604Z
B0002795,P00202,2024-03-12T04:33:00.000Z,235.49,BRL,sports,666.41,true,235.49,666.41,-430.92,2026-07-31T12:59:56.604Z
B0002796,P00202,2024-03-01T05:04:00.000Z,553.22,BRL,sports,0.00,true,553.22,0.0,553.22,2026-07-31T12:59:56.604Z
B0002797,P00202,2024-03-12T21:20:00.000Z,384.32,BRL,casino,0.00,true,384.32,0.0,384.32,2026-07-31T12:59:56.604Z
B0002798,P00202,2024-03-08T05:34:00.000Z,716.18,BRL,sports,0.00,true,716.18,0.0,716.18,2026-07-31T12:59:56.604Z
B0002799,P00202,2024-03-13T03:42:00.000Z,451.76,BRL,sports,702.25,true,451.76,702.25,-250.49,2026-07-31T12:59:56.604Z
B0002800,P00202,2024-03-01T09:50:00.000Z,542.69,BRL,sports,0.00,true,542.69,0.0,542.69,2026-07-31T12:59:56.604Z
B0002801,P00202,2024-03-02T07:27:00.000Z,918.37,BRL,casino,2015.78,true,918.37,2015.78,-1097.41,2026-07-31T12:59:56.604Z
B0002802,P00202,2024-02-29T11:08:00.000Z,929.82,BRL,casino,0.00,true,929.82,0.0,929.82,2026-07-31T12:59:56.604Z
B0002803,P00202,2024-03-13T09:24:00.000Z,778.91,BRL,sports,1192.71,true,778.91,1192.71,-413.8,2026-07-31T12:59:56.604Z
B0002804,P00202,2024-03-03T12:53:00.000Z,173.95,EUR,casino,0.00,true,918.32,0.0,918.32,2026-07-31T12:59:56.604Z
B0002805,P00202,2024-03-10T11:52:00.000Z,956.81,BRL,sports,1548.69,true,956.81,1548.69,-591.88,2026-07-31T12:59:56.604Z
B0002806,P00202,2024-03-04T17:40:00.000Z,350.22,BRL,casino,0.00,true,350.22,0.0,350.22,2026-07-31T12:59:56.604Z
B0002807,P00202,2024-03-11T01:51:00.000Z,891.25,BRL,casino,3025.16,true,891.25,3025.16,-2133.91,2026-07-31T12:59:56.604Z
B0002808,P00202,2024-03-11T05:22:00.000Z,768.27,BRL,casino,1506.09,true,768.27,1506.09,-737.82,2026-07-31T12:59:56.604Z
B0002809,P00202,2024-03-02T19:10:00.000Z,777.07,BRL,casino,2069.23,true,777.07,2069.23,-1292.16,2026-07-31T12:59:56.604Z
B0002810,P00202,2024-03-10T18:02:00.000Z,27.53,BRL,sports,0.00,true,27.53,0.0,27.53,2026-07-31T12:59:56.604Z
B0002811,P00202,2024-03-06T18:43:00.000Z,293.90,BRL,sports,760.72,true,293.9,760.72,-466.82,2026-07-31T12:59:56.604Z
B0002812,P00202,2024-03-14T14:18:00.000Z,892.91,BRL,sports,0.00,true,892.91,0.0,892.91,2026-07-31T12:59:56.604Z
B0002813,P00202,2024-02-28T22:23:00.000Z,971.21,BRL,casino,0.00,true,971.21,0.0,971.21,2026-07-31T12:59:56.604Z
B0002814,P00202,2024-03-05T18:55:00.000Z,646.70,BRL,casino,1357.58,true,646.7,1357.58,-710.88,2026-07-31T12:59:56.604Z
B0002815,P00202,2024-03-08T10:59:00.000Z,300.53,BRL,casino,0.00,true,300.53,0.0,300.53,2026-07-31T12:59:56.604Z
B0002816,P00202,2024-03-09T19:44:00.000Z,232.12,BRL,sports,373.74,true,232.12,373.74,-141.62,2026-07-31T12:59:56.604Z
B0002817,P00202,2024-03-05T21:28:00.000Z,333.64,BRL,sports,0.00,true,333.64,0.0,333.64,2026-07-31T12:59:56.604Z
B0002818,P00202,2024-02-25T03:20:00.000Z,426.12,BRL,casino,1175.24,true,426.12,1175.24,-749.12,2026-07-31T12:59:56.604Z
B0002819,P00202,2024-03-01T12:13:00.000Z,36.61,BRL,sports,97.50,true,36.61,97.5,-60.89,2026-07-31T12:59:56.604Z
B0002820,P00202,2024-02-27T03:32:00.000Z,9.21,EUR,sports,0.00,true,48.66,0.0,48.66,2026-07-31T12:59:56.604Z
B0002821,P00202,2024-02-28T20:24:00.000Z,945.60,BRL,sports,0.00,true,945.6,0.0,945.6,2026-07-31T12:59:56.604Z
B0002822,P00202,2024-03-13T00:57:00.000Z,359.07,BRL,sports,0.00,true,359.07,0.0,359.07,2026-07-31T12:59:56.604Z
B0002823,P00202,2024-02-26T02:17:00.000Z,21.82,BRL,sports,67.27,true,21.82,67.27,-45.45,2026-07-31T12:59:56.604Z
B0002824,P00202,2024-03-06T08:10:00.000Z,26.07,BRL,casino,0.00,true,26.07,0.0,26.07,2026-07-31T12:59:56.604Z
B0002825,P00202,2024-02-27T13:29:00.000Z,926.37,BRL,casino,2031.01,true,926.37,2031.01,-1104.64,2026-07-31T12:59:56.604Z
B0002826,P00202,2024-03-07T23:01:00.000Z,343.92,BRL,casino,863.62,true,343.92,863.62,-519.7,2026-07-31T12:59:56.604Z
B0002827,P00202,2024-03-06T01:45:00.000Z,243.79,BRL,sports,0.00,true,243.79,0.0,243.79,2026-07-31T12:59:56.604Z
B0002828,P00202,2024-03-10T19:57:00.000Z,64.43,EUR,sports,0.00,true,338.93,0.0,338.93,2026-07-31T12:59:56.604Z
B0002829,P00202,2024-03-13T16:42:00.000Z,348.25,BRL,casino,668.56,true,348.25,668.56,-320.31,2026-07-31T12:59:56.604Z
B0002830,P00202,2024-02-29T14:33:00.000Z,66.39,BRL,sports,0.00,true,66.39,0.0,66.39,2026-07-31T12:59:56.604Z
B0002831,P00202,2024-02-27T13:45:00.000Z,316.77,BRL,sports,0.00,true,316.77,0.0,316.77,2026-07-31T12:59:56.604Z
B0002832,P00202,2024-02-27T16:20:00.000Z,908.14,BRL,sports,0.00,true,908.14,0.0,908.14,2026-07-31T12:59:56.604Z
B0002833,P00202,2024-02-26T01:40:00.000Z,45.16,BRL,casino,0.00,true,45.16,0.0,45.16,2026-07-31T12:59:56.604Z
B0002834,P00202,2024-03-15T11:19:00.000Z,465.91,BRL,sports,1342.05,true,465.91,1342.05,-876.14,2026-07-31T12:59:56.604Z
B0002835,P00202,2024-03-02T02:59:00.000Z,365.56,BRL,sports,0.00,true,365.56,0.0,365.56,2026-07-31T12:59:56.604Z
B0002836,P00202,2024-03-01T00:44:00.000Z,288.09,BRL,sports,0.00,true,288.09,0.0,288.09,2026-07-31T12:59:56.604Z
B0002837,P00202,2024-03-14T18:01:00.000Z,774.04,BRL,casino,2075.33,true,774.04,2075.33,-1301.29,2026-07-31T12:59:56.604Z
B0002838,P00202,2024-02-27T21:23:00.000Z,717.97,BRL,sports,0.00,true,717.97,0.0,717.97,2026-07-31T12:59:56.604Z
B0002839,P00202,2024-03-07T16:18:00.000Z,320.40,BRL,casino,0.00,true,320.4,0.0,320.4,2026-07-31T12:59:56.604Z
B0002840,P00202,2024-03-15T14:57:00.000Z,93.10,BRL,sports,0.00,true,93.1,0.0,93.1,2026-07-31T12:59:56.604Z
B0002841,P00202,2024-03-06T12:50:00.000Z,13.12,BRL,sports,0.00,true,13.12,0.0,13.12,2026-07-31T12:59:56.604Z
B0002842,P00202,2024-03-02T03:51:00.000Z,742.31,BRL,casino,0.00,true,742.31,0.0,742.31,2026-07-31T12:59:56.604Z
B0002843,P00202,2024-03-11T08:11:00.000Z,602.82,BRL,casino,0.00,true,602.82,0.0,602.82,2026-07-31T12:59:56.604Z
B0002844,P00202,2024-03-09T04:08:00.000Z,91.75,BRL,sports,0.00,true,91.75,0.0,91.75,2026-07-31T12:59:56.604Z
B0002845,P00202,2024-02-28T20:45:00.000Z,774.41,BRL,sports,0.00,true,774.41,0.0,774.41,2026-07-31T12:59:56.604Z
B0002846,P00202,2024-03-12T11:10:00.000Z,44.24,BRL,sports,140.52,true,44.24,140.52,-96.28,2026-07-31T12:59:56.604Z
B0002847,P00202,2024-03-13T07:51:00.000Z,530.65,BRL,casino,1100.38,true,530.65,1100.38,-569.73,2026-07-31T12:59:56.604Z
B0002848,P00202,2024-03-01T12:32:00.000Z,825.38,BRL,sports,2083.38,true,825.38,2083.38,-1258.0,2026-07-31T12:59:56.604Z
B0002849,P00202,2024-02-27T18:13:00.000Z,196.23,BRL,sports,488.94,true,196.23,488.94,-292.71,2026-07-31T12:59:56.604Z
B0002850,P00202,2024-03-10T07:03:00.000Z,237.34,BRL,casino,755.67,true,237.34,755.67,-518.33,2026-07-31T12:59:56.604Z
B0002851,P00202,2024-02-27T02:35:00.000Z,89.65,BRL,sports,0.00,true,89.65,0.0,89.65,2026-07-31T12:59:56.604Z
B0002852,P00202,2024-03-15T00:52:00.000Z,139.01,EUR,sports,0.00,true,739.55,0.0,739.55,2026-07-31T12:59:56.604Z
B0002853,P00202,2024-02-28T23:17:00.000Z,209.91,BRL,casino,620.48,true,209.91,620.48,-410.57,2026-07-31T12:59:56.604Z
B0002854,P00202,2024-03-14T03:33:00.000Z,32.68,BRL,casino,0.00,true,32.68,0.0,32.68,2026-07-31T12:59:56.604Z
B0002855,P00202,2024-03-08T06:45:00.000Z,827.24,BRL,sports,0.00,true,827.24,0.0,827.24,2026-07-31T12:59:56.604Z
B0002856,P00202,2024-03-07T06:47:00.000Z,654.75,BRL,sports,899.01,true,654.75,899.01,-244.26,2026-07-31T12:59:56.604Z
B0002857,P00202,2024-02-28T22:32:00.000Z,836.07,BRL,sports,0.00,true,836.07,0.0,836.07,2026-07-31T12:59:56.604Z
B0002858,P00202,2024-02-27T17:20:00.000Z,853.51,BRL,casino,0.00,true,853.51,0.0,853.51,2026-07-31T12:59:56.604Z
B0002859,P00202,2024-02-25T07:49:00.000Z,760.89,BRL,sports,0.00,true,760.89,0.0,760.89,2026-07-31T12:59:56.604Z
B0002860,P00204,2023-12-30T07:38:00.000Z,27.60,BRL,casino,71.69,true,27.6,71.69,-44.09,2026-07-31T12:59:56.604Z
B0002861,P00204,2023-12-30T23:15:00.000Z,249.34,BRL,sports,0.00,true,249.34,0.0,249.34,2026-07-31T12:59:56.604Z
B0002862,P00204,2024-01-03T10:00:00.000Z,22.51,USD,sports,0.00,true,110.96,0.0,110.96,2026-07-31T12:59:56.604Z
B0002863,P00204,2024-01-05T11:12:00.000Z,70.37,BRL,sports,0.00,true,70.37,0.0,70.37,2026-07-31T12:59:56.604Z
B0002864,P00204,2023-12-16T05:34:00.000Z,219.42,BRL,casino,643.13,true,219.42,643.13,-423.71,2026-07-31T12:59:56.604Z
B0002865,P00204,2023-12-23T11:39:00.000Z,697.37,BRL,sports,0.00,true,697.37,0.0,697.37,2026-07-31T12:59:56.604Z
B0002866,P00204,2023-12-20T02:33:00.000Z,601.78,BRL,casino,1521.82,true,601.78,1521.82,-920.04,2026-07-31T12:59:56.604Z
B0002867,P00204,2023-12-14T05:55:00.000Z,552.66,BRL,sports,1011.92,true,552.66,1011.92,-459.26,2026-07-31T12:59:56.604Z
B0002868,P00204,2023-12-18T08:01:00.000Z,118.76,BRL,sports,0.00,true,118.76,0.0,118.76,2026-07-31T12:59:56.604Z
B0002869,P00205,2024-02-07T11:13:00.000Z,779.39,BRL,casino,1823.70,true,779.39,1823.7,-1044.31,2026-07-31T12:59:56.604Z
B0002870,P00205,2024-02-04T01:15:00.000Z,564.78,BRL,sports,0.00,true,564.78,0.0,564.78,2026-07-31T12:59:56.604Z
B0002871,P00205,2024-02-03T05:26:00.000Z,239.21,BRL,casino,487.37,true,239.21,487.37,-248.16,2026-07-31T12:59:56.604Z
B0002872,P00205,2024-02-07T01:14:00.000Z,482.21,BRL,casino,0.00,true,482.21,0.0,482.21,2026-07-31T12:59:56.604Z
B0002873,P00205,2024-02-03T06:10:00.000Z,46.37,USD,casino,0.00,true,225.55,0.0,225.55,2026-07-31T12:59:56.604Z
B0002874,P00205,2024-02-06T10:07:00.000Z,126.22,BRL,casino,239.11,true,126.22,239.11,-112.89,2026-07-31T12:59:56.604Z
B0002875,P00206,2023-11-09T02:24:00.000Z,182.37,BRL,sports,349.55,true,182.37,349.55,-167.18,2026-07-31T12:59:56.604Z
B0002876,P00206,2023-11-09T00:12:00.000Z,384.30,BRL,casino,802.97,true,384.3,802.97,-418.67,2026-07-31T12:59:56.604Z
B0002877,P00206,2023-11-09T00:21:00.000Z,29.95,EUR,casino,0.00,true,158.49,0.0,158.49,2026-07-31T12:59:56.604Z
B0002878,P00206,2023-11-17T21:11:00.000Z,273.27,BRL,casino,0.00,true,273.27,0.0,273.27,2026-07-31T12:59:56.604Z
B0002879,P00206,2023-11-23T21:49:00.000Z,382.88,BRL,sports,0.00,true,382.88,0.0,382.88,2026-07-31T12:59:56.604Z
B0002880,P00206,2023-11-22T02:56:00.000Z,988.70,BRL,casino,0.00,true,988.7,0.0,988.7,2026-07-31T12:59:56.604Z
B0002881,P00206,2023-11-27T15:50:00.000Z,284.41,BRL,casino,711.93,true,284.41,711.93,-427.52,2026-07-31T12:59:56.604Z
B0002882,P00206,2023-11-07T14:08:00.000Z,851.97,BRL,sports,2894.27,true,851.97,2894.27,-2042.3,2026-07-31T12:59:56.604Z
B0002883,P00206,2023-11-22T06:37:00.000Z,956.68,BRL,casino,0.00,true,956.68,0.0,956.68,2026-07-31T12:59:56.604Z
B0002884,P00206,2023-11-15T16:49:00.000Z,692.01,BRL,casino,0.00,true,692.01,0.0,692.01,2026-07-31T12:59:56.604Z
B0002885,P00206,2023-11-30T03:23:00.000Z,211.62,BRL,sports,0.00,true,211.62,0.0,211.62,2026-07-31T12:59:56.604Z
B0002886,P00206,2023-11-25T23:37:00.000Z,680.78,BRL,sports,0.00,true,680.78,0.0,680.78,2026-07-31T12:59:56.604Z
B0002887,P00206,2023-11-15T21:02:00.000Z,106.19,EUR,sports,294.23,true,554.73,1537.03,-982.3,2026-07-31T12:59:56.604Z
B0002888,P00206,2023-11-09T20:48:00.000Z,804.51,BRL,sports,0.00,true,804.51,0.0,804.51,2026-07-31T12:59:56.604Z
B0002889,P00206,2023-11-14T20:30:00.000Z,530.05,BRL,casino,967.67,true,530.05,967.67,-437.62,2026-07-31T12:59:56.604Z
B0002890,P00206,2023-11-08T12:45:00.000Z,35.37,USD,casino,0.00,true,177.19,0.0,177.19,2026-07-31T12:59:56.604Z
B0002891,P00206,2023-11-29T17:27:00.000Z,595.95,BRL,casino,1105.90,true,595.95,1105.9,-509.95,2026-07-31T12:59:56.604Z
B0002892,P00206,2023-11-16T09:44:00.000Z,981.07,BRL,casino,0.00,true,981.07,0.0,981.07,2026-07-31T12:59:56.604Z
B0002893,P00206,2023-11-20T08:59:00.000Z,34.54,USD,sports,42.40,true,170.61,209.43,-38.82,2026-07-31T12:59:56.604Z
B0002894,P00206,2023-11-27T18:44:00.000Z,208.67,BRL,casino,528.75,true,208.67,528.75,-320.08,2026-07-31T12:59:56.604Z
B0002895,P00206,2023-11-25T02:14:00.000Z,316.48,BRL,sports,677.71,true,316.48,677.71,-361.23,2026-07-31T12:59:56.604Z
B0002896,P00207,2024-01-19T01:43:00.000Z,516.82,BRL,sports,0.00,true,516.82,0.0,516.82,2026-07-31T12:59:56.604Z
B0002897,P00207,2023-11-22T01:43:00.000Z,467.80,BRL,casino,0.00,true,467.8,0.0,467.8,2026-07-31T12:59:56.604Z
B0002898,P00207,2024-02-03T03:54:00.000Z,952.28,BRL,casino,0.00,true,952.28,0.0,952.28,2026-07-31T12:59:56.604Z
B0002899,P00207,2024-01-25T04:40:00.000Z,94.41,BRL,sports,0.00,true,94.41,0.0,94.41,2026-07-31T12:59:56.604Z
B0002900,P00207,2024-01-28T20:57:00.000Z,775.00,BRL,sports,0.00,true,775.0,0.0,775.0,2026-07-31T12:59:56.604Z
B0002901,P00207,2024-01-02T16:55:00.000Z,676.13,BRL,casino,0.00,true,676.13,0.0,676.13,2026-07-31T12:59:56.604Z
B0002902,P00207,2024-03-13T00:08:00.000Z,557.02,BRL,casino,0.00,true,557.02,0.0,557.02,2026-07-31T12:59:56.604Z
B0002903,P00207,2024-01-31T09:52:00.000Z,639.03,BRL,sports,0.00,true,639.03,0.0,639.03,2026-07-31T12:59:56.604Z
B0002904,P00207,2024-02-04T23:53:00.000Z,134.25,BRL,casino,0.00,true,134.25,0.0,134.25,2026-07-31T12:59:56.604Z
B0002905,P00208,2023-12-22T22:31:00.000Z,281.21,BRL,sports,0.00,true,281.21,0.0,281.21,2026-07-31T12:59:56.604Z
B0002906,P00208,2023-09-09T03:45:00.000Z,123.66,BRL,sports,262.54,true,123.66,262.54,-138.88,2026-07-31T12:59:56.604Z
B0002907,P00208,2023-09-06T09:51:00.000Z,856.98,BRL,casino,2522.92,true,856.98,2522.92,-1665.94,2026-07-31T12:59:56.604Z
B0002908,P00208,2023-09-24T02:46:00.000Z,305.46,BRL,casino,0.00,true,305.46,0.0,305.46,2026-07-31T12:59:56.604Z
B0002909,P00208,2023-09-27T23:35:00.000Z,999.99,BRL,casino,0.00,true,999.99,0.0,999.99,2026-07-31T12:59:56.604Z
B0002910,P00208,2023-12-06T13:21:00.000Z,112.50,USD,sports,0.00,true,562.31,0.0,562.31,2026-07-31T12:59:56.604Z
B0002911,P00208,2023-09-24T17:53:00.000Z,99.33,BRL,sports,267.65,true,99.33,267.65,-168.32,2026-07-31T12:59:56.604Z
B0002912,P00208,2023-12-29T12:39:00.000Z,756.18,BRL,casino,1901.81,true,756.18,1901.81,-1145.63,2026-07-31T12:59:56.604Z
B0002913,P00208,2023-11-22T06:46:00.000Z,24.43,BRL,sports,0.00,true,24.43,0.0,24.43,2026-07-31T12:59:56.604Z
B0002914,P00209,2024-01-21T11:06:00.000Z,412.82,BRL,sports,1278.97,true,412.82,1278.97,-866.15,2026-07-31T12:59:56.604Z
B0002915,P00209,2023-10-24T19:47:00.000Z,993.06,BRL,sports,0.00,true,993.06,0.0,993.06,2026-07-31T12:59:56.604Z
B0002916,P00209,2024-02-12T11:32:00.000Z,489.98,BRL,casino,0.00,true,489.98,0.0,489.98,2026-07-31T12:59:56.604Z
B0002917,P00210,2024-03-12T18:45:00.000Z,41.40,BRL,sports,0.00,true,41.4,0.0,41.4,2026-07-31T12:59:56.604Z
B0002918,P00210,2024-03-10T12:43:00.000Z,890.67,BRL,casino,2102.51,true,890.67,2102.51,-1211.84,2026-07-31T12:59:56.604Z
B0002919,P00210,2024-02-18T22:11:00.000Z,543.12,BRL,casino,0.00,true,543.12,0.0,543.12,2026-07-31T12:59:56.604Z
B0002920,P00210,2024-01-12T04:21:00.000Z,159.89,USD,casino,0.00,true,783.83,0.0,783.83,2026-07-31T12:59:56.604Z
B0002921,P00210,2024-01-05T01:38:00.000Z,429.94,BRL,sports,1185.37,true,429.94,1185.37,-755.43,2026-07-31T12:59:56.604Z
B0002922,P00210,2024-02-21T06:54:00.000Z,48.23,EUR,sports,0.00,true,254.37,0.0,254.37,2026-07-31T12:59:56.604Z
B0002923,P00210,2023-12-04T00:27:00.000Z,765.89,BRL,sports,0.00,true,765.89,0.0,765.89,2026-07-31T12:59:56.604Z
B0002924,P00210,2024-01-25T16:42:00.000Z,976.81,BRL,casino,1453.02,true,976.81,1453.02,-476.21,2026-07-31T12:59:56.604Z
B0002925,P00210,2024-01-12T03:00:00.000Z,926.77,BRL,sports,0.00,true,926.77,0.0,926.77,2026-07-31T12:59:56.604Z
B0002926,P00210,2024-02-11T00:24:00.000Z,820.92,BRL,sports,0.00,true,820.92,0.0,820.92,2026-07-31T12:59:56.604Z
B0002927,P00210,2024-01-09T04:25:00.000Z,60.65,EUR,casino,0.00,true,320.09,0.0,320.09,2026-07-31T12:59:56.604Z
B0002928,P00210,2024-01-18T12:01:00.000Z,141.91,USD,sports,418.37,true,692.85,2042.62,-1349.77,2026-07-31T12:59:56.604Z
B0002929,P00210,2024-01-15T07:59:00.000Z,880.34,BRL,sports,2927.61,true,880.34,2927.61,-2047.27,2026-07-31T12:59:56.604Z
B0002930,P00210,2023-12-04T01:34:00.000Z,46.88,USD,casino,0.00,true,235.64,0.0,235.64,2026-07-31T12:59:56.604Z
B0002931,P00210,2024-01-26T09:57:00.000Z,946.74,BRL,sports,0.00,true,946.74,0.0,946.74,2026-07-31T12:59:56.604Z
B0002932,P00210,2024-02-20T02:02:00.000Z,190.31,BRL,sports,0.00,true,190.31,0.0,190.31,2026-07-31T12:59:56.604Z
B0002933,P00210,2023-12-13T16:03:00.000Z,825.43,BRL,sports,0.00,true,825.43,0.0,825.43,2026-07-31T12:59:56.604Z
B0002934,P00210,2024-03-03T03:57:00.000Z,315.63,BRL,sports,0.00,true,315.63,0.0,315.63,2026-07-31T12:59:56.604Z
B0002935,P00210,2023-12-07T17:43:00.000Z,16.08,BRL,sports,27.92,true,16.08,27.92,-11.84,2026-07-31T12:59:56.604Z
B0002936,P00210,2024-03-25T11:23:00.000Z,887.80,BRL,casino,0.00,true,887.8,0.0,887.8,2026-07-31T12:59:56.604Z
B0002937,P00210,2023-11-06T21:17:00.000Z,85.71,EUR,casino,0.00,true,453.29,0.0,453.29,2026-07-31T12:59:56.604Z
B0002938,P00210,2023-12-11T14:23:00.000Z,594.48,BRL,sports,0.00,true,594.48,0.0,594.48,2026-07-31T12:59:56.604Z
B0002939,P00210,2024-02-15T23:40:00.000Z,573.51,BRL,casino,710.06,true,573.51,710.06,-136.55,2026-07-31T12:59:56.604Z
B0002940,P00210,2023-12-30T15:06:00.000Z,707.49,BRL,casino,2033.46,true,707.49,2033.46,-1325.97,2026-07-31T12:59:56.604Z
B0002941,P00210,2024-02-18T02:18:00.000Z,541.68,BRL,sports,1423.35,true,541.68,1423.35,-881.67,2026-07-31T12:59:56.604Z
B0002942,P00210,2024-01-06T02:38:00.000Z,149.74,BRL,casino,0.00,true,149.74,0.0,149.74,2026-07-31T12:59:56.604Z
B0002943,P00210,2024-02-26T11:35:00.000Z,618.66,BRL,sports,2110.60,true,618.66,2110.6,-1491.94,2026-07-31T12:59:56.604Z
B0002944,P00212,2024-02-10T21:43:00.000Z,910.63,BRL,sports,0.00,true,910.63,0.0,910.63,2026-07-31T12:59:56.604Z
B0002945,P00212,2024-02-11T12:23:00.000Z,694.92,BRL,casino,1097.60,true,694.92,1097.6,-402.68,2026-07-31T12:59:56.604Z
B0002946,P00212,2024-02-06T16:08:00.000Z,780.48,BRL,casino,0.00,true,780.48,0.0,780.48,2026-07-31T12:59:56.604Z
B0002947,P00213,2023-11-14T10:40:00.000Z,877.57,BRL,sports,0.00,true,877.57,0.0,877.57,2026-07-31T12:59:56.604Z
B0002948,P00213,2023-11-16T01:19:00.000Z,227.04,BRL,casino,490.49,true,227.04,490.49,-263.45,2026-07-31T12:59:56.604Z
B0002949,P00213,2023-10-07T21:00:00.000Z,63.36,EUR,sports,0.00,true,336.6,0.0,336.6,2026-07-31T12:59:56.604Z
B0002950,P00213,2023-12-18T07:09:00.000Z,313.87,BRL,sports,0.00,true,313.87,0.0,313.87,2026-07-31T12:59:56.604Z
B0002951,P00213,2023-10-27T04:36:00.000Z,760.58,BRL,casino,2097.00,true,760.58,2097.0,-1336.42,2026-07-31T12:59:56.604Z
B0002952,P00213,2023-10-02T00:35:00.000Z,260.89,BRL,casino,670.98,true,260.89,670.98,-410.09,2026-07-31T12:59:56.604Z
B0002953,P00213,2023-10-26T14:12:00.000Z,289.57,BRL,sports,866.10,true,289.57,866.1,-576.53,2026-07-31T12:59:56.604Z
B0002954,P00213,2023-12-03T01:42:00.000Z,44.22,USD,sports,128.16,true,222.95,646.17,-423.22,2026-07-31T12:59:56.604Z
B0002955,P00213,2024-02-09T03:47:00.000Z,470.40,BRL,sports,1290.97,true,470.4,1290.97,-820.57,2026-07-31T12:59:56.604Z
B0002956,P00214,2024-03-11T19:10:00.000Z,81.25,EUR,sports,0.00,true,428.89,0.0,428.89,2026-07-31T12:59:56.604Z
B0002957,P00214,2024-03-09T13:04:00.000Z,79.65,EUR,casino,0.00,true,419.0,0.0,419.0,2026-07-31T12:59:56.604Z
B0002958,P00214,2024-03-15T00:00:00.000Z,139.67,EUR,casino,0.00,true,743.06,0.0,743.06,2026-07-31T12:59:56.604Z
B0002959,P00214,2024-03-13T00:28:00.000Z,69.96,EUR,sports,0.00,true,371.8,0.0,371.8,2026-07-31T12:59:56.604Z
B0002960,P00214,2024-03-07T17:35:00.000Z,53.93,EUR,sports,0.00,true,284.24,0.0,284.24,2026-07-31T12:59:56.604Z
B0002961,P00214,2024-03-15T01:27:00.000Z,63.19,EUR,sports,212.36,true,336.18,1129.78,-793.6,2026-07-31T12:59:56.604Z
B0002962,P00214,2024-03-14T21:18:00.000Z,105.31,EUR,casino,0.00,true,562.02,0.0,562.02,2026-07-31T12:59:56.604Z
B0002963,P00214,2024-03-15T18:45:00.000Z,19.69,EUR,casino,57.65,true,104.75,306.7,-201.95,2026-07-31T12:59:56.604Z
B0002964,P00214,2024-03-11T18:44:00.000Z,100.99,EUR,sports,333.53,true,533.09,1760.57,-1227.48,2026-07-31T12:59:56.604Z
B0002965,P00214,2024-03-13T21:45:00.000Z,96.54,EUR,casino,287.04,true,513.06,1525.47,-1012.41,2026-07-31T12:59:56.604Z
B0002966,P00214,2024-03-07T07:22:00.000Z,100.63,EUR,sports,0.00,true,530.37,0.0,530.37,2026-07-31T12:59:56.604Z
B0002967,P00214,2024-03-13T16:28:00.000Z,95.36,EUR,sports,0.00,true,506.79,0.0,506.79,2026-07-31T12:59:56.604Z
B0002968,P00214,2024-03-14T23:17:00.000Z,132.14,EUR,sports,0.00,true,705.2,0.0,705.2,2026-07-31T12:59:56.604Z
B0002969,P00214,2024-03-09T02:02:00.000Z,106.48,EUR,casino,205.88,true,560.14,1083.03,-522.89,2026-07-31T12:59:56.604Z
B0002970,P00214,2024-03-07T12:37:00.000Z,11.05,EUR,casino,26.26,true,58.24,138.4,-80.16,2026-07-31T12:59:56.604Z
B0002971,P00214,2024-03-09T03:14:00.000Z,106.84,EUR,casino,0.00,true,562.03,0.0,562.03,2026-07-31T12:59:56.604Z
B0002972,P00214,2024-03-08T02:07:00.000Z,92.94,EUR,sports,0.00,true,488.91,0.0,488.91,2026-07-31T12:59:56.604Z
B0002973,P00214,2024-03-06T10:04:00.000Z,68.66,EUR,sports,0.00,true,363.83,0.0,363.83,2026-07-31T12:59:56.604Z
B0002974,P00214,2024-03-13T08:18:00.000Z,37.47,EUR,casino,0.00,true,199.13,0.0,199.13,2026-07-31T12:59:56.604Z
B0002975,P00214,2024-03-11T03:17:00.000Z,117.89,USD,casino,270.79,true,566.91,1302.17,-735.26,2026-07-31T12:59:56.604Z
B0002976,P00214,2024-03-11T20:27:00.000Z,102.41,EUR,sports,0.00,true,540.58,0.0,540.58,2026-07-31T12:59:56.604Z
B0002977,P00214,2024-03-07T16:52:00.000Z,142.37,EUR,casino,417.93,true,750.36,2202.7,-1452.34,2026-07-31T12:59:56.604Z
B0002978,P00214,2024-03-10T21:04:00.000Z,96.92,EUR,sports,228.37,true,509.85,1201.34,-691.49,2026-07-31T12:59:56.604Z
B0002979,P00214,2024-03-05T02:23:00.000Z,53.67,EUR,sports,138.74,true,283.4,732.6,-449.2,2026-07-31T12:59:56.604Z
B0002980,P00215,2024-03-01T17:49:00.000Z,104.92,BRL,sports,201.63,true,104.92,201.63,-96.71,2026-07-31T12:59:56.604Z
B0002981,P00215,2023-10-26T18:00:00.000Z,786.48,BRL,sports,0.00,true,786.48,0.0,786.48,2026-07-31T12:59:56.604Z
B0002982,P00215,2023-09-21T01:34:00.000Z,162.32,USD,sports,0.00,true,825.52,0.0,825.52,2026-07-31T12:59:56.604Z
B0002983,P00215,2023-12-18T18:38:00.000Z,387.84,BRL,casino,0.00,true,387.84,0.0,387.84,2026-07-31T12:59:56.604Z
B0002984,P00215,2024-02-16T18:23:00.000Z,580.51,BRL,sports,1232.25,true,580.51,1232.25,-651.74,2026-07-31T12:59:56.604Z
B0002985,P00215,2023-12-14T16:37:00.000Z,577.71,BRL,sports,0.00,true,577.71,0.0,577.71,2026-07-31T12:59:56.604Z
B0002986,P00215,2024-02-08T18:31:00.000Z,440.83,BRL,sports,0.00,true,440.83,0.0,440.83,2026-07-31T12:59:56.604Z
B0002987,P00215,2024-01-15T02:54:00.000Z,643.80,BRL,sports,0.00,true,643.8,0.0,643.8,2026-07-31T12:59:56.604Z
B0002988,P00215,2023-10-25T21:50:00.000Z,947.99,BRL,casino,0.00,true,947.99,0.0,947.99,2026-07-31T12:59:56.604Z
B0002989,P00215,2023-09-18T02:37:00.000Z,912.22,BRL,sports,1981.25,true,912.22,1981.25,-1069.03,2026-07-31T12:59:56.604Z
B0002990,P00215,2023-11-06T02:08:00.000Z,78.85,BRL,sports,199.17,true,78.85,199.17,-120.32,2026-07-31T12:59:56.604Z
B0002991,P00215,2024-02-05T00:03:00.000Z,860.31,BRL,sports,0.00,true,860.31,0.0,860.31,2026-07-31T12:59:56.604Z
B0002992,P00215,2024-01-14T10:33:00.000Z,77.68,BRL,casino,0.00,true,77.68,0.0,77.68,2026-07-31T12:59:56.604Z
B0002993,P00215,2023-12-21T07:06:00.000Z,451.72,BRL,sports,0.00,true,451.72,0.0,451.72,2026-07-31T12:59:56.604Z
B0002994,P00215,2024-03-08T23:08:00.000Z,947.52,BRL,sports,2040.37,true,947.52,2040.37,-1092.85,2026-07-31T12:59:56.604Z
B0002995,P00215,2024-02-27T06:04:00.000Z,64.25,BRL,casino,224.38,true,64.25,224.38,-160.13,2026-07-31T12:59:56.604Z
B0002996,P00215,2023-12-04T00:41:00.000Z,97.84,BRL,sports,242.16,true,97.84,242.16,-144.32,2026-07-31T12:59:56.604Z
B0002997,P00215,2024-01-30T14:14:00.000Z,668.89,BRL,sports,1830.62,true,668.89,1830.62,-1161.73,2026-07-31T12:59:56.604Z
B0002998,P00215,2023-11-03T10:31:00.000Z,72.08,USD,sports,0.00,true,360.47,0.0,360.47,2026-07-31T12:59:56.604Z
B0002999,P00215,2023-09-29T14:38:00.000Z,154.89,BRL,casino,287.22,true,154.89,287.22,-132.33,2026-07-31T12:59:56.604Z
B0003000,P00215,2024-02-03T19:06:00.000Z,507.37,BRL,sports,0.00,true,507.37,0.0,507.37,2026-07-31T12:59:56.604Z
B0003001,P00215,2024-02-10T07:35:00.000Z,635.10,BRL,sports,0.00,true,635.1,0.0,635.1,2026-07-31T12:59:56.604Z
B0003002,P00215,2023-11-26T00:13:00.000Z,347.06,BRL,casino,529.01,true,347.06,529.01,-181.95,2026-07-31T12:59:56.604Z
B0003003,P00215,2023-09-15T15:35:00.000Z,407.92,BRL,sports,586.35,true,407.92,586.35,-178.43,2026-07-31T12:59:56.604Z
B0003004,P00215,2023-11-17T11:04:00.000Z,797.27,BRL,casino,1034.66,true,797.27,1034.66,-237.39,2026-07-31T12:59:56.604Z
B0003005,P00215,2023-10-10T03:27:00.000Z,805.42,BRL,casino,0.00,true,805.42,0.0,805.42,2026-07-31T12:59:56.604Z
B0003006,P00215,2023-11-20T12:51:00.000Z,875.91,BRL,casino,1864.87,true,875.91,1864.87,-988.96,2026-07-31T12:59:56.604Z
B0003007,P00216,2023-10-11T03:25:00.000Z,136.04,BRL,casino,0.00,true,136.04,0.0,136.04,2026-07-31T12:59:56.604Z
B0003008,P00216,2023-12-17T19:36:00.000Z,620.15,BRL,sports,0.00,true,620.15,0.0,620.15,2026-07-31T12:59:56.604Z
B0003009,P00216,2023-12-08T14:42:00.000Z,610.35,BRL,sports,1160.65,true,610.35,1160.65,-550.3,2026-07-31T12:59:56.604Z
B0003010,P00216,2023-11-13T14:58:00.000Z,457.03,BRL,casino,0.00,true,457.03,0.0,457.03,2026-07-31T12:59:56.604Z
B0003011,P00216,2023-10-29T11:29:00.000Z,194.58,BRL,casino,0.00,true,194.58,0.0,194.58,2026-07-31T12:59:56.604Z
B0003012,P00216,2023-11-25T02:06:00.000Z,878.75,BRL,casino,0.00,true,878.75,0.0,878.75,2026-07-31T12:59:56.604Z
B0003013,P00216,2023-11-12T01:18:00.000Z,526.81,BRL,casino,0.00,true,526.81,0.0,526.81,2026-07-31T12:59:56.604Z
B0003014,P00216,2023-12-12T15:08:00.000Z,907.10,BRL,casino,2720.69,true,907.1,2720.69,-1813.59,2026-07-31T12:59:56.604Z
B0003015,P00216,2023-11-25T11:27:00.000Z,78.00,USD,sports,0.00,true,386.74,0.0,386.74,2026-07-31T12:59:56.604Z
B0003016,P00216,2023-10-31T20:38:00.000Z,524.48,BRL,casino,1764.78,true,524.48,1764.78,-1240.3,2026-07-31T12:59:56.604Z
B0003017,P00216,2023-12-07T10:31:00.000Z,129.31,BRL,casino,201.99,true,129.31,201.99,-72.68,2026-07-31T12:59:56.604Z
B0003018,P00216,2023-10-12T10:08:00.000Z,897.36,BRL,sports,0.00,true,897.36,0.0,897.36,2026-07-31T12:59:56.604Z
B0003019,P00216,2023-10-18T02:09:00.000Z,151.78,BRL,casino,244.73,true,151.78,244.73,-92.95,2026-07-31T12:59:56.604Z
B0003020,P00216,2023-11-25T19:19:00.000Z,5.68,BRL,casino,17.75,true,5.68,17.75,-12.07,2026-07-31T12:59:56.604Z
B0003021,P00216,2023-10-15T00:49:00.000Z,112.46,BRL,sports,0.00,true,112.46,0.0,112.46,2026-07-31T12:59:56.604Z
B0003022,P00216,2023-10-08T05:49:00.000Z,908.65,BRL,sports,0.00,true,908.65,0.0,908.65,2026-07-31T12:59:56.604Z
B0003023,P00216,2023-10-31T05:53:00.000Z,517.46,BRL,sports,1113.33,true,517.46,1113.33,-595.87,2026-07-31T12:59:56.604Z
B0003024,P00216,2023-11-12T01:38:00.000Z,245.99,BRL,sports,701.32,true,245.99,701.32,-455.33,2026-07-31T12:59:56.604Z
B0003025,P00216,2023-10-25T20:14:00.000Z,580.76,BRL,sports,0.00,true,580.76,0.0,580.76,2026-07-31T12:59:56.604Z
B0003026,P00216,2023-11-11T18:34:00.000Z,642.47,BRL,casino,2044.90,true,642.47,2044.9,-1402.43,2026-07-31T12:59:56.604Z
B0003027,P00216,2023-12-11T02:53:00.000Z,696.19,BRL,casino,0.00,true,696.19,0.0,696.19,2026-07-31T12:59:56.604Z
B0003028,P00216,2023-12-07T04:48:00.000Z,546.27,BRL,sports,0.00,true,546.27,0.0,546.27,2026-07-31T12:59:56.604Z
B0003029,P00216,2023-10-19T03:13:00.000Z,429.95,BRL,casino,0.00,true,429.95,0.0,429.95,2026-07-31T12:59:56.604Z
B0003030,P00216,2023-12-18T10:41:00.000Z,901.70,BRL,sports,0.00,true,901.7,0.0,901.7,2026-07-31T12:59:56.604Z
B0003031,P00216,2023-10-12T23:22:00.000Z,569.03,BRL,casino,1089.51,true,569.03,1089.51,-520.48,2026-07-31T12:59:56.604Z
B0003032,P00216,2023-12-12T05:32:00.000Z,756.05,BRL,casino,1284.68,true,756.05,1284.68,-528.63,2026-07-31T12:59:56.604Z
B0003033,P00216,2023-12-03T20:26:00.000Z,777.42,BRL,sports,0.00,true,777.42,0.0,777.42,2026-07-31T12:59:56.604Z
B0003034,P00216,2023-11-14T23:52:00.000Z,950.60,BRL,sports,2778.29,true,950.6,2778.29,-1827.69,2026-07-31T12:59:56.604Z
B0003035,P00216,2023-11-16T05:04:00.000Z,749.11,BRL,casino,1453.60,true,749.11,1453.6,-704.49,2026-07-31T12:59:56.604Z
B0003036,P00216,2023-12-13T05:15:00.000Z,758.44,BRL,casino,0.00,true,758.44,0.0,758.44,2026-07-31T12:59:56.604Z
B0003037,P00216,2023-11-19T10:30:00.000Z,556.25,BRL,sports,0.00,true,556.25,0.0,556.25,2026-07-31T12:59:56.604Z
B0003038,P00216,2023-10-07T07:24:00.000Z,444.17,BRL,sports,0.00,true,444.17,0.0,444.17,2026-07-31T12:59:56.604Z
B0003039,P00216,2023-12-14T19:28:00.000Z,169.76,EUR,sports,479.67,true,903.96,2554.19,-1650.23,2026-07-31T12:59:56.604Z
B0003040,P00216,2023-10-23T02:58:00.000Z,63.37,USD,casino,198.77,true,320.11,1004.06,-683.95,2026-07-31T12:59:56.604Z
B0003041,P00216,2023-12-17T01:08:00.000Z,193.63,BRL,sports,566.40,true,193.63,566.4,-372.77,2026-07-31T12:59:56.604Z
B0003042,P00216,2023-10-11T01:50:00.000Z,299.06,BRL,casino,0.00,true,299.06,0.0,299.06,2026-07-31T12:59:56.604Z
B0003043,P00216,2023-11-04T04:09:00.000Z,20.15,BRL,casino,37.03,true,20.15,37.03,-16.88,2026-07-31T12:59:56.604Z
B0003044,P00216,2023-11-15T00:50:00.000Z,464.05,BRL,casino,775.38,true,464.05,775.38,-311.33,2026-07-31T12:59:56.604Z
B0003045,P00216,2023-10-19T03:17:00.000Z,685.11,BRL,casino,1179.96,true,685.11,1179.96,-494.85,2026-07-31T12:59:56.604Z
B0003046,P00216,2023-10-28T01:48:00.000Z,842.79,BRL,sports,0.00,true,842.79,0.0,842.79,2026-07-31T12:59:56.604Z
B0003047,P00216,2023-11-02T10:47:00.000Z,306.03,BRL,casino,789.39,true,306.03,789.39,-483.36,2026-07-31T12:59:56.604Z
B0003048,P00216,2023-12-16T10:05:00.000Z,628.76,BRL,casino,0.00,true,628.76,0.0,628.76,2026-07-31T12:59:56.604Z
B0003049,P00216,2023-12-11T18:08:00.000Z,948.29,BRL,sports,0.00,true,948.29,0.0,948.29,2026-07-31T12:59:56.604Z
B0003050,P00216,2023-11-22T02:27:00.000Z,157.68,BRL,sports,0.00,true,157.68,0.0,157.68,2026-07-31T12:59:56.604Z
B0003051,P00216,2023-12-11T02:10:00.000Z,117.09,USD,sports,388.22,true,587.14,1946.71,-1359.57,2026-07-31T12:59:56.604Z
B0003052,P00216,2023-10-30T20:00:00.000Z,604.07,BRL,casino,781.79,true,604.07,781.79,-177.72,2026-07-31T12:59:56.604Z
B0003053,P00216,2023-12-03T16:57:00.000Z,122.07,BRL,sports,410.90,true,122.07,410.9,-288.83,2026-07-31T12:59:56.604Z
B0003054,P00216,2023-11-26T20:16:00.000Z,313.11,BRL,sports,0.00,true,313.11,0.0,313.11,2026-07-31T12:59:56.604Z
B0003055,P00216,2023-12-04T23:22:00.000Z,77.61,USD,casino,0.00,true,390.11,0.0,390.11,2026-07-31T12:59:56.604Z
B0003056,P00216,2023-10-08T02:35:00.000Z,76.15,USD,sports,0.00,true,384.73,0.0,384.73,2026-07-31T12:59:56.604Z
B0003057,P00216,2023-10-22T11:07:00.000Z,185.08,BRL,sports,0.00,true,185.08,0.0,185.08,2026-07-31T12:59:56.604Z
B0003058,P00216,2023-12-10T03:28:00.000Z,958.59,BRL,sports,2375.26,true,958.59,2375.26,-1416.67,2026-07-31T12:59:56.604Z
B0003059,P00216,2023-11-30T02:00:00.000Z,791.49,BRL,casino,0.00,true,791.49,0.0,791.49,2026-07-31T12:59:56.604Z
B0003060,P00216,2023-11-22T17:57:00.000Z,998.31,BRL,casino,1579.36,true,998.31,1579.36,-581.05,2026-07-31T12:59:56.604Z
B0003061,P00216,2023-11-27T11:14:00.000Z,400.11,BRL,sports,0.00,true,400.11,0.0,400.11,2026-07-31T12:59:56.604Z
B0003062,P00216,2023-10-30T10:46:00.000Z,655.16,BRL,casino,2290.77,true,655.16,2290.77,-1635.61,2026-07-31T12:59:56.604Z
B0003063,P00216,2023-12-17T18:22:00.000Z,115.46,EUR,sports,0.00,true,614.13,0.0,614.13,2026-07-31T12:59:56.604Z
B0003064,P00216,2023-10-26T03:35:00.000Z,185.41,BRL,sports,388.29,true,185.41,388.29,-202.88,2026-07-31T12:59:56.604Z
B0003065,P00216,2023-12-06T16:14:00.000Z,23.88,BRL,casino,0.00,true,23.88,0.0,23.88,2026-07-31T12:59:56.604Z
B0003066,P00216,2023-11-08T05:22:00.000Z,531.38,BRL,casino,1139.69,true,531.38,1139.69,-608.31,2026-07-31T12:59:56.604Z
B0003067,P00216,2023-12-16T03:04:00.000Z,711.20,BRL,sports,0.00,true,711.2,0.0,711.2,2026-07-31T12:59:56.604Z
B0003068,P00216,2023-12-09T07:58:00.000Z,201.35,BRL,casino,595.00,true,201.35,595.0,-393.65,2026-07-31T12:59:56.604Z
B0003069,P00216,2023-11-19T10:31:00.000Z,181.38,BRL,casino,396.07,true,181.38,396.07,-214.69,2026-07-31T12:59:56.604Z
B0003070,P00216,2023-12-18T17:05:00.000Z,789.37,BRL,casino,1326.00,true,789.37,1326.0,-536.63,2026-07-31T12:59:56.604Z
B0003071,P00216,2023-11-08T23:01:00.000Z,77.61,BRL,casino,231.37,true,77.61,231.37,-153.76,2026-07-31T12:59:56.604Z
B0003072,P00216,2023-10-29T13:43:00.000Z,493.93,BRL,casino,820.47,true,493.93,820.47,-326.54,2026-07-31T12:59:56.604Z
B0003073,P00216,2023-11-27T01:19:00.000Z,37.99,BRL,sports,65.16,true,37.99,65.16,-27.17,2026-07-31T12:59:56.604Z
B0003074,P00216,2023-11-15T13:48:00.000Z,750.64,BRL,sports,1334.31,true,750.64,1334.31,-583.67,2026-07-31T12:59:56.604Z
B0003075,P00216,2023-11-09T11:25:00.000Z,605.69,BRL,sports,1930.46,true,605.69,1930.46,-1324.77,2026-07-31T12:59:56.604Z
B0003076,P00216,2023-11-25T13:19:00.000Z,907.89,BRL,sports,2050.58,true,907.89,2050.58,-1142.69,2026-07-31T12:59:56.604Z
B0003077,P00216,2023-11-19T21:24:00.000Z,483.80,BRL,casino,0.00,true,483.8,0.0,483.8,2026-07-31T12:59:56.604Z
B0003078,P00216,2023-12-19T00:43:00.000Z,667.98,BRL,casino,1080.44,true,667.98,1080.44,-412.46,2026-07-31T12:59:56.604Z
B0003079,P00216,2023-10-22T08:14:00.000Z,762.87,BRL,sports,0.00,true,762.87,0.0,762.87,2026-07-31T12:59:56.604Z
B0003080,P00216,2023-10-14T08:10:00.000Z,799.45,BRL,casino,0.00,true,799.45,0.0,799.45,2026-07-31T12:59:56.604Z
B0003081,P00216,2023-11-22T17:23:00.000Z,471.63,BRL,casino,0.00,true,471.63,0.0,471.63,2026-07-31T12:59:56.604Z
B0003082,P00216,2023-12-02T09:07:00.000Z,161.17,BRL,sports,0.00,true,161.17,0.0,161.17,2026-07-31T12:59:56.604Z
B0003083,P00216,2023-11-18T09:31:00.000Z,620.48,BRL,sports,0.00,true,620.48,0.0,620.48,2026-07-31T12:59:56.604Z
B0003084,P00216,2023-10-30T08:21:00.000Z,850.80,BRL,casino,2912.07,true,850.8,2912.07,-2061.27,2026-07-31T12:59:56.604Z
B0003085,P00217,2024-03-03T08:04:00.000Z,868.15,BRL,sports,0.00,true,868.15,0.0,868.15,2026-07-31T12:59:56.604Z
B0003086,P00217,2024-03-01T07:30:00.000Z,606.93,BRL,casino,1212.38,true,606.93,1212.38,-605.45,2026-07-31T12:59:56.604Z
B0003087,P00217,2024-02-10T07:17:00.000Z,916.23,BRL,casino,0.00,true,916.23,0.0,916.23,2026-07-31T12:59:56.604Z
B0003088,P00217,2024-01-31T19:42:00.000Z,204.76,BRL,casino,0.00,true,204.76,0.0,204.76,2026-07-31T12:59:56.604Z
B0003089,P00217,2024-02-19T16:33:00.000Z,809.43,BRL,casino,0.00,true,809.43,0.0,809.43,2026-07-31T12:59:56.604Z
B0003090,P00217,2024-02-21T03:28:00.000Z,262.99,BRL,sports,0.00,true,262.99,0.0,262.99,2026-07-31T12:59:56.604Z
B0003091,P00217,2024-02-19T04:28:00.000Z,630.22,BRL,casino,0.00,true,630.22,0.0,630.22,2026-07-31T12:59:56.604Z
B0003092,P00217,2024-02-17T06:28:00.000Z,718.32,BRL,casino,900.84,true,718.32,900.84,-182.52,2026-07-31T12:59:56.604Z
B0003093,P00217,2024-02-07T15:47:00.000Z,10.53,BRL,casino,0.00,true,10.53,0.0,10.53,2026-07-31T12:59:56.604Z
B0003094,P00217,2024-02-17T03:51:00.000Z,643.47,BRL,casino,2070.89,true,643.47,2070.89,-1427.42,2026-07-31T12:59:56.604Z
B0003095,P00217,2024-02-14T09:00:00.000Z,942.14,BRL,casino,0.00,true,942.14,0.0,942.14,2026-07-31T12:59:56.604Z
B0003096,P00217,2024-02-11T21:37:00.000Z,202.73,BRL,sports,0.00,true,202.73,0.0,202.73,2026-07-31T12:59:56.604Z
B0003097,P00217,2024-02-08T23:33:00.000Z,125.26,BRL,sports,259.72,true,125.26,259.72,-134.46,2026-07-31T12:59:56.604Z
B0003098,P00217,2024-02-14T23:56:00.000Z,34.03,BRL,casino,57.20,true,34.03,57.2,-23.17,2026-07-31T12:59:56.604Z
B0003099,P00217,2024-02-02T23:16:00.000Z,723.10,BRL,sports,1161.56,true,723.1,1161.56,-438.46,2026-07-31T12:59:56.604Z
B0003100,P00217,2024-02-17T20:28:00.000Z,154.03,EUR,casino,367.82,true,809.46,1932.97,-1123.51,2026-07-31T12:59:56.604Z
B0003101,P00217,2024-02-10T08:44:00.000Z,294.89,BRL,casino,544.55,true,294.89,544.55,-249.66,2026-07-31T12:59:56.604Z
B0003102,P00217,2024-02-24T22:57:00.000Z,251.40,BRL,casino,0.00,true,251.4,0.0,251.4,2026-07-31T12:59:56.604Z
B0003103,P00217,2024-02-09T01:38:00.000Z,572.52,BRL,sports,0.00,true,572.52,0.0,572.52,2026-07-31T12:59:56.604Z
B0003104,P00217,2024-01-31T00:05:00.000Z,759.12,BRL,sports,2335.17,true,759.12,2335.17,-1576.05,2026-07-31T12:59:56.604Z
B0003105,P00217,2024-02-08T11:43:00.000Z,439.03,BRL,casino,0.00,true,439.03,0.0,439.03,2026-07-31T12:59:56.604Z
B0003106,P00217,2024-02-04T09:40:00.000Z,976.87,BRL,casino,3152.02,true,976.87,3152.02,-2175.15,2026-07-31T12:59:56.604Z
B0003107,P00217,2024-02-09T00:05:00.000Z,995.87,BRL,casino,0.00,true,995.87,0.0,995.87,2026-07-31T12:59:56.604Z
B0003108,P00217,2024-02-13T06:45:00.000Z,324.82,BRL,casino,0.00,true,324.82,0.0,324.82,2026-07-31T12:59:56.604Z
B0003109,P00217,2024-03-01T06:48:00.000Z,855.74,BRL,sports,2618.30,true,855.74,2618.3,-1762.56,2026-07-31T12:59:56.604Z
B0003110,P00217,2024-02-23T05:48:00.000Z,6.77,USD,casino,16.34,true,33.08,79.83,-46.75,2026-07-31T12:59:56.604Z
B0003111,P00217,2024-01-31T11:07:00.000Z,638.33,BRL,sports,0.00,true,638.33,0.0,638.33,2026-07-31T12:59:56.604Z
B0003112,P00217,2024-02-08T20:36:00.000Z,720.19,BRL,sports,0.00,true,720.19,0.0,720.19,2026-07-31T12:59:56.604Z
B0003113,P00217,2024-02-05T10:19:00.000Z,464.41,BRL,sports,1245.83,true,464.41,1245.83,-781.42,2026-07-31T12:59:56.604Z
B0003114,P00217,2024-02-10T00:58:00.000Z,252.22,BRL,sports,593.04,true,252.22,593.04,-340.82,2026-07-31T12:59:56.604Z
B0003115,P00217,2024-02-28T17:54:00.000Z,759.70,BRL,casino,0.00,true,759.7,0.0,759.7,2026-07-31T12:59:56.604Z
B0003116,P00217,2024-02-04T23:33:00.000Z,819.58,BRL,sports,1918.39,true,819.58,1918.39,-1098.81,2026-07-31T12:59:56.604Z
B0003117,P00217,2024-03-02T04:12:00.000Z,304.88,BRL,sports,0.00,true,304.88,0.0,304.88,2026-07-31T12:59:56.604Z
B0003118,P00217,2024-02-11T22:21:00.000Z,842.22,BRL,casino,1423.40,true,842.22,1423.4,-581.18,2026-07-31T12:59:56.604Z
B0003119,P00217,2024-01-28T09:32:00.000Z,878.25,BRL,sports,0.00,true,878.25,0.0,878.25,2026-07-31T12:59:56.604Z
B0003120,P00217,2024-01-28T19:15:00.000Z,867.54,BRL,casino,0.00,true,867.54,0.0,867.54,2026-07-31T12:59:56.604Z
B0003121,P00217,2024-02-13T05:39:00.000Z,948.48,BRL,casino,2761.66,true,948.48,2761.66,-1813.18,2026-07-31T12:59:56.604Z
B0003122,P00217,2024-02-13T14:57:00.000Z,889.31,BRL,casino,0.00,true,889.31,0.0,889.31,2026-07-31T12:59:56.604Z
B0003123,P00217,2024-02-10T06:00:00.000Z,971.86,BRL,casino,2566.26,true,971.86,2566.26,-1594.4,2026-07-31T12:59:56.604Z
B0003124,P00217,2024-02-06T02:53:00.000Z,626.87,BRL,sports,1823.82,true,626.87,1823.82,-1196.95,2026-07-31T12:59:56.604Z
B0003125,P00217,2024-02-05T07:14:00.000Z,600.13,BRL,sports,0.00,true,600.13,0.0,600.13,2026-07-31T12:59:56.604Z
B0003126,P00217,2024-02-07T06:00:00.000Z,361.43,BRL,sports,0.00,true,361.43,0.0,361.43,2026-07-31T12:59:56.604Z
B0003127,P00217,2024-01-29T18:53:00.000Z,644.45,BRL,sports,1296.89,true,644.45,1296.89,-652.44,2026-07-31T12:59:56.604Z
B0003128,P00217,2024-02-08T20:40:00.000Z,212.44,BRL,casino,312.33,true,212.44,312.33,-99.89,2026-07-31T12:59:56.604Z
B0003129,P00217,2024-02-10T14:34:00.000Z,1.87,USD,sports,3.11,true,9.18,15.27,-6.09,2026-07-31T12:59:56.604Z
B0003130,P00217,2024-01-30T18:03:00.000Z,694.40,BRL,casino,1659.28,true,694.4,1659.28,-964.88,2026-07-31T12:59:56.604Z
B0003131,P00217,2024-03-01T23:58:00.000Z,782.85,BRL,casino,1367.08,true,782.85,1367.08,-584.23,2026-07-31T12:59:56.604Z
B0003132,P00217,2024-02-16T08:52:00.000Z,710.27,BRL,casino,1695.61,true,710.27,1695.61,-985.34,2026-07-31T12:59:56.604Z
B0003133,P00217,2024-02-25T17:17:00.000Z,588.98,BRL,casino,0.00,true,588.98,0.0,588.98,2026-07-31T12:59:56.604Z
B0003134,P00217,2024-02-17T02:09:00.000Z,830.72,BRL,sports,1158.59,true,830.72,1158.59,-327.87,2026-07-31T12:59:56.604Z
B0003135,P00217,2024-02-29T06:06:00.000Z,439.41,BRL,casino,660.20,true,439.41,660.2,-220.79,2026-07-31T12:59:56.604Z
B0003136,P00217,2024-02-08T08:33:00.000Z,368.30,BRL,sports,0.00,true,368.3,0.0,368.3,2026-07-31T12:59:56.604Z
B0003137,P00217,2024-02-18T01:27:00.000Z,593.79,BRL,casino,1992.03,true,593.79,1992.03,-1398.24,2026-07-31T12:59:56.604Z
B0003138,P00217,2024-02-16T05:52:00.000Z,504.30,BRL,casino,1388.33,true,504.3,1388.33,-884.03,2026-07-31T12:59:56.604Z
B0003139,P00217,2024-02-29T05:01:00.000Z,587.28,BRL,sports,1667.81,true,587.28,1667.81,-1080.53,2026-07-31T12:59:56.604Z
B0003140,P00217,2024-02-13T00:59:00.000Z,713.29,BRL,casino,2361.09,true,713.29,2361.09,-1647.8,2026-07-31T12:59:56.604Z
B0003141,P00217,2024-02-20T17:13:00.000Z,355.54,BRL,casino,0.00,true,355.54,0.0,355.54,2026-07-31T12:59:56.604Z
B0003142,P00217,2024-02-18T01:09:00.000Z,82.41,BRL,casino,242.31,true,82.41,242.31,-159.9,2026-07-31T12:59:56.604Z
B0003143,P00217,2024-02-25T09:31:00.000Z,303.52,BRL,casino,0.00,true,303.52,0.0,303.52,2026-07-31T12:59:56.604Z
B0003144,P00217,2024-02-14T01:13:00.000Z,874.51,BRL,casino,2818.18,true,874.51,2818.18,-1943.67,2026-07-31T12:59:56.604Z
B0003145,P00217,2024-02-06T03:38:00.000Z,737.98,BRL,casino,0.00,true,737.98,0.0,737.98,2026-07-31T12:59:56.604Z
B0003146,P00217,2024-01-30T21:38:00.000Z,712.14,BRL,casino,0.00,true,712.14,0.0,712.14,2026-07-31T12:59:56.604Z
B0003147,P00217,2024-03-03T09:16:00.000Z,571.34,BRL,sports,0.00,true,571.34,0.0,571.34,2026-07-31T12:59:56.604Z
B0003148,P00217,2024-02-24T18:42:00.000Z,201.49,BRL,casino,0.00,true,201.49,0.0,201.49,2026-07-31T12:59:56.604Z
B0003149,P00217,2024-02-04T22:49:00.000Z,367.19,BRL,casino,1202.09,true,367.19,1202.09,-834.9,2026-07-31T12:59:56.604Z
B0003150,P00217,2024-02-24T06:07:00.000Z,625.94,BRL,sports,0.00,true,625.94,0.0,625.94,2026-07-31T12:59:56.604Z
B0003151,P00217,2024-02-06T00:18:00.000Z,681.14,BRL,casino,1126.53,true,681.14,1126.53,-445.39,2026-07-31T12:59:56.604Z
B0003152,P00217,2024-02-04T14:03:00.000Z,205.95,BRL,sports,676.49,true,205.95,676.49,-470.54,2026-07-31T12:59:56.604Z
B0003153,P00217,2024-02-18T18:22:00.000Z,367.71,BRL,casino,0.00,true,367.71,0.0,367.71,2026-07-31T12:59:56.604Z
B0003154,P00217,2024-02-18T01:35:00.000Z,366.71,BRL,sports,598.06,true,366.71,598.06,-231.35,2026-07-31T12:59:56.604Z
B0003155,P00217,2024-02-10T15:55:00.000Z,970.24,BRL,casino,0.00,true,970.24,0.0,970.24,2026-07-31T12:59:56.604Z
B0003156,P00217,2024-02-23T06:00:00.000Z,562.69,BRL,casino,0.00,true,562.69,0.0,562.69,2026-07-31T12:59:56.604Z
B0003157,P00217,2024-02-02T09:23:00.000Z,152.07,USD,casino,252.76,true,739.7,1229.47,-489.77,2026-07-31T12:59:56.604Z
B0003158,P00217,2024-02-27T09:14:00.000Z,767.13,BRL,sports,2187.74,true,767.13,2187.74,-1420.61,2026-07-31T12:59:56.604Z
B0003159,P00217,2024-02-22T13:15:00.000Z,887.73,BRL,sports,0.00,true,887.73,0.0,887.73,2026-07-31T12:59:56.604Z
B0003160,P00217,2024-02-23T23:34:00.000Z,167.29,EUR,casino,0.00,true,876.83,0.0,876.83,2026-07-31T12:59:56.604Z
B0003161,P00217,2024-01-29T02:05:00.000Z,38.24,BRL,sports,112.95,true,38.24,112.95,-74.71,2026-07-31T12:59:56.604Z
B0003162,P00217,2024-02-03T00:39:00.000Z,208.59,BRL,sports,445.04,true,208.59,445.04,-236.45,2026-07-31T12:59:56.604Z
B0003163,P00218,2023-09-28T00:58:00.000Z,436.26,BRL,sports,0.00,true,436.26,0.0,436.26,2026-07-31T12:59:56.604Z
B0003164,P00218,2023-10-01T22:04:00.000Z,638.10,BRL,sports,0.00,true,638.1,0.0,638.1,2026-07-31T12:59:56.604Z
B0003165,P00218,2023-11-07T17:49:00.000Z,952.83,BRL,casino,1361.10,true,952.83,1361.1,-408.27,2026-07-31T12:59:56.604Z
B0003166,P00218,2023-10-26T01:00:00.000Z,748.99,BRL,sports,2351.56,true,748.99,2351.56,-1602.57,2026-07-31T12:59:56.604Z
B0003167,P00218,2023-10-09T07:18:00.000Z,97.24,BRL,casino,282.83,true,97.24,282.83,-185.59,2026-07-31T12:59:56.604Z
B0003168,P00218,2023-10-06T03:41:00.000Z,62.08,USD,sports,0.00,true,313.65,0.0,313.65,2026-07-31T12:59:56.604Z
B0003169,P00218,2023-09-22T12:41:00.000Z,601.27,BRL,casino,1052.90,true,601.27,1052.9,-451.63,2026-07-31T12:59:56.604Z
B0003170,P00218,2023-11-06T04:36:00.000Z,96.64,EUR,sports,305.95,true,511.09,1618.05,-1106.96,2026-07-31T12:59:56.604Z
B0003171,P00218,2023-10-10T03:52:00.000Z,448.63,BRL,sports,1500.31,true,448.63,1500.31,-1051.68,2026-07-31T12:59:56.604Z
B0003172,P00218,2023-11-12T18:25:00.000Z,338.28,BRL,casino,660.38,true,338.28,660.38,-322.1,2026-07-31T12:59:56.604Z
B0003173,P00218,2023-09-19T13:50:00.000Z,282.75,BRL,sports,0.00,true,282.75,0.0,282.75,2026-07-31T12:59:56.604Z
B0003174,P00218,2023-11-11T07:26:00.000Z,806.18,BRL,sports,2738.47,true,806.18,2738.47,-1932.29,2026-07-31T12:59:56.604Z
B0003175,P00218,2023-09-16T12:50:00.000Z,540.09,BRL,sports,0.00,true,540.09,0.0,540.09,2026-07-31T12:59:56.604Z
B0003176,P00218,2023-10-02T14:17:00.000Z,651.68,BRL,casino,0.00,true,651.68,0.0,651.68,2026-07-31T12:59:56.604Z
B0003177,P00218,2023-11-11T03:45:00.000Z,189.81,BRL,casino,431.96,true,189.81,431.96,-242.15,2026-07-31T12:59:56.604Z
B0003178,P00218,2023-09-07T10:19:00.000Z,677.11,BRL,casino,1614.07,true,677.11,1614.07,-936.96,2026-07-31T12:59:56.604Z
B0003179,P00218,2023-11-03T12:43:00.000Z,56.20,BRL,casino,110.06,true,56.2,110.06,-53.86,2026-07-31T12:59:56.604Z
B0003180,P00218,2023-10-28T18:23:00.000Z,653.47,BRL,casino,0.00,true,653.47,0.0,653.47,2026-07-31T12:59:56.604Z
B0003181,P00219,2024-03-05T16:58:00.000Z,58.84,BRL,casino,79.69,true,58.84,79.69,-20.85,2026-07-31T12:59:56.604Z
B0003182,P00219,2024-02-29T02:26:00.000Z,264.83,BRL,sports,684.27,true,264.83,684.27,-419.44,2026-07-31T12:59:56.604Z
B0003183,P00219,2024-02-09T06:56:00.000Z,370.81,BRL,casino,1265.54,true,370.81,1265.54,-894.73,2026-07-31T12:59:56.604Z
B0003184,P00219,2024-02-15T10:28:00.000Z,66.14,BRL,casino,228.55,true,66.14,228.55,-162.41,2026-07-31T12:59:56.604Z
B0003185,P00219,2024-02-28T01:36:00.000Z,866.13,BRL,sports,1536.50,true,866.13,1536.5,-670.37,2026-07-31T12:59:56.604Z
B0003186,P00219,2024-03-03T06:06:00.000Z,944.34,BRL,sports,1872.40,true,944.34,1872.4,-928.06,2026-07-31T12:59:56.604Z
B0003187,P00219,2024-02-13T13:12:00.000Z,852.96,BRL,sports,2089.64,true,852.96,2089.64,-1236.68,2026-07-31T12:59:56.604Z
B0003188,P00219,2024-02-10T21:26:00.000Z,503.20,BRL,sports,0.00,true,503.2,0.0,503.2,2026-07-31T12:59:56.604Z
B0003189,P00219,2024-02-10T00:17:00.000Z,673.26,BRL,sports,0.00,true,673.26,0.0,673.26,2026-07-31T12:59:56.604Z
B0003190,P00219,2024-02-12T17:32:00.000Z,100.31,BRL,sports,332.65,true,100.31,332.65,-232.34,2026-07-31T12:59:56.604Z
B0003191,P00219,2024-03-01T11:22:00.000Z,31.07,USD,casino,0.00,true,152.65,0.0,152.65,2026-07-31T12:59:56.604Z
B0003192,P00219,2024-02-17T05:08:00.000Z,767.79,BRL,casino,1978.42,true,767.79,1978.42,-1210.63,2026-07-31T12:59:56.604Z
B0003193,P00219,2024-01-31T01:07:00.000Z,354.59,BRL,casino,0.00,true,354.59,0.0,354.59,2026-07-31T12:59:56.604Z
B0003194,P00219,2024-02-12T00:55:00.000Z,980.21,BRL,sports,0.00,true,980.21,0.0,980.21,2026-07-31T12:59:56.604Z
B0003195,P00219,2024-02-29T01:02:00.000Z,897.37,BRL,casino,0.00,true,897.37,0.0,897.37,2026-07-31T12:59:56.604Z
B0003196,P00219,2024-02-03T01:35:00.000Z,897.64,BRL,casino,0.00,true,897.64,0.0,897.64,2026-07-31T12:59:56.604Z
B0003197,P00219,2024-02-17T01:28:00.000Z,936.18,BRL,sports,0.00,true,936.18,0.0,936.18,2026-07-31T12:59:56.604Z
B0003198,P00219,2024-02-08T18:11:00.000Z,87.27,BRL,casino,161.33,true,87.27,161.33,-74.06,2026-07-31T12:59:56.604Z
B0003199,P00219,2024-02-26T07:57:00.000Z,401.15,BRL,casino,685.90,true,401.15,685.9,-284.75,2026-07-31T12:59:56.604Z
B0003200,P00219,2024-02-21T03:20:00.000Z,27.06,BRL,casino,0.00,true,27.06,0.0,27.06,2026-07-31T12:59:56.604Z
B0003201,P00219,2024-02-20T15:25:00.000Z,188.10,USD,casino,0.00,true,922.14,0.0,922.14,2026-07-31T12:59:56.604Z
B0003202,P00219,2024-02-02T06:47:00.000Z,55.65,EUR,casino,180.60,true,291.81,946.99,-655.18,2026-07-31T12:59:56.604Z
B0003203,P00219,2024-03-05T01:04:00.000Z,429.13,BRL,sports,971.31,true,429.13,971.31,-542.18,2026-07-31T12:59:56.604Z
B0003204,P00219,2024-02-04T13:51:00.000Z,95.85,BRL,sports,306.71,true,95.85,306.71,-210.86,2026-07-31T12:59:56.604Z
B0003205,P00219,2024-02-14T03:44:00.000Z,796.76,BRL,sports,0.00,true,796.76,0.0,796.76,2026-07-31T12:59:56.604Z
B0003206,P00219,2024-01-31T16:44:00.000Z,373.72,BRL,casino,0.00,true,373.72,0.0,373.72,2026-07-31T12:59:56.604Z
B0003207,P00219,2024-02-04T00:28:00.000Z,421.51,BRL,casino,0.00,true,421.51,0.0,421.51,2026-07-31T12:59:56.604Z
B0003208,P00220,2024-01-30T02:43:00.000Z,707.73,BRL,casino,1090.03,true,707.73,1090.03,-382.3,2026-07-31T12:59:56.604Z
B0003209,P00220,2024-02-08T15:47:00.000Z,785.20,BRL,sports,0.00,true,785.2,0.0,785.2,2026-07-31T12:59:56.604Z
B0003210,P00220,2024-02-13T21:20:00.000Z,7.01,EUR,casino,20.90,true,36.71,109.45,-72.74,2026-07-31T12:59:56.604Z
B0003211,P00220,2024-02-12T02:25:00.000Z,780.16,BRL,casino,2025.00,true,780.16,2025.0,-1244.84,2026-07-31T12:59:56.604Z
B0003212,P00220,2024-02-18T05:45:00.000Z,980.62,BRL,casino,1713.80,true,980.62,1713.8,-733.18,2026-07-31T12:59:56.604Z
B0003213,P00220,2024-02-17T00:52:00.000Z,468.13,BRL,casino,0.00,true,468.13,0.0,468.13,2026-07-31T12:59:56.604Z
B0003214,P00220,2024-01-29T00:41:00.000Z,990.90,BRL,sports,3306.51,true,990.9,3306.51,-2315.61,2026-07-31T12:59:56.604Z
B0003215,P00220,2024-01-29T04:03:00.000Z,15.67,BRL,sports,0.00,true,15.67,0.0,15.67,2026-07-31T12:59:56.604Z
B0003216,P00220,2024-02-21T02:57:00.000Z,705.24,BRL,sports,0.00,true,705.24,0.0,705.24,2026-07-31T12:59:56.604Z
B0003217,P00220,2024-02-22T17:05:00.000Z,911.61,BRL,casino,0.00,true,911.61,0.0,911.61,2026-07-31T12:59:56.604Z
B0003218,P00220,2024-02-15T07:28:00.000Z,541.38,BRL,casino,784.68,true,541.38,784.68,-243.3,2026-07-31T12:59:56.604Z
B0003219,P00220,2024-01-27T03:44:00.000Z,98.92,BRL,sports,0.00,true,98.92,0.0,98.92,2026-07-31T12:59:56.604Z
B0003220,P00220,2024-01-26T06:52:00.000Z,73.84,BRL,sports,147.57,true,73.84,147.57,-73.73,2026-07-31T12:59:56.604Z
B0003221,P00220,2024-02-19T01:37:00.000Z,770.23,BRL,sports,2195.30,true,770.23,2195.3,-1425.07,2026-07-31T12:59:56.604Z
B0003222,P00220,2024-02-23T18:46:00.000Z,645.37,BRL,casino,1668.26,true,645.37,1668.26,-1022.89,2026-07-31T12:59:56.604Z
B0003223,P00220,2024-01-27T04:55:00.000Z,705.69,BRL,casino,0.00,true,705.69,0.0,705.69,2026-07-31T12:59:56.604Z
B0003224,P00220,2024-02-21T09:42:00.000Z,59.12,EUR,casino,185.29,true,311.8,977.22,-665.42,2026-07-31T12:59:56.604Z
B0003225,P00220,2024-02-22T07:55:00.000Z,385.29,BRL,sports,973.27,true,385.29,973.27,-587.98,2026-07-31T12:59:56.604Z
B0003226,P00221,2023-09-17T02:07:00.000Z,323.74,BRL,sports,1089.75,true,323.74,1089.75,-766.01,2026-07-31T12:59:56.604Z
B0003227,P00221,2023-09-09T14:50:00.000Z,978.30,BRL,sports,0.00,true,978.3,0.0,978.3,2026-07-31T12:59:56.604Z
B0003228,P00221,2023-08-21T16:01:00.000Z,514.97,BRL,sports,0.00,true,514.97,0.0,514.97,2026-07-31T12:59:56.604Z
B0003229,P00221,2023-09-10T12:52:00.000Z,589.70,BRL,sports,1085.15,true,589.7,1085.15,-495.45,2026-07-31T12:59:56.604Z
B0003230,P00221,2023-09-12T07:10:00.000Z,994.69,BRL,sports,0.00,true,994.69,0.0,994.69,2026-07-31T12:59:56.604Z
B0003231,P00221,2023-09-05T10:29:00.000Z,803.25,BRL,casino,0.00,true,803.25,0.0,803.25,2026-07-31T12:59:56.604Z
B0003232,P00221,2023-09-14T09:44:00.000Z,89.20,BRL,casino,0.00,true,89.2,0.0,89.2,2026-07-31T12:59:56.604Z
B0003233,P00221,2023-09-15T17:38:00.000Z,109.66,BRL,casino,294.90,true,109.66,294.9,-185.24,2026-07-31T12:59:56.604Z
B0003234,P00221,2023-09-02T22:23:00.000Z,964.32,BRL,casino,2567.21,true,964.32,2567.21,-1602.89,2026-07-31T12:59:56.604Z
B0003235,P00222,2023-11-16T18:54:00.000Z,818.35,BRL,sports,1648.51,true,818.35,1648.51,-830.16,2026-07-31T12:59:56.604Z
B0003236,P00222,2023-11-19T19:59:00.000Z,243.96,BRL,casino,0.00,true,243.96,0.0,243.96,2026-07-31T12:59:56.604Z
B0003237,P00222,2023-11-22T06:03:00.000Z,783.52,BRL,casino,0.00,true,783.52,0.0,783.52,2026-07-31T12:59:56.604Z
B0003238,P00222,2023-11-24T16:26:00.000Z,149.65,USD,casino,0.00,true,742.0,0.0,742.0,2026-07-31T12:59:56.604Z
B0003239,P00222,2023-11-19T16:16:00.000Z,125.04,BRL,casino,182.55,true,125.04,182.55,-57.51,2026-07-31T12:59:56.604Z
B0003240,P00222,2023-11-22T22:42:00.000Z,609.18,BRL,casino,2110.98,true,609.18,2110.98,-1501.8,2026-07-31T12:59:56.604Z
B0003241,P00222,2023-11-22T09:07:00.000Z,239.02,BRL,sports,604.96,true,239.02,604.96,-365.94,2026-07-31T12:59:56.604Z
B0003242,P00222,2023-11-24T00:24:00.000Z,843.14,BRL,casino,0.00,true,843.14,0.0,843.14,2026-07-31T12:59:56.604Z
B0003243,P00222,2023-11-26T12:36:00.000Z,127.47,BRL,casino,296.89,true,127.47,296.89,-169.42,2026-07-31T12:59:56.604Z
B0003244,P00222,2023-11-19T03:35:00.000Z,242.78,BRL,casino,641.51,true,242.78,641.51,-398.73,2026-07-31T12:59:56.604Z
B0003245,P00222,2023-11-19T16:30:00.000Z,69.44,EUR,casino,210.75,true,363.16,1102.18,-739.02,2026-07-31T12:59:56.604Z
B0003246,P00222,2023-11-20T00:38:00.000Z,843.89,BRL,casino,2351.04,true,843.89,2351.04,-1507.15,2026-07-31T12:59:56.604Z
B0003247,P00222,2023-11-28T07:54:00.000Z,506.66,BRL,sports,1258.86,true,506.66,1258.86,-752.2,2026-07-31T12:59:56.604Z
B0003248,P00222,2023-11-22T18:08:00.000Z,126.61,BRL,sports,435.43,true,126.61,435.43,-308.82,2026-07-31T12:59:56.604Z
B0003249,P00222,2023-11-15T00:15:00.000Z,462.79,BRL,casino,1519.35,true,462.79,1519.35,-1056.56,2026-07-31T12:59:56.604Z
B0003250,P00222,2023-11-27T05:30:00.000Z,759.25,BRL,casino,0.00,true,759.25,0.0,759.25,2026-07-31T12:59:56.604Z
B0003251,P00222,2023-11-28T02:58:00.000Z,564.73,BRL,sports,0.00,true,564.73,0.0,564.73,2026-07-31T12:59:56.604Z
B0003252,P00222,2023-11-22T21:04:00.000Z,642.54,BRL,sports,1137.01,true,642.54,1137.01,-494.47,2026-07-31T12:59:56.604Z
B0003253,P00222,2023-11-23T21:29:00.000Z,36.50,BRL,sports,0.00,true,36.5,0.0,36.5,2026-07-31T12:59:56.604Z
B0003254,P00222,2023-11-14T02:37:00.000Z,517.99,BRL,casino,0.00,true,517.99,0.0,517.99,2026-07-31T12:59:56.604Z
B0003255,P00222,2023-11-27T02:36:00.000Z,991.85,BRL,sports,2585.92,true,991.85,2585.92,-1594.07,2026-07-31T12:59:56.604Z
B0003256,P00222,2023-11-26T23:51:00.000Z,890.46,BRL,casino,0.00,true,890.46,0.0,890.46,2026-07-31T12:59:56.604Z
B0003257,P00222,2023-11-23T14:17:00.000Z,133.07,EUR,casino,442.10,true,699.36,2323.5,-1624.14,2026-07-31T12:59:56.604Z
B0003258,P00222,2023-11-16T17:37:00.000Z,12.74,EUR,casino,40.43,true,66.83,212.08,-145.25,2026-07-31T12:59:56.604Z
B0003259,P00222,2023-11-21T02:58:00.000Z,352.06,BRL,sports,0.00,true,352.06,0.0,352.06,2026-07-31T12:59:56.604Z
B0003260,P00222,2023-11-16T20:39:00.000Z,800.70,BRL,casino,0.00,true,800.7,0.0,800.7,2026-07-31T12:59:56.604Z
B0003261,P00222,2023-11-16T13:15:00.000Z,159.85,BRL,casino,0.00,true,159.85,0.0,159.85,2026-07-31T12:59:56.604Z
B0003262,P00222,2023-11-27T18:56:00.000Z,324.35,BRL,sports,0.00,true,324.35,0.0,324.35,2026-07-31T12:59:56.604Z
B0003263,P00222,2023-11-16T04:23:00.000Z,87.91,EUR,casino,0.00,true,461.13,0.0,461.13,2026-07-31T12:59:56.604Z
B0003264,P00222,2023-11-14T04:59:00.000Z,871.30,BRL,sports,0.00,true,871.3,0.0,871.3,2026-07-31T12:59:56.604Z
B0003265,P00222,2023-11-25T08:10:00.000Z,833.01,BRL,sports,1619.10,true,833.01,1619.1,-786.09,2026-07-31T12:59:56.604Z
B0003266,P00222,2023-11-18T07:45:00.000Z,831.38,BRL,sports,1476.96,true,831.38,1476.96,-645.58,2026-07-31T12:59:56.604Z
B0003267,P00222,2023-11-17T01:28:00.000Z,571.77,BRL,sports,1786.22,true,571.77,1786.22,-1214.45,2026-07-31T12:59:56.604Z
B0003268,P00222,2023-11-22T21:51:00.000Z,388.00,BRL,casino,0.00,true,388.0,0.0,388.0,2026-07-31T12:59:56.604Z
B0003269,P00222,2023-11-21T08:50:00.000Z,54.34,BRL,sports,0.00,true,54.34,0.0,54.34,2026-07-31T12:59:56.604Z
B0003270,P00222,2023-11-15T05:04:00.000Z,174.17,EUR,casino,365.71,true,909.85,1910.43,-1000.58,2026-07-31T12:59:56.604Z
B0003271,P00222,2023-11-15T01:21:00.000Z,5.45,BRL,casino,10.19,true,5.45,10.19,-4.74,2026-07-31T12:59:56.604Z
B0003272,P00222,2023-11-15T08:42:00.000Z,46.40,BRL,sports,0.00,true,46.4,0.0,46.4,2026-07-31T12:59:56.604Z
B0003273,P00222,2023-11-23T08:23:00.000Z,195.79,BRL,sports,0.00,true,195.79,0.0,195.79,2026-07-31T12:59:56.604Z
B0003274,P00222,2023-11-17T21:21:00.000Z,980.62,BRL,casino,0.00,true,980.62,0.0,980.62,2026-07-31T12:59:56.604Z
B0003275,P00222,2023-11-23T14:46:00.000Z,442.05,BRL,casino,0.00,true,442.05,0.0,442.05,2026-07-31T12:59:56.604Z
B0003276,P00222,2023-11-18T12:10:00.000Z,705.37,BRL,sports,2149.18,true,705.37,2149.18,-1443.81,2026-07-31T12:59:56.604Z
B0003277,P00222,2023-11-16T21:17:00.000Z,107.13,BRL,sports,269.11,true,107.13,269.11,-161.98,2026-07-31T12:59:56.604Z
B0003278,P00222,2023-11-22T06:45:00.000Z,752.32,BRL,casino,1790.84,true,752.32,1790.84,-1038.52,2026-07-31T12:59:56.604Z
B0003279,P00222,2023-11-19T00:07:00.000Z,288.09,BRL,sports,558.70,true,288.09,558.7,-270.61,2026-07-31T12:59:56.604Z
B0003280,P00222,2023-11-13T10:19:00.000Z,178.12,USD,casino,467.45,true,888.05,2330.57,-1442.52,2026-07-31T12:59:56.604Z
B0003281,P00222,2023-11-26T07:23:00.000Z,505.68,BRL,casino,0.00,true,505.68,0.0,505.68,2026-07-31T12:59:56.604Z
B0003282,P00222,2023-11-15T01:42:00.000Z,151.14,BRL,casino,459.22,true,151.14,459.22,-308.08,2026-07-31T12:59:56.604Z
B0003283,P00222,2023-11-27T01:26:00.000Z,330.31,BRL,casino,0.00,true,330.31,0.0,330.31,2026-07-31T12:59:56.604Z
B0003284,P00222,2023-11-21T23:12:00.000Z,578.83,BRL,sports,0.00,true,578.83,0.0,578.83,2026-07-31T12:59:56.604Z
B0003285,P00222,2023-11-16T10:56:00.000Z,30.31,BRL,sports,49.67,true,30.31,49.67,-19.36,2026-07-31T12:59:56.604Z
B0003286,P00222,2023-11-19T02:15:00.000Z,165.94,USD,casino,0.00,true,819.48,0.0,819.48,2026-07-31T12:59:56.604Z
B0003287,P00222,2023-11-18T16:09:00.000Z,934.42,BRL,casino,0.00,true,934.42,0.0,934.42,2026-07-31T12:59:56.604Z
B0003288,P00222,2023-11-25T13:49:00.000Z,396.10,BRL,sports,0.00,true,396.1,0.0,396.1,2026-07-31T12:59:56.604Z
B0003289,P00222,2023-11-13T23:56:00.000Z,316.57,BRL,casino,0.00,true,316.57,0.0,316.57,2026-07-31T12:59:56.604Z
B0003290,P00222,2023-11-18T18:30:00.000Z,426.79,BRL,casino,0.00,true,426.79,0.0,426.79,2026-07-31T12:59:56.604Z
B0003291,P00222,2023-11-13T02:40:00.000Z,138.94,BRL,casino,0.00,true,138.94,0.0,138.94,2026-07-31T12:59:56.604Z
B0003292,P00222,2023-11-26T15:57:00.000Z,910.41,BRL,casino,3126.42,true,910.41,3126.42,-2216.01,2026-07-31T12:59:56.604Z
B0003293,P00222,2023-11-28T18:53:00.000Z,79.66,BRL,sports,157.53,true,79.66,157.53,-77.87,2026-07-31T12:59:56.604Z
B0003294,P00222,2023-11-13T20:01:00.000Z,222.57,BRL,casino,672.20,true,222.57,672.2,-449.63,2026-07-31T12:59:56.604Z
B0003295,P00222,2023-11-17T06:11:00.000Z,464.64,BRL,casino,0.00,true,464.64,0.0,464.64,2026-07-31T12:59:56.604Z
B0003296,P00222,2023-11-24T14:34:00.000Z,69.41,BRL,sports,0.00,true,69.41,0.0,69.41,2026-07-31T12:59:56.604Z
B0003297,P00222,2023-11-18T22:45:00.000Z,844.78,BRL,sports,0.00,true,844.78,0.0,844.78,2026-07-31T12:59:56.604Z
B0003298,P00222,2023-11-23T18:10:00.000Z,223.43,BRL,sports,0.00,true,223.43,0.0,223.43,2026-07-31T12:59:56.604Z
B0003299,P00222,2023-11-25T17:29:00.000Z,970.40,BRL,casino,0.00,true,970.4,0.0,970.4,2026-07-31T12:59:56.604Z
B0003300,P00222,2023-11-13T04:41:00.000Z,983.88,BRL,sports,0.00,true,983.88,0.0,983.88,2026-07-31T12:59:56.604Z
B0003301,P00222,2023-11-24T01:39:00.000Z,459.33,BRL,casino,0.00,true,459.33,0.0,459.33,2026-07-31T12:59:56.604Z
B0003302,P00222,2023-11-20T12:43:00.000Z,726.84,BRL,sports,0.00,true,726.84,0.0,726.84,2026-07-31T12:59:56.604Z
B0003303,P00222,2023-11-19T00:00:00.000Z,315.90,BRL,casino,0.00,true,315.9,0.0,315.9,2026-07-31T12:59:56.604Z
B0003304,P00222,2023-11-13T11:49:00.000Z,378.08,BRL,casino,0.00,true,378.08,0.0,378.08,2026-07-31T12:59:56.604Z
B0003305,P00222,2023-11-22T07:50:00.000Z,611.37,BRL,casino,0.00,true,611.37,0.0,611.37,2026-07-31T12:59:56.604Z
B0003306,P00222,2023-11-27T01:04:00.000Z,419.07,BRL,sports,0.00,true,419.07,0.0,419.07,2026-07-31T12:59:56.604Z
B0003307,P00222,2023-11-13T19:35:00.000Z,912.39,BRL,casino,2376.81,true,912.39,2376.81,-1464.42,2026-07-31T12:59:56.604Z
B0003308,P00222,2023-11-24T12:21:00.000Z,175.46,BRL,sports,0.00,true,175.46,0.0,175.46,2026-07-31T12:59:56.604Z
B0003309,P00222,2023-11-19T16:39:00.000Z,825.35,BRL,sports,0.00,true,825.35,0.0,825.35,2026-07-31T12:59:56.604Z
B0003310,P00222,2023-11-24T01:47:00.000Z,583.93,BRL,sports,1625.75,true,583.93,1625.75,-1041.82,2026-07-31T12:59:56.604Z
B0003311,P00222,2023-11-13T23:51:00.000Z,500.39,BRL,casino,1374.47,true,500.39,1374.47,-874.08,2026-07-31T12:59:56.604Z
B0003312,P00222,2023-11-20T22:21:00.000Z,358.70,BRL,sports,0.00,true,358.7,0.0,358.7,2026-07-31T12:59:56.604Z
B0003313,P00222,2023-11-21T01:15:00.000Z,499.14,BRL,casino,0.00,true,499.14,0.0,499.14,2026-07-31T12:59:56.604Z
B0003314,P00222,2023-11-17T18:29:00.000Z,703.55,BRL,sports,0.00,true,703.55,0.0,703.55,2026-07-31T12:59:56.604Z
B0003315,P00222,2023-11-19T11:08:00.000Z,826.93,BRL,sports,2196.82,true,826.93,2196.82,-1369.89,2026-07-31T12:59:56.604Z
B0003316,P00222,2023-11-27T12:14:00.000Z,142.99,EUR,casino,0.00,true,747.38,0.0,747.38,2026-07-31T12:59:56.604Z
B0003317,P00222,2023-11-22T05:08:00.000Z,743.01,BRL,sports,0.00,true,743.01,0.0,743.01,2026-07-31T12:59:56.604Z
B0003318,P00222,2023-11-15T03:54:00.000Z,444.03,BRL,casino,1126.54,true,444.03,1126.54,-682.51,2026-07-31T12:59:56.604Z
B0003319,P00223,2024-02-15T01:01:00.000Z,147.38,EUR,casino,512.62,true,775.15,2696.12,-1920.97,2026-07-31T12:59:56.604Z
B0003320,P00223,2024-02-18T18:37:00.000Z,58.57,BRL,casino,173.59,true,58.57,173.59,-115.02,2026-07-31T12:59:56.604Z
B0003321,P00223,2024-03-05T11:32:00.000Z,31.62,BRL,sports,0.00,true,31.62,0.0,31.62,2026-07-31T12:59:56.604Z
B0003322,P00224,2024-03-19T15:58:00.000Z,166.62,EUR,sports,0.00,true,889.0,0.0,889.0,2026-07-31T12:59:56.604Z
B0003323,P00224,2024-03-15T00:05:00.000Z,308.03,BRL,casino,0.00,true,308.03,0.0,308.03,2026-07-31T12:59:56.604Z
B0003324,P00224,2024-03-13T09:28:00.000Z,194.53,USD,sports,517.28,true,947.16,2518.63,-1571.47,2026-07-31T12:59:56.604Z
B0003325,P00225,2024-03-14T21:00:00.000Z,608.55,BRL,sports,0.00,true,608.55,0.0,608.55,2026-07-31T12:59:56.604Z
B0003326,P00225,2024-03-16T14:16:00.000Z,283.70,BRL,sports,0.00,true,283.7,0.0,283.7,2026-07-31T12:59:56.604Z
B0003327,P00225,2024-03-18T20:51:00.000Z,134.06,BRL,sports,272.25,true,134.06,272.25,-138.19,2026-07-31T12:59:56.604Z
B0003328,P00226,2024-02-04T01:07:00.000Z,70.31,BRL,sports,0.00,true,70.31,0.0,70.31,2026-07-31T12:59:56.604Z
B0003329,P00226,2024-01-03T04:03:00.000Z,960.24,BRL,casino,0.00,true,960.24,0.0,960.24,2026-07-31T12:59:56.604Z
B0003330,P00226,2024-01-30T15:38:00.000Z,151.01,BRL,casino,0.00,true,151.01,0.0,151.01,2026-07-31T12:59:56.604Z
B0003331,P00226,2024-01-09T14:31:00.000Z,995.55,BRL,casino,0.00,true,995.55,0.0,995.55,2026-07-31T12:59:56.604Z
B0003332,P00226,2024-02-01T13:48:00.000Z,712.22,BRL,casino,0.00,true,712.22,0.0,712.22,2026-07-31T12:59:56.604Z
B0003333,P00226,2024-01-27T08:47:00.000Z,849.75,BRL,casino,0.00,true,849.75,0.0,849.75,2026-07-31T12:59:56.604Z
B0003334,P00227,2024-01-17T01:13:00.000Z,482.98,BRL,sports,0.00,true,482.98,0.0,482.98,2026-07-31T12:59:56.604Z
B0003335,P00227,2024-02-16T14:10:00.000Z,227.09,BRL,sports,0.00,true,227.09,0.0,227.09,2026-07-31T12:59:56.604Z
B0003336,P00227,2024-01-30T03:21:00.000Z,228.70,BRL,casino,335.94,true,228.7,335.94,-107.24,2026-07-31T12:59:56.604Z
B0003337,P00227,2024-02-14T09:46:00.000Z,89.07,BRL,sports,0.00,true,89.07,0.0,89.07,2026-07-31T12:59:56.604Z
B0003338,P00227,2024-01-30T12:25:00.000Z,157.40,EUR,casino,537.09,true,830.98,2835.51,-2004.53,2026-07-31T12:59:56.604Z
B0003339,P00227,2024-02-28T01:56:00.000Z,251.74,BRL,casino,0.00,true,251.74,0.0,251.74,2026-07-31T12:59:56.604Z
B0003340,P00227,2024-03-04T17:34:00.000Z,334.79,BRL,casino,839.68,true,334.79,839.68,-504.89,2026-07-31T12:59:56.604Z
B0003341,P00227,2024-01-28T19:38:00.000Z,721.69,BRL,sports,2360.80,true,721.69,2360.8,-1639.11,2026-07-31T12:59:56.604Z
B0003342,P00227,2024-03-02T03:26:00.000Z,186.79,BRL,sports,466.25,true,186.79,466.25,-279.46,2026-07-31T12:59:56.604Z
B0003343,P00227,2024-02-15T01:03:00.000Z,423.37,BRL,casino,0.00,true,423.37,0.0,423.37,2026-07-31T12:59:56.604Z
B0003344,P00227,2024-02-22T04:03:00.000Z,40.25,USD,casino,0.00,true,197.82,0.0,197.82,2026-07-31T12:59:56.604Z
B0003345,P00227,2024-02-04T05:18:00.000Z,351.50,BRL,sports,598.89,true,351.5,598.89,-247.39,2026-07-31T12:59:56.604Z
B0003346,P00227,2024-02-10T15:29:00.000Z,918.80,BRL,casino,0.00,true,918.8,0.0,918.8,2026-07-31T12:59:56.604Z
B0003347,P00227,2024-02-26T18:59:00.000Z,875.15,BRL,sports,0.00,true,875.15,0.0,875.15,2026-07-31T12:59:56.604Z
B0003348,P00227,2024-02-23T18:48:00.000Z,731.27,BRL,sports,0.00,true,731.27,0.0,731.27,2026-07-31T12:59:56.604Z
B0003349,P00227,2024-02-29T17:39:00.000Z,680.74,BRL,casino,1250.95,true,680.74,1250.95,-570.21,2026-07-31T12:59:56.604Z
B0003350,P00227,2024-02-13T07:44:00.000Z,72.71,BRL,casino,116.32,true,72.71,116.32,-43.61,2026-07-31T12:59:56.604Z
B0003351,P00227,2024-02-05T01:56:00.000Z,539.73,BRL,sports,1819.02,true,539.73,1819.02,-1279.29,2026-07-31T12:59:56.604Z
B0003352,P00227,2024-02-26T08:17:00.000Z,554.19,BRL,sports,769.32,true,554.19,769.32,-215.13,2026-07-31T12:59:56.604Z
B0003353,P00227,2024-02-09T10:44:00.000Z,60.82,USD,casino,0.00,true,298.59,0.0,298.59,2026-07-31T12:59:56.604Z
B0003354,P00227,2024-02-18T01:29:00.000Z,472.67,BRL,casino,584.24,true,472.67,584.24,-111.57,2026-07-31T12:59:56.604Z
B0003355,P00227,2024-03-02T00:18:00.000Z,161.25,BRL,casino,0.00,true,161.25,0.0,161.25,2026-07-31T12:59:56.604Z
B0003356,P00227,2024-01-27T06:27:00.000Z,34.00,BRL,casino,64.88,true,34.0,64.88,-30.88,2026-07-31T12:59:56.604Z
B0003357,P00227,2024-02-24T00:13:00.000Z,602.72,BRL,sports,0.00,true,602.72,0.0,602.72,2026-07-31T12:59:56.604Z
B0003358,P00228,2024-03-06T13:56:00.000Z,105.60,BRL,sports,0.00,true,105.6,0.0,105.6,2026-07-31T12:59:56.604Z
B0003359,P00228,2024-03-07T20:07:00.000Z,575.74,BRL,sports,720.46,true,575.74,720.46,-144.72,2026-07-31T12:59:56.604Z
B0003360,P00228,2024-03-05T03:15:00.000Z,75.12,EUR,sports,0.00,true,396.66,0.0,396.66,2026-07-31T12:59:56.604Z
B0003361,P00228,2024-03-07T01:50:00.000Z,690.89,BRL,sports,0.00,true,690.89,0.0,690.89,2026-07-31T12:59:56.604Z
B0003362,P00228,2024-03-04T09:01:00.000Z,596.70,BRL,sports,0.00,true,596.7,0.0,596.7,2026-07-31T12:59:56.604Z
B0003363,P00228,2024-03-07T02:56:00.000Z,760.13,BRL,casino,2186.38,true,760.13,2186.38,-1426.25,2026-07-31T12:59:56.604Z
B0003364,P00229,2023-10-16T20:42:00.000Z,58.53,EUR,sports,112.67,true,313.23,602.96,-289.73,2026-07-31T12:59:56.604Z
B0003365,P00229,2023-09-23T01:53:00.000Z,52.31,USD,sports,0.00,true,267.5,0.0,267.5,2026-07-31T12:59:56.604Z
B0003366,P00229,2024-01-12T14:13:00.000Z,3.30,USD,sports,9.55,true,16.18,46.82,-30.64,2026-07-31T12:59:56.604Z
B0003367,P00229,2023-08-10T03:41:00.000Z,132.95,BRL,casino,365.91,true,132.95,365.91,-232.96,2026-07-31T12:59:56.604Z
B0003368,P00229,2023-11-22T06:12:00.000Z,946.50,BRL,casino,0.00,true,946.5,0.0,946.5,2026-07-31T12:59:56.604Z
B0003369,P00229,2023-09-05T22:20:00.000Z,427.30,BRL,casino,915.07,true,427.3,915.07,-487.77,2026-07-31T12:59:56.604Z
B0003370,P00229,2023-10-10T11:54:00.000Z,416.02,BRL,casino,0.00,true,416.02,0.0,416.02,2026-07-31T12:59:56.604Z
B0003371,P00229,2023-10-21T05:09:00.000Z,764.37,BRL,casino,0.00,true,764.37,0.0,764.37,2026-07-31T12:59:56.604Z
B0003372,P00229,2023-12-15T19:37:00.000Z,109.73,EUR,casino,158.55,true,583.65,843.33,-259.68,2026-07-31T12:59:56.604Z
B0003373,P00229,2023-08-10T12:52:00.000Z,195.55,BRL,casino,484.35,true,195.55,484.35,-288.8,2026-07-31T12:59:56.604Z
B0003374,P00229,2023-12-10T13:56:00.000Z,949.26,BRL,sports,0.00,true,949.26,0.0,949.26,2026-07-31T12:59:56.604Z
B0003375,P00229,2023-12-10T10:02:00.000Z,339.38,BRL,casino,0.00,true,339.38,0.0,339.38,2026-07-31T12:59:56.604Z
B0003376,P00229,2023-12-10T08:13:00.000Z,154.56,EUR,casino,0.00,true,810.95,0.0,810.95,2026-07-31T12:59:56.604Z
B0003377,P00229,2023-10-07T06:17:00.000Z,823.33,BRL,casino,0.00,true,823.33,0.0,823.33,2026-07-31T12:59:56.604Z
B0003378,P00229,2023-12-06T04:24:00.000Z,256.85,BRL,casino,0.00,true,256.85,0.0,256.85,2026-07-31T12:59:56.604Z
B0003379,P00229,2023-12-30T08:24:00.000Z,309.59,BRL,sports,409.15,true,309.59,409.15,-99.56,2026-07-31T12:59:56.604Z
B0003380,P00229,2023-11-09T15:23:00.000Z,437.22,BRL,casino,0.00,true,437.22,0.0,437.22,2026-07-31T12:59:56.604Z
B0003381,P00229,2023-09-24T18:35:00.000Z,595.72,BRL,casino,0.00,true,595.72,0.0,595.72,2026-07-31T12:59:56.604Z
B0003382,P00229,2024-01-15T01:01:00.000Z,654.96,BRL,casino,1663.90,true,654.96,1663.9,-1008.94,2026-07-31T12:59:56.604Z
B0003383,P00229,2023-08-08T16:38:00.000Z,860.41,BRL,casino,2967.43,true,860.41,2967.43,-2107.02,2026-07-31T12:59:56.604Z
B0003384,P00229,2023-08-13T13:52:00.000Z,13.03,USD,sports,0.00,true,65.73,0.0,65.73,2026-07-31T12:59:56.604Z
B0003385,P00229,2023-09-07T08:09:00.000Z,744.46,BRL,casino,0.00,true,744.46,0.0,744.46,2026-07-31T12:59:56.604Z
B0003386,P00229,2023-09-05T15:18:00.000Z,938.39,BRL,sports,0.00,true,938.39,0.0,938.39,2026-07-31T12:59:56.604Z
B0003387,P00229,2023-09-02T14:14:00.000Z,774.98,BRL,casino,1592.57,true,774.98,1592.57,-817.59,2026-07-31T12:59:56.604Z
B0003388,P00229,2023-10-04T03:17:00.000Z,599.50,BRL,sports,0.00,true,599.5,0.0,599.5,2026-07-31T12:59:56.604Z
B0003389,P00229,2023-11-27T03:05:00.000Z,360.70,BRL,casino,0.00,true,360.7,0.0,360.7,2026-07-31T12:59:56.604Z
B0003390,P00229,2023-12-31T05:51:00.000Z,572.06,BRL,casino,0.00,true,572.06,0.0,572.06,2026-07-31T12:59:56.604Z
B0003391,P00229,2024-01-03T06:29:00.000Z,896.37,BRL,sports,0.00,true,896.37,0.0,896.37,2026-07-31T12:59:56.604Z
B0003392,P00229,2023-09-15T04:46:00.000Z,197.08,BRL,sports,558.16,true,197.08,558.16,-361.08,2026-07-31T12:59:56.604Z
B0003393,P00229,2023-11-22T15:57:00.000Z,531.44,BRL,sports,815.04,true,531.44,815.04,-283.6,2026-07-31T12:59:56.604Z
B0003394,P00230,2023-11-28T21:30:00.000Z,212.63,BRL,casino,0.00,true,212.63,0.0,212.63,2026-07-31T12:59:56.604Z
B0003395,P00230,2023-11-14T14:02:00.000Z,918.53,BRL,casino,1166.46,true,918.53,1166.46,-247.93,2026-07-31T12:59:56.604Z
B0003396,P00230,2023-12-20T03:05:00.000Z,369.75,BRL,sports,913.50,true,369.75,913.5,-543.75,2026-07-31T12:59:56.604Z
B0003397,P00231,2024-02-15T11:38:00.000Z,708.81,BRL,sports,0.00,true,708.81,0.0,708.81,2026-07-31T12:59:56.604Z
B0003398,P00231,2024-01-26T05:22:00.000Z,651.60,BRL,sports,0.00,true,651.6,0.0,651.6,2026-07-31T12:59:56.604Z
B0003399,P00231,2024-03-14T01:49:00.000Z,528.26,BRL,casino,0.00,true,528.26,0.0,528.26,2026-07-31T12:59:56.604Z
B0003400,P00231,2024-02-24T15:13:00.000Z,276.54,BRL,sports,465.54,true,276.54,465.54,-189.0,2026-07-31T12:59:56.604Z
B0003401,P00231,2024-03-16T16:33:00.000Z,880.84,BRL,sports,2652.50,true,880.84,2652.5,-1771.66,2026-07-31T12:59:56.604Z
B0003402,P00231,2024-03-02T06:02:00.000Z,747.45,BRL,sports,2315.01,true,747.45,2315.01,-1567.56,2026-07-31T12:59:56.604Z
B0003403,P00231,2024-02-01T00:12:00.000Z,492.27,BRL,casino,0.00,true,492.27,0.0,492.27,2026-07-31T12:59:56.604Z
B0003404,P00231,2024-03-08T18:50:00.000Z,956.63,BRL,casino,0.00,true,956.63,0.0,956.63,2026-07-31T12:59:56.604Z
B0003405,P00231,2024-02-06T09:07:00.000Z,72.94,BRL,sports,0.00,true,72.94,0.0,72.94,2026-07-31T12:59:56.604Z
B0003406,P00231,2024-02-15T00:29:00.000Z,562.51,BRL,sports,0.00,true,562.51,0.0,562.51,2026-07-31T12:59:56.604Z
B0003407,P00231,2024-01-25T02:14:00.000Z,570.50,BRL,casino,1309.59,true,570.5,1309.59,-739.09,2026-07-31T12:59:56.604Z
B0003408,P00231,2024-02-21T09:12:00.000Z,905.04,BRL,casino,1357.03,true,905.04,1357.03,-451.99,2026-07-31T12:59:56.604Z
B0003409,P00231,2024-01-29T02:44:00.000Z,519.61,BRL,casino,1793.19,true,519.61,1793.19,-1273.58,2026-07-31T12:59:56.604Z
B0003410,P00231,2024-03-06T21:01:00.000Z,376.25,BRL,sports,0.00,true,376.25,0.0,376.25,2026-07-31T12:59:56.604Z
B0003411,P00231,2024-02-19T09:11:00.000Z,23.44,BRL,sports,0.00,true,23.44,0.0,23.44,2026-07-31T12:59:56.604Z
B0003412,P00231,2024-02-28T22:07:00.000Z,480.20,BRL,casino,0.00,true,480.2,0.0,480.2,2026-07-31T12:59:56.604Z
B0003413,P00231,2024-02-15T05:26:00.000Z,598.23,BRL,sports,0.00,true,598.23,0.0,598.23,2026-07-31T12:59:56.604Z
B0003414,P00231,2024-02-01T17:39:00.000Z,80.01,BRL,casino,210.23,true,80.01,210.23,-130.22,2026-07-31T12:59:56.604Z
B0003415,P00231,2024-02-15T02:12:00.000Z,89.65,USD,sports,0.00,true,439.72,0.0,439.72,2026-07-31T12:59:56.604Z
B0003416,P00231,2024-03-16T00:38:00.000Z,528.15,BRL,casino,1160.92,true,528.15,1160.92,-632.77,2026-07-31T12:59:56.604Z
B0003417,P00231,2024-01-28T16:07:00.000Z,16.73,BRL,sports,0.00,true,16.73,0.0,16.73,2026-07-31T12:59:56.604Z
B0003418,P00231,2024-01-25T10:50:00.000Z,109.80,EUR,casino,295.82,true,575.84,1551.4,-975.56,2026-07-31T12:59:56.604Z
B0003419,P00231,2024-02-13T00:21:00.000Z,543.50,BRL,sports,0.00,true,543.5,0.0,543.5,2026-07-31T12:59:56.604Z
B0003420,P00231,2024-02-12T08:57:00.000Z,300.19,BRL,sports,0.00,true,300.19,0.0,300.19,2026-07-31T12:59:56.604Z
B0003421,P00231,2024-02-18T10:21:00.000Z,294.81,BRL,sports,655.72,true,294.81,655.72,-360.91,2026-07-31T12:59:56.604Z
B0003422,P00231,2024-02-27T00:50:00.000Z,291.59,BRL,sports,0.00,true,291.59,0.0,291.59,2026-07-31T12:59:56.604Z
B0003423,P00231,2024-03-05T22:16:00.000Z,766.61,BRL,casino,1001.01,true,766.61,1001.01,-234.4,2026-07-31T12:59:56.604Z
B0003424,P00231,2024-02-02T20:54:00.000Z,52.90,USD,casino,99.48,true,257.32,483.89,-226.57,2026-07-31T12:59:56.604Z
B0003425,P00231,2024-01-30T17:24:00.000Z,879.43,BRL,casino,0.00,true,879.43,0.0,879.43,2026-07-31T12:59:56.604Z
B0003426,P00231,2024-02-09T11:56:00.000Z,444.41,BRL,casino,0.00,true,444.41,0.0,444.41,2026-07-31T12:59:56.604Z
B0003427,P00232,2024-03-13T00:41:00.000Z,54.88,USD,casino,160.71,true,267.21,782.5,-515.29,2026-07-31T12:59:56.604Z
B0003428,P00232,2024-03-08T08:15:00.000Z,195.69,USD,casino,276.08,true,940.89,1327.41,-386.52,2026-07-31T12:59:56.604Z
B0003429,P00232,2024-03-13T00:10:00.000Z,64.09,USD,casino,0.00,true,312.05,0.0,312.05,2026-07-31T12:59:56.604Z
B0003430,P00232,2024-03-15T15:38:00.000Z,168.86,USD,sports,305.93,true,818.02,1482.04,-664.02,2026-07-31T12:59:56.604Z
B0003431,P00232,2024-02-24T08:18:00.000Z,197.33,USD,sports,243.42,true,964.1,1189.28,-225.18,2026-07-31T12:59:56.604Z
B0003432,P00232,2024-03-09T19:23:00.000Z,40.98,USD,casino,124.75,true,197.03,599.81,-402.78,2026-07-31T12:59:56.604Z
B0003433,P00232,2024-03-16T12:48:00.000Z,86.99,USD,sports,0.00,true,421.41,0.0,421.41,2026-07-31T12:59:56.604Z
B0003434,P00232,2024-02-22T23:49:00.000Z,189.76,USD,casino,643.57,true,932.63,3162.99,-2230.36,2026-07-31T12:59:56.604Z
B0003435,P00232,2024-02-15T23:09:00.000Z,178.31,USD,sports,0.00,true,874.59,0.0,874.59,2026-07-31T12:59:56.604Z
B0003436,P00232,2024-02-08T12:50:00.000Z,92.11,USD,sports,0.00,true,448.71,0.0,448.71,2026-07-31T12:59:56.604Z
B0003437,P00232,2024-03-02T07:00:00.000Z,141.42,USD,sports,421.98,true,694.82,2073.26,-1378.44,2026-07-31T12:59:56.604Z
B0003438,P00232,2024-02-29T00:13:00.000Z,162.43,USD,sports,439.01,true,799.8,2161.67,-1361.87,2026-07-31T12:59:56.604Z
B0003439,P00232,2024-02-20T23:52:00.000Z,54.46,USD,casino,0.00,true,266.98,0.0,266.98,2026-07-31T12:59:56.604Z
B0003440,P00232,2024-02-29T08:59:00.000Z,25.88,USD,casino,0.00,true,127.43,0.0,127.43,2026-07-31T12:59:56.604Z
B0003441,P00232,2024-03-18T20:51:00.000Z,120.81,USD,casino,0.00,true,586.01,0.0,586.01,2026-07-31T12:59:56.604Z
B0003442,P00232,2024-02-09T04:24:00.000Z,160.45,USD,sports,201.73,true,787.71,990.37,-202.66,2026-07-31T12:59:56.604Z
B0003443,P00232,2024-02-25T18:46:00.000Z,50.26,USD,sports,175.09,true,245.56,855.44,-609.88,2026-07-31T12:59:56.604Z
B0003444,P00232,2024-03-25T02:35:00.000Z,98.15,USD,casino,332.25,true,479.83,1624.28,-1144.45,2026-07-31T12:59:56.604Z
B0003445,P00232,2024-02-13T07:32:00.000Z,127.75,USD,casino,0.00,true,622.79,0.0,622.79,2026-07-31T12:59:56.604Z
B0003446,P00232,2024-03-06T10:19:00.000Z,16.79,USD,sports,38.61,true,81.82,188.15,-106.33,2026-07-31T12:59:56.604Z
B0003447,P00232,2024-03-26T08:07:00.000Z,194.47,USD,sports,0.00,true,955.51,0.0,955.51,2026-07-31T12:59:56.604Z
B0003448,P00232,2024-02-26T10:23:00.000Z,145.16,USD,sports,265.69,true,709.23,1298.11,-588.88,2026-07-31T12:59:56.604Z
B0003449,P00232,2024-03-19T10:11:00.000Z,727.16,BRL,casino,0.00,true,727.16,0.0,727.16,2026-07-31T12:59:56.604Z
B0003450,P00232,2024-02-21T01:45:00.000Z,137.52,USD,sports,365.24,true,676.25,1796.06,-1119.81,2026-07-31T12:59:56.604Z
B0003451,P00233,2023-10-06T01:55:00.000Z,786.55,BRL,sports,2207.81,true,786.55,2207.81,-1421.26,2026-07-31T12:59:56.604Z
B0003452,P00233,2023-10-24T21:22:00.000Z,293.02,BRL,casino,696.32,true,293.02,696.32,-403.3,2026-07-31T12:59:56.604Z
B0003453,P00233,2023-10-17T03:46:00.000Z,485.56,BRL,casino,1506.96,true,485.56,1506.96,-1021.4,2026-07-31T12:59:56.604Z
B0003454,P00234,2023-08-28T03:05:00.000Z,84.12,USD,sports,0.00,true,427.71,0.0,427.71,2026-07-31T12:59:56.604Z
B0003455,P00234,2023-08-28T10:50:00.000Z,129.51,EUR,casino,349.90,true,691.03,1866.96,-1175.93,2026-07-31T12:59:56.604Z
B0003456,P00234,2023-09-09T16:24:00.000Z,163.21,EUR,casino,0.00,true,868.28,0.0,868.28,2026-07-31T12:59:56.604Z
B0003457,P00234,2023-09-12T00:42:00.000Z,170.24,EUR,casino,342.42,true,900.84,1811.95,-911.11,2026-07-31T12:59:56.604Z
B0003458,P00234,2023-09-12T21:04:00.000Z,102.98,EUR,casino,332.12,true,544.93,1757.45,-1212.52,2026-07-31T12:59:56.604Z
B0003459,P00234,2023-08-27T11:37:00.000Z,109.44,EUR,casino,0.00,true,583.05,0.0,583.05,2026-07-31T12:59:56.604Z
B0003460,P00234,2023-08-20T08:43:00.000Z,53.04,EUR,casino,83.97,true,284.25,450.0,-165.75,2026-07-31T12:59:56.604Z
B0003461,P00234,2023-09-07T09:43:00.000Z,30.61,EUR,sports,0.00,true,163.34,0.0,163.34,2026-07-31T12:59:56.604Z
B0003462,P00234,2023-09-05T18:08:00.000Z,137.61,EUR,casino,184.66,true,731.03,980.97,-249.94,2026-07-31T12:59:56.604Z
B0003463,P00235,2024-02-18T03:03:00.000Z,42.24,BRL,sports,134.89,true,42.24,134.89,-92.65,2026-07-31T12:59:56.604Z
B0003464,P00235,2024-01-27T21:15:00.000Z,193.97,BRL,sports,0.00,true,193.97,0.0,193.97,2026-07-31T12:59:56.604Z
B0003465,P00235,2024-01-27T14:25:00.000Z,801.97,BRL,casino,0.00,true,801.97,0.0,801.97,2026-07-31T12:59:56.604Z
B0003466,P00235,2024-02-07T05:08:00.000Z,326.77,BRL,casino,0.00,true,326.77,0.0,326.77,2026-07-31T12:59:56.604Z
B0003467,P00235,2024-02-13T07:29:00.000Z,395.73,BRL,casino,726.52,true,395.73,726.52,-330.79,2026-07-31T12:59:56.604Z
B0003468,P00235,2024-02-13T09:36:00.000Z,953.93,BRL,sports,1304.57,true,953.93,1304.57,-350.64,2026-07-31T12:59:56.604Z
B0003469,P00235,2024-03-03T06:25:00.000Z,714.06,BRL,casino,1253.56,true,714.06,1253.56,-539.5,2026-07-31T12:59:56.604Z
B0003470,P00235,2024-03-01T02:53:00.000Z,877.38,BRL,casino,0.00,true,877.38,0.0,877.38,2026-07-31T12:59:56.604Z
B0003471,P00235,2024-03-07T00:41:00.000Z,539.51,BRL,sports,0.00,true,539.51,0.0,539.51,2026-07-31T12:59:56.604Z
B0003472,P00236,2023-12-07T17:07:00.000Z,694.04,BRL,casino,0.00,true,694.04,0.0,694.04,2026-07-31T12:59:56.604Z
B0003473,P00236,2023-11-29T13:26:00.000Z,427.45,BRL,sports,0.00,true,427.45,0.0,427.45,2026-07-31T12:59:56.604Z
B0003474,P00236,2023-12-13T11:08:00.000Z,802.70,BRL,casino,0.00,true,802.7,0.0,802.7,2026-07-31T12:59:56.604Z
B0003475,P00236,2023-12-11T12:12:00.000Z,837.33,BRL,casino,0.00,true,837.33,0.0,837.33,2026-07-31T12:59:56.604Z
B0003476,P00236,2023-12-10T00:52:00.000Z,839.26,BRL,sports,0.00,true,839.26,0.0,839.26,2026-07-31T12:59:56.604Z
B0003477,P00236,2023-11-29T18:38:00.000Z,930.90,BRL,sports,0.00,true,930.9,0.0,930.9,2026-07-31T12:59:56.604Z
B0003478,P00236,2023-12-05T19:12:00.000Z,742.50,BRL,casino,0.00,true,742.5,0.0,742.5,2026-07-31T12:59:56.604Z
B0003479,P00236,2023-11-30T06:04:00.000Z,128.58,BRL,sports,0.00,true,128.58,0.0,128.58,2026-07-31T12:59:56.604Z
B0003480,P00236,2023-12-03T18:46:00.000Z,732.35,BRL,casino,2270.58,true,732.35,2270.58,-1538.23,2026-07-31T12:59:56.604Z
B0003481,P00236,2023-12-08T07:40:00.000Z,154.75,BRL,sports,305.50,true,154.75,305.5,-150.75,2026-07-31T12:59:56.604Z
B0003482,P00236,2023-12-01T04:46:00.000Z,356.04,BRL,sports,0.00,true,356.04,0.0,356.04,2026-07-31T12:59:56.604Z
B0003483,P00236,2023-12-07T03:41:00.000Z,675.23,BRL,casino,1239.71,true,675.23,1239.71,-564.48,2026-07-31T12:59:56.604Z
B0003484,P00236,2023-12-05T19:04:00.000Z,855.85,BRL,casino,0.00,true,855.85,0.0,855.85,2026-07-31T12:59:56.604Z
B0003485,P00236,2023-11-30T00:17:00.000Z,106.31,USD,casino,359.39,true,532.48,1800.1,-1267.62,2026-07-31T12:59:56.604Z
B0003486,P00236,2023-11-25T22:32:00.000Z,746.90,BRL,sports,2385.88,true,746.9,2385.88,-1638.98,2026-07-31T12:59:56.604Z
B0003487,P00236,2023-12-13T09:08:00.000Z,882.56,BRL,casino,0.00,true,882.56,0.0,882.56,2026-07-31T12:59:56.604Z
B0003488,P00236,2023-12-03T00:30:00.000Z,90.61,BRL,sports,0.00,true,90.61,0.0,90.61,2026-07-31T12:59:56.604Z
B0003489,P00236,2023-12-12T03:59:00.000Z,679.29,BRL,sports,0.00,true,679.29,0.0,679.29,2026-07-31T12:59:56.604Z
B0003490,P00236,2023-12-10T06:16:00.000Z,644.85,BRL,casino,0.00,true,644.85,0.0,644.85,2026-07-31T12:59:56.604Z
B0003491,P00236,2023-12-07T03:20:00.000Z,446.59,BRL,casino,0.00,true,446.59,0.0,446.59,2026-07-31T12:59:56.604Z
B0003492,P00236,2023-12-12T02:24:00.000Z,291.66,BRL,casino,0.00,true,291.66,0.0,291.66,2026-07-31T12:59:56.604Z
B0003493,P00236,2023-12-08T17:08:00.000Z,43.99,EUR,casino,130.89,true,230.81,686.75,-455.94,2026-07-31T12:59:56.604Z
B0003494,P00236,2023-11-30T00:41:00.000Z,55.75,BRL,sports,75.74,true,55.75,75.74,-19.99,2026-07-31T12:59:56.604Z
B0003495,P00236,2023-12-01T00:10:00.000Z,831.35,BRL,casino,1474.81,true,831.35,1474.81,-643.46,2026-07-31T12:59:56.604Z
B0003496,P00237,2023-08-20T15:53:00.000Z,291.58,BRL,sports,476.61,true,291.58,476.61,-185.03,2026-07-31T12:59:56.604Z
B0003497,P00237,2023-08-14T01:38:00.000Z,605.65,BRL,sports,1353.52,true,605.65,1353.52,-747.87,2026-07-31T12:59:56.604Z
B0003498,P00237,2023-08-14T06:29:00.000Z,349.90,BRL,sports,980.66,true,349.9,980.66,-630.76,2026-07-31T12:59:56.604Z
B0003499,P00237,2023-08-16T08:43:00.000Z,88.85,BRL,sports,0.00,true,88.85,0.0,88.85,2026-07-31T12:59:56.604Z
B0003500,P00237,2023-08-14T15:38:00.000Z,69.14,EUR,sports,0.00,true,368.24,0.0,368.24,2026-07-31T12:59:56.604Z
B0003501,P00237,2023-08-12T02:17:00.000Z,167.00,USD,casino,296.88,true,842.42,1497.58,-655.16,2026-07-31T12:59:56.604Z
B0003502,P00238,2023-11-08T18:37:00.000Z,750.00,BRL,sports,0.00,true,750.0,0.0,750.0,2026-07-31T12:59:56.604Z
B0003503,P00238,2023-11-14T00:03:00.000Z,133.27,EUR,casino,0.00,true,698.36,0.0,698.36,2026-07-31T12:59:56.604Z
B0003504,P00238,2024-01-01T07:32:00.000Z,920.25,BRL,sports,0.00,true,920.25,0.0,920.25,2026-07-31T12:59:56.604Z
B0003505,P00238,2023-11-22T10:56:00.000Z,511.07,BRL,casino,0.00,true,511.07,0.0,511.07,2026-07-31T12:59:56.604Z
B0003506,P00238,2023-12-21T02:48:00.000Z,484.99,BRL,casino,1603.77,true,484.99,1603.77,-1118.78,2026-07-31T12:59:56.604Z
B0003507,P00238,2023-11-09T14:13:00.000Z,590.06,BRL,sports,0.00,true,590.06,0.0,590.06,2026-07-31T12:59:56.604Z
B0003508,P00239,2024-01-09T22:56:00.000Z,427.01,BRL,casino,0.00,true,427.01,0.0,427.01,2026-07-31T12:59:56.604Z
B0003509,P00239,2023-12-11T14:29:00.000Z,553.77,BRL,sports,875.57,true,553.77,875.57,-321.8,2026-07-31T12:59:56.604Z
B0003510,P00239,2023-12-05T03:45:00.000Z,804.41,BRL,casino,0.00,true,804.41,0.0,804.41,2026-07-31T12:59:56.604Z
B0003511,P00239,2023-12-23T07:55:00.000Z,790.01,BRL,casino,0.00,true,790.01,0.0,790.01,2026-07-31T12:59:56.604Z
B0003512,P00239,2024-02-11T05:29:00.000Z,149.96,USD,casino,0.00,true,736.21,0.0,736.21,2026-07-31T12:59:56.604Z
B0003513,P00239,2024-01-07T19:32:00.000Z,973.00,BRL,casino,0.00,true,973.0,0.0,973.0,2026-07-31T12:59:56.604Z
B0003514,P00241,2023-12-21T12:58:00.000Z,389.67,BRL,casino,0.00,true,389.67,0.0,389.67,2026-07-31T12:59:56.604Z
B0003515,P00241,2023-12-20T14:49:00.000Z,17.54,BRL,sports,0.00,true,17.54,0.0,17.54,2026-07-31T12:59:56.604Z
B0003516,P00241,2023-12-26T07:17:00.000Z,745.24,BRL,casino,1870.22,true,745.24,1870.22,-1124.98,2026-07-31T12:59:56.604Z
B0003517,P00241,2023-12-25T05:46:00.000Z,566.13,BRL,casino,1834.71,true,566.13,1834.71,-1268.58,2026-07-31T12:59:56.604Z
B0003518,P00241,2023-12-20T19:12:00.000Z,918.22,BRL,casino,0.00,true,918.22,0.0,918.22,2026-07-31T12:59:56.604Z
B0003519,P00241,2023-12-25T01:27:00.000Z,79.90,USD,casino,108.76,true,400.63,545.34,-144.71,2026-07-31T12:59:56.604Z
B0003520,P00241,2023-12-18T18:09:00.000Z,148.25,EUR,sports,204.32,true,787.46,1085.29,-297.83,2026-07-31T12:59:56.604Z
B0003521,P00241,2023-12-24T02:40:00.000Z,126.25,BRL,sports,0.00,true,126.25,0.0,126.25,2026-07-31T12:59:56.604Z
B0003522,P00241,2023-12-19T02:40:00.000Z,672.82,BRL,casino,0.00,true,672.82,0.0,672.82,2026-07-31T12:59:56.604Z
B0003523,P00241,2023-12-15T12:57:00.000Z,117.07,EUR,sports,0.00,true,622.7,0.0,622.7,2026-07-31T12:59:56.604Z
B0003524,P00241,2023-12-23T12:21:00.000Z,463.56,BRL,sports,1245.47,true,463.56,1245.47,-781.91,2026-07-31T12:59:56.604Z
B0003525,P00241,2023-12-24T14:42:00.000Z,82.40,EUR,casino,0.00,true,438.84,0.0,438.84,2026-07-31T12:59:56.604Z
B0003526,P00241,2023-12-27T00:28:00.000Z,460.62,BRL,sports,0.00,true,460.62,0.0,460.62,2026-07-31T12:59:56.604Z
B0003527,P00241,2023-12-19T15:14:00.000Z,433.79,BRL,casino,1126.73,true,433.79,1126.73,-692.94,2026-07-31T12:59:56.604Z
B0003528,P00241,2023-12-29T13:13:00.000Z,9.85,BRL,casino,0.00,true,9.85,0.0,9.85,2026-07-31T12:59:56.604Z
B0003529,P00241,2023-12-23T11:21:00.000Z,683.87,BRL,sports,1966.94,true,683.87,1966.94,-1283.07,2026-07-31T12:59:56.604Z
B0003530,P00241,2023-12-20T18:24:00.000Z,430.04,BRL,casino,0.00,true,430.04,0.0,430.04,2026-07-31T12:59:56.604Z
B0003531,P00241,2023-12-24T17:20:00.000Z,150.61,BRL,casino,0.00,true,150.61,0.0,150.61,2026-07-31T12:59:56.604Z
B0003532,P00241,2023-12-26T04:52:00.000Z,490.40,BRL,casino,0.00,true,490.4,0.0,490.4,2026-07-31T12:59:56.604Z
B0003533,P00241,2023-12-29T09:03:00.000Z,719.03,BRL,casino,0.00,true,719.03,0.0,719.03,2026-07-31T12:59:56.604Z
B0003534,P00241,2023-12-22T03:16:00.000Z,782.05,BRL,casino,0.00,true,782.05,0.0,782.05,2026-07-31T12:59:56.604Z
B0003535,P00241,2023-12-21T13:47:00.000Z,50.74,BRL,casino,172.50,true,50.74,172.5,-121.76,2026-07-31T12:59:56.604Z
B0003536,P00241,2023-12-16T07:32:00.000Z,980.42,BRL,casino,0.00,true,980.42,0.0,980.42,2026-07-31T12:59:56.604Z
B0003537,P00241,2023-12-27T09:39:00.000Z,522.35,BRL,sports,0.00,true,522.35,0.0,522.35,2026-07-31T12:59:56.604Z
B0003538,P00241,2023-12-19T20:48:00.000Z,606.05,BRL,sports,0.00,true,606.05,0.0,606.05,2026-07-31T12:59:56.604Z
B0003539,P00241,2023-12-25T13:05:00.000Z,760.44,BRL,casino,0.00,true,760.44,0.0,760.44,2026-07-31T12:59:56.604Z
B0003540,P00241,2023-12-24T04:54:00.000Z,420.00,BRL,sports,1148.54,true,420.0,1148.54,-728.54,2026-07-31T12:59:56.604Z
B0003541,P00241,2023-12-26T11:07:00.000Z,869.48,BRL,casino,0.00,true,869.48,0.0,869.48,2026-07-31T12:59:56.604Z
B0003542,P00241,2023-12-24T01:53:00.000Z,271.52,BRL,sports,368.36,true,271.52,368.36,-96.84,2026-07-31T12:59:56.604Z
B0003543,P00241,2023-12-22T13:39:00.000Z,604.46,BRL,sports,0.00,true,604.46,0.0,604.46,2026-07-31T12:59:56.604Z
B0003544,P00241,2023-12-16T01:13:00.000Z,877.27,BRL,sports,2666.49,true,877.27,2666.49,-1789.22,2026-07-31T12:59:56.604Z
B0003545,P00241,2023-12-23T12:23:00.000Z,184.48,BRL,sports,286.42,true,184.48,286.42,-101.94,2026-07-31T12:59:56.604Z
B0003546,P00241,2023-12-18T14:43:00.000Z,246.15,BRL,sports,0.00,true,246.15,0.0,246.15,2026-07-31T12:59:56.604Z
B0003547,P00241,2023-12-25T00:15:00.000Z,595.68,BRL,sports,944.93,true,595.68,944.93,-349.25,2026-07-31T12:59:56.604Z
B0003548,P00241,2023-12-23T02:22:00.000Z,429.31,BRL,sports,1338.42,true,429.31,1338.42,-909.11,2026-07-31T12:59:56.604Z
B0003549,P00241,2023-12-29T09:40:00.000Z,248.66,BRL,casino,0.00,true,248.66,0.0,248.66,2026-07-31T12:59:56.604Z
B0003550,P00241,2023-12-21T15:41:00.000Z,699.00,BRL,sports,1962.83,true,699.0,1962.83,-1263.83,2026-07-31T12:59:56.604Z
B0003551,P00241,2023-12-22T02:48:00.000Z,346.04,BRL,sports,0.00,true,346.04,0.0,346.04,2026-07-31T12:59:56.604Z
B0003552,P00241,2023-12-19T20:58:00.000Z,531.95,BRL,casino,905.94,true,531.95,905.94,-373.99,2026-07-31T12:59:56.604Z
B0003553,P00241,2023-12-16T08:07:00.000Z,77.37,BRL,sports,180.54,true,77.37,180.54,-103.17,2026-07-31T12:59:56.604Z
B0003554,P00241,2023-12-22T11:00:00.000Z,63.29,BRL,sports,0.00,true,63.29,0.0,63.29,2026-07-31T12:59:56.604Z
B0003555,P00241,2023-12-22T00:39:00.000Z,906.58,BRL,sports,0.00,true,906.58,0.0,906.58,2026-07-31T12:59:56.604Z
B0003556,P00241,2023-12-25T22:12:00.000Z,720.40,BRL,casino,2305.29,true,720.4,2305.29,-1584.89,2026-07-31T12:59:56.604Z
B0003557,P00241,2023-12-25T01:42:00.000Z,643.30,BRL,sports,1075.12,true,643.3,1075.12,-431.82,2026-07-31T12:59:56.604Z
B0003558,P00241,2023-12-15T02:44:00.000Z,602.30,BRL,sports,0.00,true,602.3,0.0,602.3,2026-07-31T12:59:56.604Z
B0003559,P00241,2023-12-23T02:28:00.000Z,684.82,BRL,casino,0.00,true,684.82,0.0,684.82,2026-07-31T12:59:56.604Z
B0003560,P00241,2023-12-17T03:06:00.000Z,657.26,BRL,casino,1036.67,true,657.26,1036.67,-379.41,2026-07-31T12:59:56.604Z
B0003561,P00241,2023-12-22T17:10:00.000Z,726.92,BRL,casino,2468.26,true,726.92,2468.26,-1741.34,2026-07-31T12:59:56.604Z
B0003562,P00241,2023-12-22T07:32:00.000Z,106.01,BRL,sports,0.00,true,106.01,0.0,106.01,2026-07-31T12:59:56.604Z
B0003563,P00241,2023-12-16T19:34:00.000Z,987.28,BRL,casino,0.00,true,987.28,0.0,987.28,2026-07-31T12:59:56.604Z
B0003564,P00241,2023-12-26T10:55:00.000Z,2.23,EUR,casino,4.38,true,11.89,23.36,-11.47,2026-07-31T12:59:56.604Z
B0003565,P00241,2023-12-27T02:02:00.000Z,445.21,BRL,casino,0.00,true,445.21,0.0,445.21,2026-07-31T12:59:56.604Z
B0003566,P00241,2023-12-16T02:54:00.000Z,807.89,BRL,sports,0.00,true,807.89,0.0,807.89,2026-07-31T12:59:56.604Z
B0003567,P00241,2023-12-19T01:33:00.000Z,16.87,BRL,casino,0.00,true,16.87,0.0,16.87,2026-07-31T12:59:56.604Z
B0003568,P00241,2023-12-27T00:16:00.000Z,60.63,EUR,casino,183.67,true,323.5,980.01,-656.51,2026-07-31T12:59:56.604Z
B0003569,P00241,2023-12-17T00:50:00.000Z,415.80,BRL,casino,0.00,true,415.8,0.0,415.8,2026-07-31T12:59:56.604Z
B0003570,P00241,2023-12-23T16:35:00.000Z,454.82,BRL,sports,0.00,true,454.82,0.0,454.82,2026-07-31T12:59:56.604Z
B0003571,P00241,2023-12-15T19:21:00.000Z,395.74,BRL,sports,0.00,true,395.74,0.0,395.74,2026-07-31T12:59:56.604Z
B0003572,P00241,2023-12-20T08:29:00.000Z,896.32,BRL,casino,2936.68,true,896.32,2936.68,-2040.36,2026-07-31T12:59:56.604Z
B0003573,P00241,2023-12-18T19:35:00.000Z,141.86,BRL,sports,178.65,true,141.86,178.65,-36.79,2026-07-31T12:59:56.604Z
B0003574,P00241,2023-12-17T03:27:00.000Z,94.54,BRL,sports,293.15,true,94.54,293.15,-198.61,2026-07-31T12:59:56.604Z
B0003575,P00241,2023-12-28T12:23:00.000Z,35.88,BRL,sports,0.00,true,35.88,0.0,35.88,2026-07-31T12:59:56.604Z
B0003576,P00241,2023-12-17T14:53:00.000Z,404.22,BRL,casino,1112.07,true,404.22,1112.07,-707.85,2026-07-31T12:59:56.604Z
B0003577,P00241,2023-12-28T09:42:00.000Z,802.96,BRL,casino,0.00,true,802.96,0.0,802.96,2026-07-31T12:59:56.604Z
B0003578,P00241,2023-12-19T12:58:00.000Z,939.46,BRL,casino,0.00,true,939.46,0.0,939.46,2026-07-31T12:59:56.604Z
B0003579,P00241,2023-12-18T18:16:00.000Z,94.12,BRL,sports,0.00,true,94.12,0.0,94.12,2026-07-31T12:59:56.604Z
B0003580,P00241,2023-12-22T15:15:00.000Z,606.14,BRL,sports,1142.49,true,606.14,1142.49,-536.35,2026-07-31T12:59:56.604Z
B0003581,P00241,2023-12-24T19:52:00.000Z,104.30,BRL,casino,0.00,true,104.3,0.0,104.3,2026-07-31T12:59:56.604Z
B0003582,P00241,2023-12-26T21:37:00.000Z,796.75,BRL,casino,1760.54,true,796.75,1760.54,-963.79,2026-07-31T12:59:56.604Z
B0003583,P00241,2023-12-17T12:50:00.000Z,402.11,BRL,sports,930.10,true,402.11,930.1,-527.99,2026-07-31T12:59:56.604Z
B0003584,P00241,2023-12-22T09:29:00.000Z,334.45,BRL,sports,0.00,true,334.45,0.0,334.45,2026-07-31T12:59:56.604Z
B0003585,P00241,2023-12-17T03:22:00.000Z,667.15,BRL,sports,0.00,true,667.15,0.0,667.15,2026-07-31T12:59:56.604Z
B0003586,P00241,2023-12-19T05:12:00.000Z,874.61,BRL,sports,2371.39,true,874.61,2371.39,-1496.78,2026-07-31T12:59:56.604Z
B0003587,P00241,2023-12-15T15:34:00.000Z,356.55,BRL,casino,0.00,true,356.55,0.0,356.55,2026-07-31T12:59:56.604Z
B0003588,P00241,2023-12-23T10:29:00.000Z,476.93,BRL,sports,1349.78,true,476.93,1349.78,-872.85,2026-07-31T12:59:56.604Z
B0003589,P00242,2023-10-03T15:01:00.000Z,60.06,EUR,sports,0.00,true,320.65,0.0,320.65,2026-07-31T12:59:56.604Z
B0003590,P00242,2023-10-13T14:12:00.000Z,43.23,EUR,casino,0.00,true,231.06,0.0,231.06,2026-07-31T12:59:56.604Z
B0003591,P00242,2023-11-15T12:14:00.000Z,50.76,EUR,casino,114.02,true,265.17,595.63,-330.46,2026-07-31T12:59:56.604Z
B0003592,P00243,2024-02-02T11:42:00.000Z,604.80,BRL,casino,0.00,true,604.8,0.0,604.8,2026-07-31T12:59:56.604Z
B0003593,P00243,2024-02-03T05:55:00.000Z,169.99,EUR,sports,0.00,true,891.36,0.0,891.36,2026-07-31T12:59:56.604Z
B0003594,P00243,2024-01-31T13:03:00.000Z,156.72,EUR,sports,0.00,true,828.92,0.0,828.92,2026-07-31T12:59:56.604Z
B0003595,P00243,2024-02-03T01:44:00.000Z,43.78,EUR,sports,0.00,true,229.56,0.0,229.56,2026-07-31T12:59:56.604Z
B0003596,P00243,2024-01-29T06:55:00.000Z,121.01,EUR,casino,336.99,true,636.55,1772.67,-1136.12,2026-07-31T12:59:56.604Z
B0003597,P00243,2024-01-31T08:56:00.000Z,140.15,EUR,sports,0.00,true,741.28,0.0,741.28,2026-07-31T12:59:56.604Z
B0003598,P00243,2024-01-31T18:07:00.000Z,6.59,EUR,casino,13.42,true,34.86,70.98,-36.12,2026-07-31T12:59:56.604Z
B0003599,P00243,2024-01-31T09:16:00.000Z,51.55,EUR,casino,71.05,true,272.66,375.8,-103.14,2026-07-31T12:59:56.604Z
B0003600,P00243,2024-02-01T02:52:00.000Z,58.85,EUR,sports,0.00,true,309.97,0.0,309.97,2026-07-31T12:59:56.604Z
B0003601,P00244,2023-09-27T21:04:00.000Z,769.43,BRL,sports,1818.19,true,769.43,1818.19,-1048.76,2026-07-31T12:59:56.604Z
B0003602,P00244,2023-09-19T13:57:00.000Z,55.35,USD,casino,0.00,true,281.87,0.0,281.87,2026-07-31T12:59:56.604Z
B0003603,P00244,2023-10-24T23:11:00.000Z,588.70,BRL,casino,0.00,true,588.7,0.0,588.7,2026-07-31T12:59:56.604Z
B0003604,P00244,2023-10-31T13:33:00.000Z,326.59,BRL,casino,0.00,true,326.59,0.0,326.59,2026-07-31T12:59:56.604Z
B0003605,P00244,2023-10-22T00:29:00.000Z,572.07,BRL,casino,1002.09,true,572.07,1002.09,-430.02,2026-07-31T12:59:56.604Z
B0003606,P00244,2023-09-20T18:14:00.000Z,981.66,BRL,casino,0.00,true,981.66,0.0,981.66,2026-07-31T12:59:56.604Z
B0003607,P00244,2023-11-05T03:21:00.000Z,181.54,BRL,casino,0.00,true,181.54,0.0,181.54,2026-07-31T12:59:56.604Z
B0003608,P00244,2023-11-15T16:05:00.000Z,327.66,BRL,sports,450.63,true,327.66,450.63,-122.97,2026-07-31T12:59:56.604Z
B0003609,P00244,2023-10-07T16:34:00.000Z,303.36,BRL,casino,0.00,true,303.36,0.0,303.36,2026-07-31T12:59:56.604Z
B0003610,P00244,2023-09-26T14:58:00.000Z,746.05,BRL,casino,0.00,true,746.05,0.0,746.05,2026-07-31T12:59:56.604Z
B0003611,P00244,2023-10-28T01:01:00.000Z,147.54,USD,casino,0.00,true,738.03,0.0,738.03,2026-07-31T12:59:56.604Z
B0003612,P00244,2023-11-20T01:51:00.000Z,246.13,BRL,sports,470.57,true,246.13,470.57,-224.44,2026-07-31T12:59:56.604Z
B0003613,P00244,2023-09-13T13:24:00.000Z,493.63,BRL,casino,0.00,true,493.63,0.0,493.63,2026-07-31T12:59:56.604Z
B0003614,P00244,2023-09-06T12:06:00.000Z,850.26,BRL,sports,1183.65,true,850.26,1183.65,-333.39,2026-07-31T12:59:56.604Z
B0003615,P00244,2023-09-26T01:02:00.000Z,143.10,BRL,sports,0.00,true,143.1,0.0,143.1,2026-07-31T12:59:56.604Z
B0003616,P00244,2023-10-07T02:59:00.000Z,191.31,BRL,casino,0.00,true,191.31,0.0,191.31,2026-07-31T12:59:56.604Z
B0003617,P00244,2023-11-09T11:56:00.000Z,640.68,BRL,sports,1023.23,true,640.68,1023.23,-382.55,2026-07-31T12:59:56.604Z
B0003618,P00244,2023-10-08T19:39:00.000Z,619.01,BRL,casino,1272.33,true,619.01,1272.33,-653.32,2026-07-31T12:59:56.604Z
B0003619,P00244,2023-10-23T09:56:00.000Z,815.34,BRL,casino,0.00,true,815.34,0.0,815.34,2026-07-31T12:59:56.604Z
B0003620,P00244,2023-09-25T04:16:00.000Z,649.09,BRL,casino,1194.33,true,649.09,1194.33,-545.24,2026-07-31T12:59:56.604Z
B0003621,P00244,2023-09-06T03:54:00.000Z,226.72,BRL,casino,0.00,true,226.72,0.0,226.72,2026-07-31T12:59:56.604Z
B0003622,P00246,2024-02-14T05:38:00.000Z,521.22,BRL,casino,0.00,true,521.22,0.0,521.22,2026-07-31T12:59:56.604Z
B0003623,P00246,2024-02-06T02:48:00.000Z,661.40,BRL,casino,0.00,true,661.4,0.0,661.4,2026-07-31T12:59:56.604Z
B0003624,P00246,2024-02-15T09:30:00.000Z,595.07,BRL,sports,1144.38,true,595.07,1144.38,-549.31,2026-07-31T12:59:56.604Z
B0003625,P00246,2024-02-01T00:37:00.000Z,20.79,BRL,sports,54.87,true,20.79,54.87,-34.08,2026-07-31T12:59:56.604Z
B0003626,P00246,2024-02-15T04:54:00.000Z,674.29,BRL,sports,816.04,true,674.29,816.04,-141.75,2026-07-31T12:59:56.604Z
B0003627,P00246,2024-02-13T16:55:00.000Z,344.30,BRL,sports,0.00,true,344.3,0.0,344.3,2026-07-31T12:59:56.604Z
B0003628,P00246,2024-02-10T07:45:00.000Z,553.78,BRL,sports,1470.43,true,553.78,1470.43,-916.65,2026-07-31T12:59:56.604Z
B0003629,P00246,2024-02-16T21:25:00.000Z,360.44,BRL,sports,0.00,true,360.44,0.0,360.44,2026-07-31T12:59:56.604Z
B0003630,P00246,2024-02-08T10:08:00.000Z,86.48,BRL,casino,115.10,true,86.48,115.1,-28.62,2026-07-31T12:59:56.604Z
B0003631,P00246,2024-01-18T04:06:00.000Z,382.79,BRL,sports,0.00,true,382.79,0.0,382.79,2026-07-31T12:59:56.604Z
B0003632,P00246,2024-01-16T23:38:00.000Z,348.51,BRL,sports,820.37,true,348.51,820.37,-471.86,2026-07-31T12:59:56.604Z
B0003633,P00246,2024-01-28T03:49:00.000Z,244.20,BRL,casino,448.29,true,244.2,448.29,-204.09,2026-07-31T12:59:56.604Z
B0003634,P00246,2024-02-14T08:43:00.000Z,823.84,BRL,casino,0.00,true,823.84,0.0,823.84,2026-07-31T12:59:56.604Z
B0003635,P00246,2024-01-28T03:51:00.000Z,227.39,BRL,casino,0.00,true,227.39,0.0,227.39,2026-07-31T12:59:56.604Z
B0003636,P00246,2024-01-17T22:47:00.000Z,174.61,BRL,casino,0.00,true,174.61,0.0,174.61,2026-07-31T12:59:56.604Z
B0003637,P00246,2024-02-03T01:31:00.000Z,594.61,BRL,casino,0.00,true,594.61,0.0,594.61,2026-07-31T12:59:56.604Z
B0003638,P00246,2024-01-18T14:11:00.000Z,852.66,BRL,casino,0.00,true,852.66,0.0,852.66,2026-07-31T12:59:56.604Z
B0003639,P00246,2024-02-13T02:39:00.000Z,848.27,BRL,casino,2729.69,true,848.27,2729.69,-1881.42,2026-07-31T12:59:56.604Z
B0003640,P00246,2024-02-08T12:03:00.000Z,874.06,BRL,sports,0.00,true,874.06,0.0,874.06,2026-07-31T12:59:56.604Z
B0003641,P00246,2024-01-11T00:35:00.000Z,666.45,BRL,casino,858.06,true,666.45,858.06,-191.61,2026-07-31T12:59:56.604Z
B0003642,P00246,2024-01-13T04:26:00.000Z,715.93,BRL,casino,0.00,true,715.93,0.0,715.93,2026-07-31T12:59:56.604Z
B0003643,P00246,2024-02-07T05:45:00.000Z,225.27,BRL,sports,0.00,true,225.27,0.0,225.27,2026-07-31T12:59:56.604Z
B0003644,P00246,2024-02-15T04:04:00.000Z,378.24,BRL,casino,593.97,true,378.24,593.97,-215.73,2026-07-31T12:59:56.604Z
B0003645,P00246,2024-01-16T06:01:00.000Z,749.10,BRL,casino,1001.52,true,749.1,1001.52,-252.42,2026-07-31T12:59:56.604Z
B0003646,P00247,2024-02-01T11:12:00.000Z,410.58,BRL,casino,1058.18,true,410.58,1058.18,-647.6,2026-07-31T12:59:56.604Z
B0003647,P00247,2024-01-30T23:57:00.000Z,652.45,BRL,sports,0.00,true,652.45,0.0,652.45,2026-07-31T12:59:56.604Z
B0003648,P00247,2024-02-01T00:05:00.000Z,45.86,BRL,casino,155.71,true,45.86,155.71,-109.85,2026-07-31T12:59:56.604Z
B0003649,P00247,2024-01-27T18:14:00.000Z,206.32,BRL,sports,0.00,true,206.32,0.0,206.32,2026-07-31T12:59:56.604Z
B0003650,P00247,2024-02-11T03:41:00.000Z,295.42,BRL,casino,796.23,true,295.42,796.23,-500.81,2026-07-31T12:59:56.604Z
B0003651,P00247,2024-01-27T21:05:00.000Z,678.60,BRL,sports,0.00,true,678.6,0.0,678.6,2026-07-31T12:59:56.604Z
B0003652,P00247,2024-02-10T15:04:00.000Z,542.59,BRL,sports,0.00,true,542.59,0.0,542.59,2026-07-31T12:59:56.604Z
B0003653,P00247,2024-02-13T16:26:00.000Z,418.43,BRL,casino,0.00,true,418.43,0.0,418.43,2026-07-31T12:59:56.604Z
B0003654,P00247,2024-02-09T06:29:00.000Z,457.64,BRL,casino,0.00,true,457.64,0.0,457.64,2026-07-31T12:59:56.604Z
B0003655,P00247,2024-02-04T00:16:00.000Z,302.30,BRL,sports,0.00,true,302.3,0.0,302.3,2026-07-31T12:59:56.604Z
B0003656,P00247,2024-02-05T16:06:00.000Z,697.33,BRL,sports,2074.20,true,697.33,2074.2,-1376.87,2026-07-31T12:59:56.604Z
B0003657,P00247,2024-01-30T19:34:00.000Z,208.30,BRL,sports,348.38,true,208.3,348.38,-140.08,2026-07-31T12:59:56.604Z
B0003658,P00247,2024-02-01T01:23:00.000Z,192.65,BRL,sports,0.00,true,192.65,0.0,192.65,2026-07-31T12:59:56.604Z
B0003659,P00247,2024-02-04T09:09:00.000Z,522.42,BRL,casino,1570.69,true,522.42,1570.69,-1048.27,2026-07-31T12:59:56.604Z
B0003660,P00247,2024-02-03T04:06:00.000Z,801.28,BRL,casino,1672.00,true,801.28,1672.0,-870.72,2026-07-31T12:59:56.604Z
B0003661,P00247,2024-01-29T09:10:00.000Z,300.47,BRL,sports,0.00,true,300.47,0.0,300.47,2026-07-31T12:59:56.604Z
B0003662,P00247,2024-02-08T14:29:00.000Z,564.67,BRL,casino,1961.73,true,564.67,1961.73,-1397.06,2026-07-31T12:59:56.604Z
B0003663,P00247,2024-02-02T09:10:00.000Z,50.05,EUR,casino,97.72,true,262.44,512.4,-249.96,2026-07-31T12:59:56.604Z
B0003664,P00248,2024-02-28T06:39:00.000Z,741.82,BRL,sports,0.00,true,741.82,0.0,741.82,2026-07-31T12:59:56.604Z
B0003665,P00248,2024-02-26T03:49:00.000Z,116.10,BRL,sports,187.58,true,116.1,187.58,-71.48,2026-07-31T12:59:56.604Z
B0003666,P00248,2024-02-27T22:53:00.000Z,828.11,BRL,casino,0.00,true,828.11,0.0,828.11,2026-07-31T12:59:56.604Z
B0003667,P00249,2023-12-06T17:44:00.000Z,59.08,EUR,casino,0.00,true,310.0,0.0,310.0,2026-07-31T12:59:56.604Z
B0003668,P00249,2023-12-04T23:27:00.000Z,69.48,EUR,casino,0.00,true,365.94,0.0,365.94,2026-07-31T12:59:56.604Z
B0003669,P00249,2023-12-04T02:55:00.000Z,2.03,EUR,sports,6.96,true,10.69,36.66,-25.97,2026-07-31T12:59:56.604Z
B0003670,P00249,2023-12-10T00:04:00.000Z,94.67,EUR,casino,221.11,true,496.71,1160.12,-663.41,2026-07-31T12:59:56.604Z
B0003671,P00249,2023-12-09T04:28:00.000Z,61.32,EUR,sports,199.57,true,321.73,1047.1,-725.37,2026-07-31T12:59:56.604Z
B0003672,P00249,2023-12-01T06:02:00.000Z,25.93,EUR,sports,0.00,true,137.05,0.0,137.05,2026-07-31T12:59:56.604Z
B0003673,P00249,2023-12-10T14:29:00.000Z,10.97,EUR,casino,0.00,true,57.56,0.0,57.56,2026-07-31T12:59:56.604Z
B0003674,P00249,2023-11-25T00:15:00.000Z,87.18,EUR,sports,275.18,true,456.07,1439.58,-983.51,2026-07-31T12:59:56.604Z
B0003675,P00249,2023-12-07T12:08:00.000Z,52.86,EUR,sports,0.00,true,277.18,0.0,277.18,2026-07-31T12:59:56.604Z
B0003676,P00249,2023-12-06T06:41:00.000Z,61.91,EUR,sports,99.56,true,324.85,522.41,-197.56,2026-07-31T12:59:56.604Z
B0003677,P00249,2023-12-10T12:25:00.000Z,117.00,EUR,casino,174.17,true,613.88,913.84,-299.96,2026-07-31T12:59:56.604Z
B0003678,P00249,2023-12-10T21:25:00.000Z,16.71,EUR,sports,22.06,true,87.67,115.74,-28.07,2026-07-31T12:59:56.604Z
B0003679,P00250,2023-09-20T15:05:00.000Z,20.11,EUR,casino,62.79,true,107.45,335.49,-228.04,2026-07-31T12:59:56.604Z
B0003680,P00250,2023-09-21T03:59:00.000Z,102.31,EUR,sports,132.93,true,546.03,709.45,-163.42,2026-07-31T12:59:56.604Z
B0003681,P00250,2023-09-21T05:44:00.000Z,112.23,EUR,casino,362.50,true,598.97,1934.66,-1335.69,2026-07-31T12:59:56.604Z
B0003682,P00250,2023-09-18T23:11:00.000Z,13.48,EUR,sports,26.54,true,71.91,141.57,-69.66,2026-07-31T12:59:56.604Z
B0003683,P00250,2023-09-20T06:38:00.000Z,163.01,EUR,casino,0.00,true,870.96,0.0,870.96,2026-07-31T12:59:56.604Z
B0003684,P00250,2023-09-18T21:28:00.000Z,15.19,EUR,casino,43.00,true,81.03,229.37,-148.34,2026-07-31T12:59:56.604Z
B0003685,P00250,2023-09-21T12:52:00.000Z,97.30,EUR,casino,0.00,true,519.29,0.0,519.29,2026-07-31T12:59:56.604Z
B0003686,P00250,2023-09-19T13:16:00.000Z,186.01,USD,sports,292.53,true,947.26,1489.72,-542.46,2026-07-31T12:59:56.604Z
B0003687,P00250,2023-09-21T18:46:00.000Z,145.56,EUR,sports,429.75,true,776.85,2293.58,-1516.73,2026-07-31T12:59:56.604Z
B0003688,P00250,2023-09-21T01:18:00.000Z,41.90,EUR,casino,0.00,true,223.62,0.0,223.62,2026-07-31T12:59:56.604Z
B0003689,P00250,2023-09-18T12:32:00.000Z,41.56,USD,casino,107.79,true,211.02,547.29,-336.27,2026-07-31T12:59:56.604Z
B0003690,P00250,2023-09-19T14:14:00.000Z,119.70,EUR,casino,287.95,true,638.96,1537.08,-898.12,2026-07-31T12:59:56.604Z
B0003691,P00250,2023-09-18T06:30:00.000Z,27.08,EUR,sports,58.23,true,144.45,310.62,-166.17,2026-07-31T12:59:56.604Z
B0003692,P00250,2023-09-20T04:49:00.000Z,66.03,EUR,casino,0.00,true,352.8,0.0,352.8,2026-07-31T12:59:56.604Z
B0003693,P00250,2023-09-18T16:13:00.000Z,176.09,USD,sports,0.00,true,894.08,0.0,894.08,2026-07-31T12:59:56.604Z
B0003694,P00250,2023-09-21T02:28:00.000Z,38.93,EUR,casino,115.39,true,207.77,615.84,-408.07,2026-07-31T12:59:56.604Z
B0003695,P00250,2023-09-21T18:53:00.000Z,139.12,EUR,casino,398.81,true,742.48,2128.45,-1385.97,2026-07-31T12:59:56.604Z
B0003696,P00250,2023-09-18T19:34:00.000Z,121.15,EUR,sports,414.37,true,646.25,2210.37,-1564.12,2026-07-31T12:59:56.604Z
B0003697,P00250,2023-09-21T05:42:00.000Z,118.03,EUR,casino,0.00,true,629.93,0.0,629.93,2026-07-31T12:59:56.604Z
B0003698,P00250,2023-09-19T14:04:00.000Z,98.82,EUR,sports,266.19,true,527.5,1420.92,-893.42,2026-07-31T12:59:56.604Z
B0003699,P00250,2023-09-18T09:50:00.000Z,29.46,EUR,sports,0.00,true,157.15,0.0,157.15,2026-07-31T12:59:56.604Z
B0003700,P00250,2023-09-19T16:39:00.000Z,74.76,EUR,casino,157.16,true,399.07,838.92,-439.85,2026-07-31T12:59:56.604Z
B0003701,P00250,2023-09-21T19:37:00.000Z,13.81,EUR,casino,29.73,true,73.7,158.67,-84.97,2026-07-31T12:59:56.604Z
B0003702,P00250,2023-09-20T00:11:00.000Z,977.29,BRL,casino,0.00,true,977.29,0.0,977.29,2026-07-31T12:59:56.604Z
